{"benchmarks": [[0.6071851699962281, 0.6148066890309565, 0.5535421120002866, 0.5589939650380984, 0.5550736239529215, 0.568699242954608, 0.5583908100379631, 0.5490461409790441, 0.5642413340392523, 0.565031482023187], [0.5788562489906326, 0.5736502740182914, 0.552752633986529, 0.5622983839712106, 0.5638129410217516, 0.5581773380399682, 0.5615761959925294, 0.6062451259931549, 0.5537777949939482, 0.567212357011158], [0.5960339640150778, 0.5697751240222715, 0.5796416469966061, 0.5638535569887608, 0.5621226640068926, 0.5468906220048666, 0.5911767900106497, 0.5648355550365523, 0.5361704010283574, 0.5829112739884295], [0.5529128499911167, 0.5683280649827793, 0.5661030969931744, 0.5634472639649175, 0.6422402399475686, 0.5691868790308945, 0.5891219589975663, 0.5525793380220421, 0.553300492989365, 0.41180222999537364], [0.5744619210017845, 0.5374809079803526, 0.5454112179577351, 0.5661346190026961, 0.5655903950100765, 0.6711060269735754, 0.5549160509835929, 0.5508093800162897, 0.5634004389867187, 0.5596552779898047], [0.59953048202442, 0.5670889519969933, 0.5611326459911652, 0.5711261840187944, 0.5493867309996858, 0.5648181010037661, 0.563702868996188, 0.6117458289954811, 0.5714681319659576, 0.6399026439758018], [0.5535285980440676, 0.5634552099509165, 0.5653608100255951, 0.5434960289858282, 0.5577343209879473, 0.5608161989948712, 0.5629787580110133, 0.5942459679790772, 0.5683622230426408, 0.5767834599828348]], "medians": [561.6176495386753, 563.0556624964811, 567.3053395294119, 564.775180479046, 561.5278584882617, 569.1075680078939, 563.2169839809649], "lengs": [10.0, 31.622776601683793, 100.0, 316.22776601683796, 1000.0, 3162.2776601683795, 10000.0]}