{"benchmarks": [[0.37844196998048574, 0.3327852059737779, 0.36362921399995685, 0.34029953298158944, 0.3168498049490154, 0.35542528895894065, 0.3748255390091799, 0.3871707190410234, 0.35877339099533856, 0.3883996130316518], [0.3362962389946915, 0.3636063240119256, 0.34844491200055927, 0.35118474601767957, 0.34438433195464313, 0.3192066049668938, 0.370589854021091, 0.3220725510036573, 0.2928559940191917, 0.41194429202005267], [0.34146544901886955, 0.38227952999295667, 0.36498729896266013, 0.33108517399523407, 0.37592738500097767, 0.39230772404698655, 0.36207663896493614, 0.4127679860102944, 0.3071889820275828, 0.3662156970240176], [0.39667238300899044, 0.3837236789986491, 0.3672619400313124, 0.3982275820453651, 0.36354786303127185, 0.3026393210166134, 0.3981041729566641, 0.3733253150130622, 0.3639824439887889, 0.3769119889475405], [0.3228980590356514, 0.36504273902392015, 0.36653461103560403, 0.3606337929959409, 0.35468805202981457, 0.30927651398815215, 0.3688923380104825, 0.3896584690082818, 0.2936926730326377, 0.3252393139991909], [0.2923919130116701, 0.3245796429691836, 0.3581175860017538, 0.29806140100117773, 0.37883284798590466, 0.33633632597047836, 0.2959828649763949, 0.3756651830044575, 0.3365264520398341, 0.4022197130252607], [0.3252637070254423, 0.38392702100099996, 0.3184086900437251, 0.28450827300548553, 0.4197367529850453, 0.41150306700728834, 0.3856791739817709, 0.3383224429562688, 0.3631703639985062, 0.3341395090101287], [0.3324227799894288, 0.30279815301764756, 0.4199390269932337, 0.37997138901846483, 0.3358027630019933, 0.33667277498170733, 0.40875305800000206, 0.3415724459919147, 0.2878728980431333, 0.3261574500356801], [0.3803344050538726, 0.34481327096000314, 0.3797173849889077, 0.3001893620239571, 0.34579760197084397, 0.34143892099382356, 0.27749121497618034, 0.3805250789737329, 0.3271093780058436, 0.31134577497141436]], "medians": [361.2013024976477, 346.4146219776012, 365.60149799333885, 375.11865198030137, 357.66092251287773, 336.43138900515623, 350.7464034773875, 336.2377689918503, 343.12609597691335], "lengs": [10.0, 31.622776601683793, 100.0, 316.22776601683796, 1000.0, 3162.2776601683795, 10000.0, 31622.776601683792, 100000.0]}