{"benchmarks": [[0.596670503000496, 0.4989123279810883, 0.5503599189978559, 0.5293387760175392, 0.5276569779962301, 0.5905868569971062, 0.563746726984391, 0.49060314902453683, 0.5640592029958498, 0.5264905900112353], [0.5267332659859676, 0.5558219609956723, 0.5265208609926049, 0.4948176220059395, 0.5433057220070623, 0.5288010719814338, 0.49297692501568235, 0.5909104270103853, 0.5360033969918732, 0.5594730020093266], [0.5192152359813917, 0.5359894730208907, 0.5410110999946482, 0.5474395980127156, 0.5350356719864067, 0.5299004770058673, 0.5173315760039259, 0.5750491360086016, 0.5224126930115744, 0.5660737160069402], [0.5532039550016634, 0.48984337897854857, 0.5163673539937008, 0.5329777589940932, 0.5303434249944985, 0.564283455023542, 0.5235867449955549, 0.5354379659984261, 0.5331516040023416, 0.6178890859882813], [0.5369219520071056, 0.5284613120020367, 0.5276438450091518, 0.524672733998159, 0.5289061710063834, 0.5218922949861735, 0.529033597005764, 0.5210032019822393, 0.5462358450167812, 0.5166230339964386], [0.5231758959998842, 0.549800916982349, 0.5196565020014532, 0.5223804109846242, 0.5358967699867208, 0.5191077119961847, 0.5005336640169844, 0.5290699049946852, 0.5861502290063072, 0.552725873014424], [0.5270235450007021, 0.5858188699930906, 0.5371372970112134, 0.5288345319859218, 0.6074282870104071, 0.5546161959937308, 0.4435054450004827, 0.5458640839788131, 0.556227024004329, 0.5918126599863172]], "medians": [539.8493475076975, 532.4022344866535, 535.5125725036487, 533.0646814982174, 528.0525785055943, 526.1229004972847, 550.240139986272], "lengs": [10.0, 31.622776601683793, 100.0, 316.22776601683796, 1000.0, 3162.2776601683795, 10000.0]}