{"benchmarks": [[6.825041486008558, 8.130265442014206, 7.96037597200484, 7.8369548929913435, 8.02627026999835, 8.26673875801498, 8.077907904982567, 8.135518586990656, 8.33950314600952, 7.648757194983773], [7.689597458025673, 8.81138372499845, 8.55800184700638, 7.735268480988452, 8.41710060898913, 6.919619765976677, 6.99122999800602, 6.792992878996301, 6.141594461980276, 6.413348528003553], [6.376017777976813, 6.3865372680011205, 7.296270258986624, 6.300657638988923, 7.081105938996188, 7.260339704022044, 7.641398504987592, 7.24876040298841, 7.657536907005124, 6.632446398987668], [7.40211772400653, 7.755580736004049, 7.722785365011077, 7.817232615983812, 7.740353038010653, 7.241821086005075, 7.696712733013555, 7.117397648020415, 7.459313361992827, 6.998604811000405], [6.975453894992825, 7.699915372009855, 7.562972015992273, 7.9872449440008495, 8.082010851998348, 7.3971109869889915, 8.52421552001033, 7.2847970639995765, 7.920886887004599, 8.457311286998447], [8.182987292995676, 7.930250845995033, 7.438532847998431, 8.595487263984978, 7.885982479987433, 8.578355577017646, 8.21383125099237, 7.840070487000048, 7.792229903017869, 8.086138485989068], [8.177483916981146, 8.255360417009797, 7.392741308984114, 7.762375771999359, 8.30494525100221, 8.08009081700584, 7.836723023006925, 8.495522980985697, 8.085073641996132, 7.947855378995882]], "medians": [8052.089087490458, 7340.413728015847, 7164.933170992299, 7578.013047503191, 7810.401129507227, 8008.19466599205, 8082.582229500986], "lengs": [10.0, 21.544346900318832, 46.41588833612777, 100.0, 215.44346900318823, 464.15888336127773, 1000.0]}