{"benchmarks": [[7.246998998976778, 7.027681539009791, 7.713917464017868, 7.925307127996348, 7.933210349990986, 7.334447660017759, 6.487596812017728, 7.3880917290225625, 7.872240933997091, 7.364250683982391], [7.700578581017908, 7.457257607020438, 7.282017103978433, 7.711596852983348, 7.676152642001398, 7.700662928051315, 7.103166925953701, 7.843141453980934, 6.705543356016278, 7.04100520798238], [7.466131374996621, 7.848673141968902, 7.462340444966685, 7.370023912983015, 7.771352468000259, 7.620797579991631, 7.622266958002001, 7.465969061013311, 7.488428498967551, 7.240403275005519], [7.341396995005198, 7.661048404988833, 7.209522992023267, 7.300881956994999, 8.358652069000527, 7.080744945968036, 7.886882382968906, 8.090658972971141, 7.5541363669908606, 7.77561330399476], [7.050324484007433, 7.296663384011481, 7.186691569979303, 6.953730100998655, 7.1091490300023, 7.103835796006024, 6.605341187969316, 7.199278599000536, 7.315028443001211, 7.585059254022781], [7.3723367269849405, 8.540693336981349, 6.179591242980678, 6.1019031389732845, 6.716127506981138, 7.521881636988837, 7.31945293903118, 7.222182028985117, 8.21307826100383, 7.44753485097317], [7.087755771004595, 7.461482807004359, 7.49772014003247, 7.2378753629745916, 8.128016581991687, 7.4897654299857095, 6.990774018981028, 7.385210345964879, 7.361280707991682, 6.330976381024811]], "medians": [7376.171206502477, 7566.705124510918, 7477.279936982086, 7607.592385989847, 7147.920299990801, 7345.89483300806, 7373.24552697828], "lengs": [10.0, 21.544346900318832, 46.41588833612777, 100.0, 215.44346900318823, 464.15888336127773, 1000.0]}