{"benchmarks": [[0.5827886320184916, 0.6780130229890347, 0.5345881569664925, 0.5508598299929872, 0.5104916779673658, 0.5314965990255587, 0.574890909017995, 0.6002085329964757, 0.560470067022834, 0.5286996299983002], [0.5767054739990272, 0.5340135560254566, 0.558371040970087, 0.5303630859707482, 0.5751893830019981, 0.568224837013986, 0.5372813849826343, 0.5730114009929821, 0.520824822015129, 0.5088663579663262], [0.5831128639983945, 0.5190016939886846, 0.5010568890138529, 0.5091369039728306, 0.5065622669644654, 0.5223567970097065, 0.524994648003485, 0.5199394620140083, 0.5166716849780641, 0.519708867999725], [0.5134364079567604, 0.5154899829649366, 0.530157515022438, 0.5115564879961312, 0.5289858930045739, 0.524225041968748, 0.5241074000368826, 0.5174236239981838, 0.5161683739861473, 0.5238318360061385], [0.5220177450100891, 0.5208183320355602, 0.5652932269731537, 0.5199965059873648, 0.526694213040173, 0.5329059979994781, 0.5297147430246696, 0.5276080160401762, 0.5251055430271663, 0.5109507080051117], [0.5900801540119573, 0.5285207470296882, 0.5251397339743562, 0.5514977590064518, 0.5268503690022044, 0.5007571870228276, 0.5200662760180421, 0.6209909629542381, 0.5173708259826526, 0.5244840099476278], [0.5239714859635569, 0.5196531870169565, 0.5085226389928721, 0.530969700019341, 0.5181072580162436, 0.5496185190277174, 0.5177076580002904, 0.514289568993263, 0.515536257007625, 0.5185636549722403]], "medians": [555.6649485079106, 547.8262129763607, 519.3552809942048, 520.6277300021611, 525.8998780336697, 525.9950514882803, 518.335456494242], "lengs": [10.0, 31.622776601683793, 100.0, 316.22776601683796, 1000.0, 3162.2776601683795, 10000.0]}