{"benchmarks": [[20.536672171961982, 20.949423915997613, 19.15207096602535, 20.42415798699949, 20.31466743099736, 19.389742781000677, 18.86426033702446, 20.676351477042772, 20.040647785994224, 20.291796961973887], [21.589275058999192, 21.719288675987627, 20.75849584705429, 20.553107305022422, 22.872206073021516, 20.947152589040343, 21.705257213965524, 21.029560652037617, 21.489620991051197, 20.487808742036577], [22.711710297036916, 22.578899763990194, 22.420549795031548, 23.207252227002755, 23.584742553008255, 24.004527068987954, 23.7008654360543, 24.459257326030638, 25.50010060099885, 23.161071717971936], [28.395532260998152, 28.084132342017256, 28.616876463987865, 28.47205008205492, 28.756999908015132, 28.107777939003427, 28.006312656973023, 28.290179762989283, 28.41954142495524, 28.21096773300087], [31.05917679797858, 30.88403064600425, 30.924229605996516, 31.324456852977164, 31.251670918019954, 32.023423153033946, 30.88058328803163, 30.722292735998053, 31.138934857037384, 31.119924594007898], [36.56507698702626, 35.47391439101193, 35.40297094301786, 35.412272198009305, 35.8984176919912, 36.66064949100837, 35.65846181701636, 35.33791455300525, 35.7000482819858, 35.139375898987055], [42.70867077901494, 42.66768261301331, 42.65284097800031, 44.187392746971454, 43.04351377498824, 43.71974290400976, 42.949070231989026, 43.78204811399337, 42.896755575959105, 43.68970181600889]], "medians": [20303.232196485624, 21259.590821544407, 23395.997390005505, 28342.856011993717, 31089.55069599324, 35566.188104014145, 42996.292003488634], "lengs": [10.0, 21.544346900318832, 46.41588833612777, 100.0, 215.44346900318823, 464.15888336127773, 1000.0]}