{"benchmarks": [[0.30472373904194683, 0.30698089697398245, 0.2918513640179299, 0.2950537169817835, 0.303388541971799, 0.3011043450096622, 0.2990869890199974, 0.3029732719878666, 0.3057390020112507, 0.4667632590280846], [0.3437042529694736, 0.3364838649868034, 0.2950392180355266, 0.32426788401789963, 0.32393212598981336, 0.29648782999720424, 0.2989230169914663, 0.35992091899970546, 0.29879741894546896, 0.323649690952152], [0.29173039499437436, 0.2989849100122228, 0.2977361480006948, 0.336400075990241, 0.31665084697306156, 0.3651906569721177, 0.3023704529623501, 0.36777293001068756, 0.35849353502271697, 0.3016859170165844], [0.314873940020334, 0.3204927390324883, 0.3564058570191264, 0.33976376900682226, 0.5453396060038358, 0.30883461103076115, 0.3170007740263827, 0.29431092500453815, 0.3505662400275469, 0.31593895598780364], [0.2976196539821103, 0.3137703029788099, 0.30551997502334416, 0.30917507398407906, 0.33341619797283784, 0.31641460198443383, 0.3173443810082972, 0.32687814999371767, 0.32340680400375277, 0.2977282379870303], [0.3075760480132885, 0.32078751298831776, 0.3284025969915092, 0.2986593479872681, 0.33207670698175207, 0.3081904720165767, 0.32757121801842004, 0.30805881100241095, 0.3081996589899063, 0.33171779598342255], [0.2912567919702269, 0.3158017450477928, 0.3016462330124341, 0.3240157489781268, 0.2888198759756051, 0.3135698050027713, 0.3524674270302057, 0.3037485270178877, 0.30018011800711975, 0.38193940301425755], [0.34263792203273624, 0.3037560179946013, 0.3280735530424863, 0.30852043197955936, 0.30465693096630275, 0.32413331797579303, 0.305181392992381, 0.30608215101528913, 0.3080028590047732, 0.3044521540286951], [0.33219475601799786, 0.29346154298400506, 0.3598558949888684, 0.3063500840216875, 0.30117901298217475, 0.31137197400676087, 0.34005061798961833, 0.35704530403018, 0.40205516101559624, 0.3227183650014922]], "medians": [303.1809069798328, 323.7909084709827, 309.51064996770583, 318.7467565294355, 315.0924524816219, 314.49358598911203, 308.6591660103295, 307.04250501003116, 327.45656050974503], "lengs": [10.0, 31.622776601683793, 100.0, 316.22776601683796, 1000.0, 3162.2776601683795, 10000.0, 31622.776601683792, 100000.0]}