{"benchmarks": [[0.2908926310046809, 0.324373725001351, 0.2880542179918848, 0.27572979500109795, 0.3104922299971804, 0.32816949699190445, 0.30891710899595637, 0.3358098150056321, 0.309877139996388, 0.2802099490072578], [0.3042128499946557, 0.36305918599828146, 0.3128009499923792, 0.2954630839958554, 0.34774697800457943, 0.3481832029938232, 0.3573274840018712, 0.30007435199513566, 0.341728036000859, 0.3121717419999186], [0.331121928000357, 0.36644792500010226, 0.3601295870030299, 0.3511780529952375, 0.3633541200106265, 0.34367528300208505, 0.3486125720082782, 0.34353686300164554, 0.3657382060046075, 0.3735401090088999], [0.45371255099598784, 0.3903978680027649, 0.42394012000295334, 0.4893518269964261, 0.4514976509963162, 0.46205452299909666, 0.40282965698861517, 0.4537362020055298, 0.46159601799445227, 0.43345282100199256], [0.7688784140045755, 0.7795172220066888, 0.7896581099921605, 0.7994476790045155, 0.8191421649971744, 0.7814246219932102, 0.7633836580062052, 0.7420090840023477, 0.8210590800008504, 0.7551619479927467], [1.695774692008854, 1.6997820620017592, 1.728368349999073, 1.708165824005846, 1.7244883599923924, 1.7104585699999006, 1.65642688999651, 1.733788346988149, 1.8626013989996864, 1.6556083119940013], [4.52497449600196, 16.129025392991025, 4.368089404000784, 3.962800055000116, 3.818908385001123, 3.6588361129979603, 4.216838681997615, 4.301669223001227, 4.269074847004958, 4.299794591002865], [10.946030773004168, 10.48443226100062, 10.86040658300044, 10.98862725700019, 10.349992799005122, 11.706694056003471, 11.069313747007982, 10.117420714988839, 11.23633710599097, 10.552389967997442], [33.749531640001805, 34.323057165995124, 32.4031954940001, 33.75499179698818, 32.49519061500905, 31.263466991003952, 50.61426654699608, 32.08292989099573, 31.99169390500174, 32.07545494099031]], "medians": [309.3971244961722, 327.2644929966191, 355.6538199991337, 452.60510099615203, 780.4709219999495, 1709.3121970028733, 4284.434719003912, 10903.218678002304, 32449.193054504576], "lengs": [10.0, 31.622776601683793, 100.0, 316.22776601683796, 1000.0, 3162.2776601683795, 10000.0, 31622.776601683792, 100000.0]}