{"benchmarks": [[12.201317815997754, 12.736931541003287, 12.291798620994086, 12.899392920997343, 12.889359035994858, 13.117504152993206, 12.971257989993319, 12.968756768997991, 13.72334878599213, 13.164865435988759], [19.772401259004255, 20.30420633200265, 20.987586950999685, 22.897529740992468, 23.415844039001968, 23.723430328987888, 20.741777443006868, 20.59158714899968, 20.19188580599439, 20.950174632991548], [34.58890753299056, 35.32063770700188, 35.78564742200251, 36.58070556499297, 36.23814316399512, 33.98330505299964, 36.932946108005126, 35.150114412012044, 30.811227360987687, 31.721841503996984], [53.48508304200368, 52.58224018801411, 53.26618551000138, 56.33425323800475, 54.8891836089897, 58.16596092800319, 56.443002041007276, 57.39192700300191, 56.53973578300793, 57.24428586800059], [111.29686026999843, 116.44970705200103, 110.01181941799587, 117.57858635099547, 116.0692452529911, 115.206923352991, 105.92839273999562, 111.36189940699842, 106.68302458300604, 116.47292421400198], [239.49442577498849, 213.89839967800071, 198.49433954399137, 199.86351972899865, 220.06953286699718, 198.8676648029941, 200.6154289739934, 199.85513613298826, 199.16060909299995, 198.51084908499615], [413.6764455530065, 418.0763716700021, 415.74110528299934, 415.4030015390017, 414.39743570600695, 419.7221502199973, 419.1673279520037, 417.1104887160036, 420.6310687530058, 419.29689184000017]], "medians": [12934.074844997667, 20845.976037999208, 35235.37605950696, 56388.62763950601, 113284.41137999471, 199859.32793099346, 417593.43019300286], "lengs": [10.0, 21.544346900318832, 46.41588833612777, 100.0, 215.44346900318823, 464.15888336127773, 1000.0]}