{"benchmarks": [[80.34259860898601, 78.6697401520214, 80.69239360099891, 79.87752227997407, 79.70541205600603, 77.91811634798069, 81.39812032599002, 83.20328698999947, 77.87379638600396, 78.14461896603461], [79.27358274901053, 79.762462922954, 78.26346008002292, 79.33575097401626, 79.40739602898248, 81.34118083398789, 79.11973977595335, 79.17905684001744, 80.52352825499838, 79.28670215699822], [82.5788310879725, 83.18013869901188, 83.8576128060231, 83.19847492600093, 83.34759413701249, 80.71160087699536, 81.89001613797154, 82.44204133597668, 81.84630294202361, 81.32094980101101], [92.30240243999287, 91.44903003104264, 89.13737647398375, 91.21831927902531, 92.79037090600468, 92.84230664902134, 93.6601572019863, 92.47592016495764, 91.87586723803543, 92.11324916995363], [134.78770957700908, 134.85560005699517, 134.8719026169856, 133.6536551300087, 137.04010912700323, 142.11048360000132, 137.54240707104327, 136.01844654901652, 134.86942785599967, 135.25119159097085], [140.32071273896145, 139.01978688698728, 138.4642557000043, 139.97211163595784, 135.6635665820213, 139.03364278998924, 135.6808984700474, 135.25692171399714, 137.58926522399997, 137.0152913419879], [166.11131858400768, 168.15524036699207, 168.52405463601463, 167.89806702698115, 168.32308877201285, 168.48636250401614, 169.01070953102317, 166.86584133602446, 169.1453866949887, 174.3531077299849]], "medians": [79791.46716799005, 79311.22656550724, 82510.4362119746, 92207.82580497325, 135061.54710397823, 138026.76046200213, 168404.7256380145], "lengs": [10.0, 21.544346900318832, 46.41588833612777, 100.0, 215.44346900318823, 464.15888336127773, 1000.0]}