{"benchmarks": [[32443.95577555301, 31847.43556491303, 29849.096877445932], [231897.464431645, 239383.23293820594, 230590.78843746905]], "medians": [31847435.56491303, 231897464.431645], "lengs": [10000.0, 100000.0]}