{"benchmarks": [[96.65034762999858, 95.59076693700626, 96.8448061250092, 95.28680024200003, 94.86560828998336, 93.71143552099238, 94.61966848600423, 95.2097491909808, 95.46302810599445, 95.43427564299782], [103.45097854200867, 105.64675346299191, 105.22853612300241, 104.77598161599599, 109.57091343801585, 103.65076042301371, 101.36143521501799, 105.96239439200144, 102.11327596200863, 104.89783411601093], [125.30234819999896, 123.19203312197351, 124.37889207998523, 126.35416563498438, 123.8032089509943, 125.47137582398136, 124.55344788101502, 124.92626891098917, 123.53751033899607, 129.65704387400183], [162.1912295340153, 160.20975389299565, 158.53129354398698, 162.90131675099838, 158.4255496969854, 159.9817651739868, 158.78403878299287, 160.24335648701526, 160.79553275500075, 163.89245622701128], [218.9305586630071, 216.91918962800992, 217.45578235198627, 217.42276817199308, 212.970671528019, 219.45579564699437, 217.91361386099015, 216.90973677899456, 216.46741407900117, 216.0783798279881], [318.5255768650095, 313.1744288619957, 308.02989173698006, 306.5777485649742, 309.8435368659848, 309.8574558389955, 312.16694206299144, 309.7437025270192, 309.6151933600195, 306.5393699060078], [470.57468342300854, 466.98428115801653, 464.4127219110087, 459.1341532000224, 463.30154846800724, 467.957954100013, 462.8582207709842, 467.07350305400905, 470.6110526959819, 465.56445479099057]], "medians": [95360.53794249892, 104836.90786600346, 124739.85839600209, 160226.55519000546, 217170.9789000015, 309793.619696502, 466274.36797450355], "lengs": [10.0, 21.544346900318832, 46.41588833612777, 100.0, 215.44346900318823, 464.15888336127773, 1000.0]}