{"benchmarks": [[0.3451993240159936, 0.3897812810027972, 0.3535321209928952, 0.391668523021508, 0.4031376729835756, 0.38373489200603217, 0.3585895730066113, 0.2791096410364844, 0.3281503649777733, 0.2841644500149414], [0.32806891296058893, 0.25433614099165425, 0.31261523498687893, 0.3623414559988305, 0.2889147829846479, 0.35718716599512845, 0.29566542099928483, 0.3405975299538113, 0.3319728079950437, 0.3774517580168322], [0.30957778700394556, 0.34390840999549255, 0.3108251369558275, 0.35805878503015265, 0.29386377602349967, 0.3376550509710796, 0.3026322370278649, 0.34664926503319293, 0.2661885239649564, 0.2567991560208611], [0.34963880601571873, 0.33170954597881064, 0.3336368720047176, 0.27847697702236474, 0.29384399100672454, 0.2783639869885519, 0.2588925359887071, 0.26786571397678927, 0.33504296198952943, 0.28193132497835904], [0.27391482098028064, 0.28141445899382234, 0.2914179270155728, 0.28479879803489894, 0.2817740630125627, 0.2893844919744879, 0.3423679510015063, 0.32517025602282956, 0.2792391479597427, 0.329105006007012], [0.2859007990336977, 0.2797694259788841, 0.28045970801031217, 0.26954954699613154, 0.3044330700067803, 0.2797890660003759, 0.2709706300520338, 0.2800005229655653, 0.27160558401374146, 0.29100658698007464], [0.2722298000007868, 0.2867160019814037, 0.28226097294827923, 0.28264077397761866, 0.2742389839841053, 0.28412677900632843, 0.2837825170136057, 0.27598919096635655, 0.2811859620269388, 0.27323999395594], [0.2849114369601011, 0.2685205130255781, 0.28140501404413953, 0.27591440704418346, 0.27675538399489596, 0.28222047101007774, 0.28399561101105064, 0.2786022479995154, 0.283242836012505, 0.2838546970160678], [0.2835823750356212, 0.28227552003227174, 0.26920353597961366, 0.2779667869908735, 0.27213599596871063, 0.2774925669655204, 0.2716090919566341, 0.32320808398071676, 0.2787650979589671, 0.2676007759873755]], "medians": [356.06084699975327, 330.0208604778163, 310.2014619798865, 287.8876579925418, 287.0916450046934, 279.8947944829706, 281.723467487609, 281.81274252710864, 277.72967697819695], "lengs": [10.0, 31.622776601683793, 100.0, 316.22776601683796, 1000.0, 3162.2776601683795, 10000.0, 31622.776601683792, 100000.0]}