{"benchmarks": [[30.94795824002358, 28.88638106599683, 37.18260755602387, 35.17983807402197, 27.337695597001584, 29.23513636601274, 26.709577693021856, 27.651192181016086, 26.448189792979974, 27.394291258999147], [27.13328845598153, 29.864852492988575, 31.78532611299306, 29.178709946019808, 31.765112649009097, 31.43498442400596, 32.08586134298821, 30.256590228993446, 32.09117924599559, 29.56379469600506], [30.301798943983158, 31.181323056982365, 31.083262255997397, 32.40848485799506, 32.03519946499728, 30.40006552101113, 30.497412800992606, 31.17361647100188, 32.769034894008655, 30.979802062007366], [32.74147545199958, 31.88918416199158, 33.81219790398609, 33.18785333400592, 33.70736070899875, 33.53536914900178, 34.336642112990376, 32.582187268999405, 32.05614470000728, 32.49235126198619], [35.70472493901616, 39.255497901001945, 35.83590217900928, 36.616873674996896, 36.46276843099622, 35.78467557899421, 33.68685822401312, 33.33248657200602, 34.97270391799975, 34.810300449986244], [33.773954295000294, 34.02809824998258, 37.31771232400206, 37.962794316001236, 37.53177163697546, 39.259891980007524, 39.45016179399681, 38.32575068497681, 38.98950814499403, 37.65532126100152], [39.61227121500997, 38.64765805800562, 39.17148257201188, 39.645799738995265, 39.5082470359921, 37.71371617898694, 39.503926315985154, 39.192314190993784, 37.57137795901508, 38.33234536999953]], "medians": [28268.786623506458, 30845.787326499703, 31128.439363499638, 32964.66439300275, 35744.700259005185, 37809.05778850138, 39181.89838150283], "lengs": [10.0, 21.544346900318832, 46.41588833612777, 100.0, 215.44346900318823, 464.15888336127773, 1000.0]}