{"benchmarks": [[26.570357278978918, 26.26307857397478, 27.04959047801094, 27.323295346053783, 30.124030918988865, 28.595130136003718, 28.344273566035554, 30.029968673014082, 27.08828350197291, 30.55369095201604], [31.868973914999515, 29.983039110025857, 30.093222368042916, 31.982886765967123, 30.910311776970048, 30.9508381820051, 29.46134909603279, 30.598929158993997, 33.378134954022244, 31.677239701966755], [32.57667679199949, 31.66987300902838, 34.25490704597905, 34.35159199201735, 33.92496315401513, 34.23409912997158, 34.4823375819833, 31.983699495031033, 33.42611449601827, 32.32702295697527], [32.51717236195691, 34.19329847296467, 32.74914180499036, 32.3182775049936, 31.9280536089791, 32.85654891998274, 32.854526342998724, 30.905700788018294, 34.402853225008585, 34.32200699200621], [31.608349259011447, 33.28782648802735, 34.93635885900585, 32.40495850000298, 33.22403541096719, 35.227034769020975, 35.739844384021126, 34.45725036697695, 34.81777712801704, 35.8712009890005], [34.03425724100089, 33.39574952196563, 35.801332672999706, 33.955549267993774, 34.690944514004514, 34.32996482698945, 36.89024569897447, 34.30901541997446, 36.1229982280056, 33.67130195198115], [37.97691000800114, 35.81928111001616, 37.03834133601049, 35.34630524698878, 36.095360437990166, 36.19422847498208, 35.49390929797664, 36.6529427600326, 35.075984265014995, 34.76894071203424]], "medians": [27833.78445604467, 30930.574979487574, 33675.5388250167, 32801.83407399454, 34637.513747496996, 34319.490123481955, 35957.320774003165], "lengs": [10.0, 21.544346900318832, 46.41588833612777, 100.0, 215.44346900318823, 464.15888336127773, 1000.0]}