{"benchmarks": [[6.3535954630351625, 5.346974529034924, 6.189302658021916, 5.98822897404898, 5.460281504958402, 6.084468197019305, 5.091063126979861, 5.177661638008431, 5.916646172001492, 6.07200687204022], [5.189358527015429, 5.8407739020185545, 5.566756184969563, 5.1591608300223015, 5.86784181202529, 5.440578920010012, 6.364252868981566, 5.83145684102783, 5.794849455007352, 5.368239297007676], [5.937528779963031, 5.195293041004334, 6.11801050597569, 5.943350594025105, 6.155770312005188, 5.22722118999809, 5.201209356018808, 6.184663325024303, 5.431040835974272, 5.903059545031283], [6.667879525979515, 5.907192102982663, 5.379071784031112, 6.247497312026098, 6.051648416963872, 5.33547750802245, 6.17199363396503, 6.177884251985233, 5.230606616998557, 5.736736936960369], [5.838696677994449, 5.304144883994013, 5.570179629954509, 5.3876542749931104, 6.147515224001836, 6.2346282079815865, 6.309827695018612, 5.991721196973231, 6.188406511035282, 5.305250236007851], [5.670203654037323, 6.902995479002129, 6.438856177031994, 5.493837874964811, 6.634563451982103, 6.652065899979789, 6.111049484985415, 5.725898945995141, 6.564735549967736, 6.358254418999422], [5.4820769429788925, 6.390146357007325, 6.315812298038509, 6.325517901044805, 6.234691819990985, 6.037690288969316, 5.320363276987337, 5.424103531986475, 6.088295757013839, 6.299565157969482]], "medians": [5952.437573025236, 5680.8028199884575, 5920.294162497157, 5979.420259973267, 5915.20893748384, 6398.555298015708, 6161.493788502412], "lengs": [10.0, 21.544346900318832, 46.41588833612777, 100.0, 215.44346900318823, 464.15888336127773, 1000.0]}