{"benchmarks": [[1.125253240999882, 1.1158035099942936, 1.111364116994082, 1.1260781089949887, 1.1270896579953842, 1.1137497529998654, 1.0986947600031272, 1.1387914090009872, 1.0945183939911658, 1.1191726830002153], [2.2399545859952923, 2.232843846999458, 2.228059763001511, 2.2620541539945407, 2.6820159789931495, 2.3016043480020016, 2.234612864005612, 2.2455349969968665, 2.269601200998295, 2.2323681090056198], [4.903515115991468, 5.225606186999357, 5.266142264998052, 4.370276667992584, 5.23033957699954, 5.246335770003498, 5.275923187989974, 4.42847105198598, 4.43646949599497, 5.250471641993499], [12.84642804300529, 12.670284153005923, 12.75199433900707, 13.696927084005438, 12.643920550006442, 12.661415367998416, 13.469560138997622, 13.516974191006739, 12.71508155099582, 14.07541844699881], [38.94072796900582, 41.050801253004465, 39.78475388500374, 39.68399784099893, 40.60249354199914, 40.312844015003066, 40.34776604900253, 39.754418657990755, 39.952288617001614, 39.47942645799776], [122.05505172100675, 123.26519032398937, 121.40509303398721, 122.27675240600365, 122.11860231398896, 122.79343668799265, 127.67515726400597, 121.16406883500167, 120.96728483200422, 122.2296656670078], [387.3152860400005, 381.4240677320049, 380.8642546469928, 407.2522363600001, 383.8432221330004, 382.93675781899947, 388.04784917899815, 381.43341403199884, 383.0011823040113, 386.6005655610061]], "medians": [1117.4880964972544, 2242.7447914960794, 5227.972881999449, 12799.21119100618, 39868.521251002676, 122174.13399049838, 383422.20221850584], "lengs": [10.0, 31.622776601683793, 100.0, 316.22776601683796, 1000.0, 3162.2776601683795, 10000.0]}