{"benchmarks": [[493.90415457999916, 462.0484296210052, 456.4587999219948, 453.44612303900067, 415.16633761298726, 415.74132316198666, 425.00899035899783, 438.5722603369795, 452.9067841669894, 422.40199063598993], [633.6194673520222, 637.2811254369735, 631.2983605149784, 643.5678721359873, 643.399835646007, 639.9527572299994, 647.3331078829942, 643.8461890790204, 644.8648914170044, 655.38607017498], [749.1435578909877, 737.0362502970092, 752.7045466080017, 749.5676215639978, 740.6975344560051, 724.3868549699837, 726.8934069870156, 754.3639043959847, 763.8659833510173, 772.3085972320114], [918.8724189510103, 928.0457866490178, 925.7465823819803, 922.3687228659983, 923.7835075720213, 913.2479599749786, 924.966163678997, 928.4645246159926, 920.014730867988, 911.8624132389959], [1130.598976880021, 1125.0967632710235, 1140.0607187959831, 1127.791468047013, 1119.5524607750122, 1076.4792164399987, 1070.2561741570244, 1074.306803924992, 1084.393352195999, 1078.6300208969915], [1572.0416657260212, 1524.6302609690174, 1566.9673969979922, 1592.7029136189958, 1543.9432595830003, 1569.4374919490074, 1559.2975206430128, 1573.4048848359962, 1596.8739981249964, 1545.8547581630119], [1263.8335739509785, 1266.9214167830069, 1300.8504066329915, 1297.034819869994, 1268.5681182380067, 1288.400822118012, 1268.822599881998, 1306.6899282230006, 1281.6459094939928, 1276.5505548569781]], "medians": [445739.52225198445, 643483.8538909971, 749355.5897274928, 923076.1152190098, 1101972.9064855054, 1568202.4444735, 1279098.2321754855], "lengs": [10.0, 21.544346900318832, 46.41588833612777, 100.0, 215.44346900318823, 464.15888336127773, 1000.0]}