{"benchmarks": [[450.9369558489998, 452.3672448929865, 448.6837475419743, 383.8055100640049, 387.5773684149608, 420.83684809698025, 403.54702351999003, 399.65054854296613, 400.0188374770223, 396.58364382199943], [630.4106234619976, 616.493175376032, 600.9688916939776, 606.3990497990162, 620.0901102320058, 606.2469308130094, 600.3400419389945, 604.0067487909691, 600.0484190050047, 607.7814459000365], [689.5059920650092, 685.9228405790054, 685.5729162520147, 684.4973228949821, 683.8150101710344, 682.4478831909946, 684.4396828510216, 686.0817923960276, 684.8646992550348, 686.5559210010106], [820.7712474439759, 816.4746207420249, 817.2138559689629, 814.2641498899902, 817.031331694976, 821.6892259640153, 818.6727530530188, 821.156331147009, 819.5557178430026, 817.9646166770253], [1002.1806112640188, 1000.9137868160033, 1002.4932369760354, 1003.3643542740028, 1004.507808608003, 998.9637417339836, 1004.8803685939638, 1006.0139602489653, 1000.7734101449605, 1011.9446568799904], [1469.8552662900183, 1484.1055253010127, 1475.3262732959702, 1467.812064898957, 1469.2876718949992, 1466.120528309024, 1467.9701458179625, 1470.0798321879702, 1464.203475985967, 1465.112216462032], [1208.9042644139845, 1204.1304091549828, 1213.354058368015, 1204.3390790330013, 1202.6964450820233, 1207.23757483199, 1205.4049143139855, 1202.9053102129837, 1202.4133839139831, 1209.7521727669518]], "medians": [401782.9304985062, 606322.9903060128, 685218.8077535247, 818318.6848650221, 1002928.7956250191, 1468628.9088564808, 1204871.9966734934], "lengs": [10.0, 21.544346900318832, 46.41588833612777, 100.0, 215.44346900318823, 464.15888336127773, 1000.0]}