{"lengs":[10.0,21.544346900318835,46.41588833612779,100.0,215.44346900318845,464.15888336127773,1000.0],"benchmarks":[["Trial",{"allocs":25343,"gctimes":[1.5139227e7],"memory":3057119376,"params":["Parameters",{"gctrial":true,"time_tolerance":0.05,"samples":10000,"evals":1,"gcsample":false,"seconds":5.0,"overhead":0.0,"memory_tolerance":0.01}],"times":[1.1258322519e11]}],["Trial",{"allocs":32337,"gctimes":[1.4551842e7],"memory":3143008184,"params":["Parameters",{"gctrial":true,"time_tolerance":0.05,"samples":10000,"evals":1,"gcsample":false,"seconds":5.0,"overhead":0.0,"memory_tolerance":0.01}],"times":[1.17252778953e11]}],["Trial",{"allocs":39427,"gctimes":[1.4360635e7],"memory":3398030000,"params":["Parameters",{"gctrial":true,"time_tolerance":0.05,"samples":10000,"evals":1,"gcsample":false,"seconds":5.0,"overhead":0.0,"memory_tolerance":0.01}],"times":[1.30593990519e11]}],["Trial",{"allocs":46096,"gctimes":[1.4568569e7],"memory":3821975304,"params":["Parameters",{"gctrial":true,"time_tolerance":0.05,"samples":10000,"evals":1,"gcsample":false,"seconds":5.0,"overhead":0.0,"memory_tolerance":0.01}],"times":[1.46792339881e11]}],["Trial",{"allocs":52676,"gctimes":[1.4395658e7],"memory":3907921744,"params":["Parameters",{"gctrial":true,"time_tolerance":0.05,"samples":10000,"evals":1,"gcsample":false,"seconds":5.0,"overhead":0.0,"memory_tolerance":0.01}],"times":[1.50158717514e11]}],["Trial",{"allocs":60896,"gctimes":[1.4440404e7],"memory":3994694680,"params":["Parameters",{"gctrial":true,"time_tolerance":0.05,"samples":10000,"evals":1,"gcsample":false,"seconds":5.0,"overhead":0.0,"memory_tolerance":0.01}],"times":[1.55133657306e11]}],["Trial",{"allocs":72608,"gctimes":[1.4390935e7],"memory":4251459280,"params":["Parameters",{"gctrial":true,"time_tolerance":0.05,"samples":10000,"evals":1,"gcsample":false,"seconds":5.0,"overhead":0.0,"memory_tolerance":0.01}],"times":[1.67997772683e11]}]],"medians":[112583.22519,117252.778953,130593.990519,146792.339881,150158.717514,155133.657306,167997.772683]}