{"lengs":[10.0,21.544346900318835,46.41588833612779,100.0,215.44346900318845,464.15888336127773,1000.0],"benchmarks":[["Trial",{"allocs":55496864,"gctimes":[9.8083592e7,1.18329618e8],"memory":1123394736,"params":["Parameters",{"gctrial":true,"time_tolerance":0.05,"samples":10000,"evals":1,"gcsample":false,"seconds":5.0,"overhead":0.0,"memory_tolerance":0.01}],"times":[3.323317754e9,3.32120241e9]}],["Trial",{"allocs":86976297,"gctimes":[1.77437132e8],"memory":1708634368,"params":["Parameters",{"gctrial":true,"time_tolerance":0.05,"samples":10000,"evals":1,"gcsample":false,"seconds":5.0,"overhead":0.0,"memory_tolerance":0.01}],"times":[5.101943184e9]}],["Trial",{"allocs":133237226,"gctimes":[2.6766707e8],"memory":2580912816,"params":["Parameters",{"gctrial":true,"time_tolerance":0.05,"samples":10000,"evals":1,"gcsample":false,"seconds":5.0,"overhead":0.0,"memory_tolerance":0.01}],"times":[7.943125427e9]}],["Trial",{"allocs":171808032,"gctimes":[3.4083742e8],"memory":3292839424,"params":["Parameters",{"gctrial":true,"time_tolerance":0.05,"samples":10000,"evals":1,"gcsample":false,"seconds":5.0,"overhead":0.0,"memory_tolerance":0.01}],"times":[9.784992207e9]}],["Trial",{"allocs":205513102,"gctimes":[4.10866699e8],"memory":3907154752,"params":["Parameters",{"gctrial":true,"time_tolerance":0.05,"samples":10000,"evals":1,"gcsample":false,"seconds":5.0,"overhead":0.0,"memory_tolerance":0.01}],"times":[1.193279702e10]}],["Trial",{"allocs":217979142,"gctimes":[4.43675714e8],"memory":4136392392,"params":["Parameters",{"gctrial":true,"time_tolerance":0.05,"samples":10000,"evals":1,"gcsample":false,"seconds":5.0,"overhead":0.0,"memory_tolerance":0.01}],"times":[1.2540341002e10]}],["Trial",{"allocs":218761097,"gctimes":[4.37382246e8],"memory":4152209088,"params":["Parameters",{"gctrial":true,"time_tolerance":0.05,"samples":10000,"evals":1,"gcsample":false,"seconds":5.0,"overhead":0.0,"memory_tolerance":0.01}],"times":[1.2582710603e10]}]],"medians":[3322.260082,5101.943184,7943.125427,9784.992207,11932.79702,12540.341002,12582.710603]}