{"lengs":[10.0,21.544346900318835,46.41588833612779,100.0,215.44346900318845,464.15888336127773,1000.0],"benchmarks":[["Trial",{"allocs":30128296,"gctimes":[1.23799155e8,1.4176495e8,1.97911069e8],"memory":664747400,"params":["Parameters",{"gctrial":true,"time_tolerance":0.05,"samples":10000,"evals":1,"gcsample":false,"seconds":5.0,"overhead":0.0,"memory_tolerance":0.01}],"times":[1.955334957e9,1.946685576e9,2.007333678e9]}],["Trial",{"allocs":37768228,"gctimes":[1.45454397e8,1.92988465e8,2.47004625e8],"memory":792450192,"params":["Parameters",{"gctrial":true,"time_tolerance":0.05,"samples":10000,"evals":1,"gcsample":false,"seconds":5.0,"overhead":0.0,"memory_tolerance":0.01}],"times":[2.417313735e9,2.439429576e9,2.496859232e9]}],["Trial",{"allocs":52744194,"gctimes":[1.92584957e8,2.7048557e8],"memory":1043139152,"params":["Parameters",{"gctrial":true,"time_tolerance":0.05,"samples":10000,"evals":1,"gcsample":false,"seconds":5.0,"overhead":0.0,"memory_tolerance":0.01}],"times":[3.30089286e9,3.349285402e9]}],["Trial",{"allocs":66938977,"gctimes":[2.50876018e8,3.12003179e8],"memory":1400413840,"params":["Parameters",{"gctrial":true,"time_tolerance":0.05,"samples":10000,"evals":1,"gcsample":false,"seconds":5.0,"overhead":0.0,"memory_tolerance":0.01}],"times":[4.223983609e9,4.257786197e9]}],["Trial",{"allocs":70889343,"gctimes":[2.84225691e8,2.82553142e8],"memory":1472250168,"params":["Parameters",{"gctrial":true,"time_tolerance":0.05,"samples":10000,"evals":1,"gcsample":false,"seconds":5.0,"overhead":0.0,"memory_tolerance":0.01}],"times":[4.497979504e9,4.45013782e9]}],["Trial",{"allocs":73494055,"gctimes":[2.86235668e8,3.203754e8],"memory":1522022000,"params":["Parameters",{"gctrial":true,"time_tolerance":0.05,"samples":10000,"evals":1,"gcsample":false,"seconds":5.0,"overhead":0.0,"memory_tolerance":0.01}],"times":[4.637738352e9,4.658279208e9]}],["Trial",{"allocs":74796373,"gctimes":[2.86061032e8,3.10802491e8],"memory":1545721720,"params":["Parameters",{"gctrial":true,"time_tolerance":0.05,"samples":10000,"evals":1,"gcsample":false,"seconds":5.0,"overhead":0.0,"memory_tolerance":0.01}],"times":[4.752435387e9,4.756842436e9]}]],"medians":[1955.334957,2439.429576,3325.089131,4240.884903,4474.058662,4648.00878,4754.6389115]}