{"lengs":[10.0,31.622776601683793,100.0,316.2277660168379,1000.0,3162.2776601683795,10000.0,31622.776601683792,100000.0],"benchmarks":[["Trial",{"allocs":10,"gctimes":[0.0,0.0,0.0,0.0,0.0,0.0,0.0,0.0,0.0,0.0,0.0,0.0,0.0,0.0,0.0],"memory":2816,"params":["Parameters",{"gctrial":true,"time_tolerance":0.05,"samples":10000,"evals":1,"gcsample":false,"seconds":5.0,"overhead":0.0,"memory_tolerance":0.01}],"times":[3.39834484e8,3.39997742e8,3.41726559e8,3.39027645e8,3.37672681e8,3.3908826e8,3.37173801e8,3.41116129e8,3.41389672e8,3.39502451e8,3.39957421e8,3.42176911e8,3.4092733e8,3.40160545e8,3.39073688e8]}],["Trial",{"allocs":10,"gctimes":[0.0,0.0,0.0,0.0,0.0,0.0],"memory":2816,"params":["Parameters",{"gctrial":true,"time_tolerance":0.05,"samples":10000,"evals":1,"gcsample":false,"seconds":5.0,"overhead":0.0,"memory_tolerance":0.01}],"times":[9.24283016e8,9.6682507e8,9.34283236e8,9.23102367e8,9.29094809e8,9.26849803e8]}],["Trial",{"allocs":10,"gctimes":[0.0,0.0],"memory":2816,"params":["Parameters",{"gctrial":true,"time_tolerance":0.05,"samples":10000,"evals":1,"gcsample":false,"seconds":5.0,"overhead":0.0,"memory_tolerance":0.01}],"times":[2.857758996e9,2.853958793e9]}],["Trial",{"allocs":10,"gctimes":[0.0],"memory":2816,"params":["Parameters",{"gctrial":true,"time_tolerance":0.05,"samples":10000,"evals":1,"gcsample":false,"seconds":5.0,"overhead":0.0,"memory_tolerance":0.01}],"times":[9.936057057e9]}],["Trial",{"allocs":10,"gctimes":[0.0],"memory":2816,"params":["Parameters",{"gctrial":true,"time_tolerance":0.05,"samples":10000,"evals":1,"gcsample":false,"seconds":5.0,"overhead":0.0,"memory_tolerance":0.01}],"times":[2.8217209675e10]}],["Trial",{"allocs":10,"gctimes":[0.0],"memory":2816,"params":["Parameters",{"gctrial":true,"time_tolerance":0.05,"samples":10000,"evals":1,"gcsample":false,"seconds":5.0,"overhead":0.0,"memory_tolerance":0.01}],"times":[8.9318161457e10]}],["Trial",{"allocs":10,"gctimes":[0.0],"memory":2816,"params":["Parameters",{"gctrial":true,"time_tolerance":0.05,"samples":10000,"evals":1,"gcsample":false,"seconds":5.0,"overhead":0.0,"memory_tolerance":0.01}],"times":[2.82154053304e11]}],["Trial",{"allocs":10,"gctimes":[0.0],"memory":2816,"params":["Parameters",{"gctrial":true,"time_tolerance":0.05,"samples":10000,"evals":1,"gcsample":false,"seconds":5.0,"overhead":0.0,"memory_tolerance":0.01}],"times":[8.95712013572e11]}],["Trial",{"allocs":10,"gctimes":[0.0],"memory":2816,"params":["Parameters",{"gctrial":true,"time_tolerance":0.05,"samples":10000,"evals":1,"gcsample":false,"seconds":5.0,"overhead":0.0,"memory_tolerance":0.01}],"times":[2.823934193165e12]}]],"medians":[339.957421,927.972306,2855.8588945,9936.057057,28217.209675,89318.161457,282154.053304,895712.013572,2.823934193165e6]}