{"lengs":[10.0,21.544346900318835,46.41588833612779,100.0,215.44346900318845,464.15888336127773,1000.0],"benchmarks":[["Trial",{"allocs":11364,"gctimes":[0.0,0.0,0.0,0.0,0.0,0.0,0.0,0.0,0.0],"memory":5332928,"params":["Parameters",{"gctrial":true,"time_tolerance":0.05,"samples":10000,"evals":1,"gcsample":false,"seconds":5.0,"overhead":0.0,"memory_tolerance":0.01}],"times":[6.30891016e8,6.18451394e8,6.15021703e8,6.17804344e8,6.17749245e8,6.19420101e8,6.15051175e8,6.17930108e8,6.14856171e8]}],["Trial",{"allocs":11580,"gctimes":[0.0,0.0,0.0,0.0,0.0,0.0,0.0,0.0],"memory":5776192,"params":["Parameters",{"gctrial":true,"time_tolerance":0.05,"samples":10000,"evals":1,"gcsample":false,"seconds":5.0,"overhead":0.0,"memory_tolerance":0.01}],"times":[6.70226616e8,6.54710462e8,6.51013729e8,6.54364114e8,6.52161854e8,6.5184283e8,6.5150442e8,6.549159e8]}],["Trial",{"allocs":11764,"gctimes":[0.0,0.0,0.0,0.0,0.0,0.0,0.0,0.0],"memory":6163808,"params":["Parameters",{"gctrial":true,"time_tolerance":0.05,"samples":10000,"evals":1,"gcsample":false,"seconds":5.0,"overhead":0.0,"memory_tolerance":0.01}],"times":[6.81930349e8,6.72933705e8,6.7325639e8,6.74431833e8,6.71130994e8,6.70660217e8,6.72142615e8,6.66734242e8]}],["Trial",{"allocs":11963,"gctimes":[0.0,0.0,0.0,0.0,0.0,0.0,0.0,0.0],"memory":6579200,"params":["Parameters",{"gctrial":true,"time_tolerance":0.05,"samples":10000,"evals":1,"gcsample":false,"seconds":5.0,"overhead":0.0,"memory_tolerance":0.01}],"times":[7.42053068e8,6.91743974e8,6.92528823e8,7.04236825e8,6.99789969e8,7.00135808e8,6.89261566e8,6.99899561e8]}],["Trial",{"allocs":14419,"gctimes":[0.0,0.0,0.0,0.0,0.0,0.0,0.0],"memory":7129984,"params":["Parameters",{"gctrial":true,"time_tolerance":0.05,"samples":10000,"evals":1,"gcsample":false,"seconds":5.0,"overhead":0.0,"memory_tolerance":0.01}],"times":[7.84096125e8,7.74951464e8,7.72035201e8,7.71954814e8,7.68752942e8,7.69348681e8,7.77117452e8]}],["Trial",{"allocs":14577,"gctimes":[0.0,0.0,0.0,0.0,0.0,0.0,0.0],"memory":7462240,"params":["Parameters",{"gctrial":true,"time_tolerance":0.05,"samples":10000,"evals":1,"gcsample":false,"seconds":5.0,"overhead":0.0,"memory_tolerance":0.01}],"times":[8.14368745e8,7.96777947e8,8.01643236e8,8.00902147e8,8.04389848e8,7.9951787e8,8.01448871e8]}],["Trial",{"allocs":14711,"gctimes":[0.0,0.0,0.0,0.0,0.0,0.0,0.0],"memory":7739232,"params":["Parameters",{"gctrial":true,"time_tolerance":0.05,"samples":10000,"evals":1,"gcsample":false,"seconds":5.0,"overhead":0.0,"memory_tolerance":0.01}],"times":[8.28164302e8,8.16724589e8,8.13528035e8,8.25290386e8,8.10730043e8,8.13836388e8,8.13315626e8]}]],"medians":[617.804344,653.262984,672.53816,699.844765,772.035201,801.448871,813.836388]}