{"lengs":[10.0,21.544346900318835,46.41588833612779,100.0,215.44346900318845,464.15888336127773,1000.0],"benchmarks":[["Trial",{"allocs":2613,"gctimes":[0.0,0.0,0.0,0.0,0.0,0.0,0.0,0.0,0.0,0.0,0.0,0.0,0.0,0.0,0.0,0.0],"memory":4967120,"params":["Parameters",{"gctrial":true,"time_tolerance":0.05,"samples":10000,"evals":1,"gcsample":false,"seconds":5.0,"overhead":0.0,"memory_tolerance":0.01}],"times":[3.28476526e8,3.20675346e8,3.20895199e8,3.25502956e8,3.27655874e8,3.33577385e8,3.33350758e8,3.33707885e8,3.39131084e8,3.286532e8,3.27266333e8,3.2082782e8,3.23335143e8,3.32025635e8,3.17621019e8,3.21356089e8]}],["Trial",{"allocs":3119,"gctimes":[0.0,0.0,0.0,0.0,0.0,0.0,0.0,0.0,0.0,0.0,0.0,0.0,0.0],"memory":5540352,"params":["Parameters",{"gctrial":true,"time_tolerance":0.05,"samples":10000,"evals":1,"gcsample":false,"seconds":5.0,"overhead":0.0,"memory_tolerance":0.01}],"times":[3.98830332e8,3.97857723e8,3.91581848e8,3.90659417e8,3.9246604e8,3.92589193e8,3.99494638e8,3.98675325e8,4.05923187e8,3.96827662e8,4.00055095e8,3.97488706e8,3.93805015e8]}],["Trial",{"allocs":4273,"gctimes":[0.0,0.0,0.0,0.0,0.0,0.0,0.0,0.0,0.0],"memory":6852240,"params":["Parameters",{"gctrial":true,"time_tolerance":0.05,"samples":10000,"evals":1,"gcsample":false,"seconds":5.0,"overhead":0.0,"memory_tolerance":0.01}],"times":[5.9156814e8,5.75836232e8,5.71941654e8,5.89882989e8,5.86806925e8,5.84460599e8,5.88229393e8,5.84615585e8,5.89887016e8]}],["Trial",{"allocs":5525,"gctimes":[0.0,0.0,0.0,0.0,0.0,0.0,0.0],"memory":8271504,"params":["Parameters",{"gctrial":true,"time_tolerance":0.05,"samples":10000,"evals":1,"gcsample":false,"seconds":5.0,"overhead":0.0,"memory_tolerance":0.01}],"times":[7.9287218e8,7.93090697e8,7.99231137e8,7.98893567e8,8.19592019e8,8.03895862e8,7.7271218e8]}],["Trial",{"allocs":6753,"gctimes":[0.0,0.0,0.0,0.0,0.0],"memory":9657200,"params":["Parameters",{"gctrial":true,"time_tolerance":0.05,"samples":10000,"evals":1,"gcsample":false,"seconds":5.0,"overhead":0.0,"memory_tolerance":0.01}],"times":[1.03407909e9,1.049254243e9,1.130843212e9,1.142039363e9,1.100999914e9]}],["Trial",{"allocs":7301,"gctimes":[0.0,0.0,0.0,0.0,0.0],"memory":10252496,"params":["Parameters",{"gctrial":true,"time_tolerance":0.05,"samples":10000,"evals":1,"gcsample":false,"seconds":5.0,"overhead":0.0,"memory_tolerance":0.01}],"times":[1.111136731e9,1.088987929e9,1.095421643e9,1.092588741e9,1.11065881e9]}],["Trial",{"allocs":7347,"gctimes":[0.0,0.0,0.0,0.0,0.0],"memory":10304608,"params":["Parameters",{"gctrial":true,"time_tolerance":0.05,"samples":10000,"evals":1,"gcsample":false,"seconds":5.0,"overhead":0.0,"memory_tolerance":0.01}],"times":[1.156794077e9,1.152259495e9,1.214195597e9,1.17025041e9,1.19265081e9]}]],"medians":[327.4611035,397.488706,586.806925,798.893567,1100.999914,1095.421643,1170.25041]}