{"lengs":[10.0,21.544346900318835,46.41588833612779,100.0,215.44346900318845,464.15888336127773,1000.0],"benchmarks":[["Trial",{"allocs":139049,"gctimes":[2.523498043e9],"memory":43709811456,"params":["Parameters",{"gctrial":true,"time_tolerance":0.05,"samples":10000,"evals":1,"gcsample":false,"seconds":5.0,"overhead":0.0,"memory_tolerance":0.01}],"times":[1.586601499162e12]}],["Trial",{"allocs":188962,"gctimes":[2.613923145e9],"memory":59391616256,"params":["Parameters",{"gctrial":true,"time_tolerance":0.05,"samples":10000,"evals":1,"gcsample":false,"seconds":5.0,"overhead":0.0,"memory_tolerance":0.01}],"times":[2.098932919543e12]}],["Trial",{"allocs":224333,"gctimes":[4.717787364e9],"memory":70505211840,"params":["Parameters",{"gctrial":true,"time_tolerance":0.05,"samples":10000,"evals":1,"gcsample":false,"seconds":5.0,"overhead":0.0,"memory_tolerance":0.01}],"times":[2.204088608231e12]}],["Trial",{"allocs":242337,"gctimes":[4.592703754e9],"memory":76096112736,"params":["Parameters",{"gctrial":true,"time_tolerance":0.05,"samples":10000,"evals":1,"gcsample":false,"seconds":5.0,"overhead":0.0,"memory_tolerance":0.01}],"times":[2.286183439157e12]}],["Trial",{"allocs":253691,"gctimes":[4.741867608e9],"memory":79709727216,"params":["Parameters",{"gctrial":true,"time_tolerance":0.05,"samples":10000,"evals":1,"gcsample":false,"seconds":5.0,"overhead":0.0,"memory_tolerance":0.01}],"times":[2.458878609346e12]}],["Trial",{"allocs":273655,"gctimes":[4.643611586e9],"memory":85982431472,"params":["Parameters",{"gctrial":true,"time_tolerance":0.05,"samples":10000,"evals":1,"gcsample":false,"seconds":5.0,"overhead":0.0,"memory_tolerance":0.01}],"times":[2.467399275617e12]}],["Trial",{"allocs":293423,"gctimes":[4.787511638e9],"memory":92186955392,"params":["Parameters",{"gctrial":true,"time_tolerance":0.05,"samples":10000,"evals":1,"gcsample":false,"seconds":5.0,"overhead":0.0,"memory_tolerance":0.01}],"times":[2.639860088862e12]}]],"medians":[1.586601499162e6,2.098932919543e6,2.204088608231e6,2.286183439157e6,2.458878609346e6,2.467399275617e6,2.639860088862e6]}