{"lengs":[10.0,21.544346900318835,46.41588833612779,100.0,215.44346900318845,464.15888336127773,1000.0],"benchmarks":[["Trial",{"allocs":13253,"gctimes":[0.0,4.642897e6,0.0,5.025665e6,0.0,0.0,4.911395e6,0.0,0.0,5.079082e6,0.0,0.0,5.102921e6,0.0,0.0,5.02455e6,0.0,0.0,5.047184e6,0.0,0.0,5.396975e6,0.0,0.0,5.192398e6,0.0,0.0],"memory":66804744,"params":["Parameters",{"gctrial":true,"time_tolerance":0.05,"samples":10000,"evals":1,"gcsample":false,"seconds":5.0,"overhead":0.0,"memory_tolerance":0.01}],"times":[1.83457839e8,1.89320497e8,1.82985003e8,1.91921253e8,1.82842221e8,1.84209361e8,1.91268171e8,1.84370878e8,1.82096712e8,1.93537851e8,1.85364944e8,1.84770617e8,1.92183367e8,1.82019232e8,1.84318296e8,1.90290632e8,1.84548552e8,1.81444175e8,1.89246022e8,1.82951954e8,1.8186898e8,1.88793571e8,1.80949532e8,1.79348218e8,1.87288579e8,1.8090828e8,1.81350043e8]}],["Trial",{"allocs":16442,"gctimes":[0.0,4.998312e6,0.0,6.45195e6,0.0,0.0,5.857375e6,0.0,6.065296e6,0.0,0.0,6.061994e6,0.0,0.0,5.85868e6,0.0,0.0,5.82077e6,0.0,0.0,6.646438e6,0.0,0.0,6.253498e6,0.0],"memory":69546648,"params":["Parameters",{"gctrial":true,"time_tolerance":0.05,"samples":10000,"evals":1,"gcsample":false,"seconds":5.0,"overhead":0.0,"memory_tolerance":0.01}],"times":[1.96995759e8,2.06377069e8,1.97390174e8,2.06757132e8,1.9797709e8,2.00484201e8,2.06594583e8,1.9702238e8,2.04131877e8,1.94673886e8,1.97556217e8,2.06450699e8,1.93563833e8,1.93692617e8,2.04339938e8,1.96429802e8,1.94878025e8,2.05050601e8,1.9897878e8,1.97462655e8,2.08889303e8,1.98341819e8,1.99906118e8,2.06781991e8,1.98083224e8]}],["Trial",{"allocs":22508,"gctimes":[0.0,5.380014e6,0.0,5.753972e6,0.0,0.0,6.185488e6,0.0,5.631151e6,0.0,0.0,5.778655e6,0.0,5.332144e6,0.0,0.0,6.321116e6,0.0,0.0,5.631973e6,0.0,5.360981e6,0.0],"memory":73722784,"params":["Parameters",{"gctrial":true,"time_tolerance":0.05,"samples":10000,"evals":1,"gcsample":false,"seconds":5.0,"overhead":0.0,"memory_tolerance":0.01}],"times":[2.24257637e8,2.32629679e8,2.24903921e8,2.3458883e8,2.23997199e8,2.22479674e8,2.31717307e8,2.2515909e8,2.32411653e8,2.22707297e8,2.22922446e8,2.3135862e8,2.21311753e8,2.2966645e8,2.20686406e8,2.20373334e8,2.3148985e8,2.20970718e8,2.20030729e8,2.26436636e8,2.18977865e8,2.28581135e8,2.18973241e8]}],["Trial",{"allocs":25453,"gctimes":[0.0,4.796392e6,0.0,5.46903e6,0.0,5.526995e6,0.0,5.546547e6,0.0,0.0,5.847238e6,0.0,5.485861e6,0.0,5.679614e6,0.0,0.0,5.546678e6,0.0,5.748009e6],"memory":80729824,"params":["Parameters",{"gctrial":true,"time_tolerance":0.05,"samples":10000,"evals":1,"gcsample":false,"seconds":5.0,"overhead":0.0,"memory_tolerance":0.01}],"times":[2.42246964e8,2.49502469e8,2.44349973e8,2.91677714e8,2.79389111e8,2.56754083e8,2.55880629e8,3.13670484e8,2.42534077e8,2.42009659e8,2.59794626e8,2.41506309e8,2.47725898e8,2.38263588e8,2.47497354e8,2.401939e8,2.41752697e8,2.49493529e8,2.45021245e8,2.52333654e8]}],["Trial",{"allocs":26791,"gctimes":[0.0,4.706434e6,0.0,5.48339e6,0.0,5.54007e6,0.0,5.445038e6,0.0,5.50528e6,0.0,5.92464e6,0.0,0.0,5.538657e6,0.0,5.412309e6,0.0,0.0,5.65872e6],"memory":84271464,"params":["Parameters",{"gctrial":true,"time_tolerance":0.05,"samples":10000,"evals":1,"gcsample":false,"seconds":5.0,"overhead":0.0,"memory_tolerance":0.01}],"times":[2.55056744e8,2.6345435e8,2.53232373e8,2.61238808e8,2.526233e8,2.62201238e8,2.55549015e8,2.64099398e8,2.51433059e8,2.6319484e8,2.56252361e8,2.63384501e8,2.53705772e8,2.52946558e8,2.64457849e8,2.541544e8,2.62714308e8,2.53785285e8,2.51361672e8,2.61787605e8]}],["Trial",{"allocs":28311,"gctimes":[0.0,5.333519e6,5.752293e6,0.0,6.677919e6,0.0,5.472337e6,0.0,5.522842e6,0.0,5.435265e6,0.0,5.560794e6,0.0,5.658001e6],"memory":95296136,"params":["Parameters",{"gctrial":true,"time_tolerance":0.05,"samples":10000,"evals":1,"gcsample":false,"seconds":5.0,"overhead":0.0,"memory_tolerance":0.01}],"times":[3.40362878e8,3.44319786e8,3.40300567e8,3.34189748e8,4.88654721e8,4.62009411e8,4.36521168e8,3.30404482e8,3.39773548e8,3.28544089e8,2.93701529e8,2.96268857e8,2.88258136e8,2.80772496e8,2.86198308e8]}],["Trial",{"allocs":28587,"gctimes":[0.0,4.771861e6,5.410875e6,0.0,5.907892e6,0.0,5.380515e6,0.0,5.501389e6,0.0,5.325152e6,0.0,5.456226e6,0.0,6.06228e6,0.0,5.511491e6],"memory":97488440,"params":["Parameters",{"gctrial":true,"time_tolerance":0.05,"samples":10000,"evals":1,"gcsample":false,"seconds":5.0,"overhead":0.0,"memory_tolerance":0.01}],"times":[2.8848853e8,2.94987725e8,2.92647447e8,2.85446322e8,2.99048072e8,2.86554147e8,2.97733022e8,2.87394614e8,2.9705924e8,2.95349152e8,3.06685838e8,2.9559755e8,3.053921e8,2.89628075e8,2.9855779e8,2.89551901e8,3.08539257e8]}]],"medians":[184.318296,198.341819,224.257637,247.611626,255.900688,334.189748,295.349152]}