{"lengs":[10.0,100.0,1000.0],"benchmarks":[["Trial",{"allocs":2763,"gctimes":[0.0,0.0,0.0,0.0,0.0,0.0,0.0,0.0,0.0,0.0,0.0,0.0,0.0,0.0,0.0,0.0,0.0,0.0,0.0,0.0,0.0,0.0,0.0,0.0,0.0,0.0,0.0,0.0,0.0,0.0,5.556568e6,0.0,0.0,0.0,0.0,0.0,0.0,0.0,0.0,0.0,0.0,0.0,0.0,0.0],"memory":4319560,"params":["Parameters",{"gctrial":true,"time_tolerance":0.05,"samples":10000,"evals":1,"gcsample":false,"seconds":5.0,"overhead":0.0,"memory_tolerance":0.01}],"times":[1.14783357e8,1.12658012e8,1.12572332e8,1.12784974e8,1.17624544e8,1.12916426e8,1.17488948e8,1.22097822e8,1.16258623e8,1.14801005e8,1.1625675e8,1.12706772e8,1.13694312e8,1.11928139e8,1.1418267e8,1.12864465e8,1.16928224e8,1.18277365e8,1.18776719e8,1.19398497e8,1.13048562e8,1.1210939e8,1.37789901e8,1.52131717e8,1.12951193e8,1.14643372e8,1.15086589e8,1.13478253e8,1.1285516e8,1.11998738e8,1.2462663e8,1.11742506e8,1.09911386e8,1.11291519e8,1.12438659e8,1.14316178e8,1.12120952e8,1.18397198e8,1.14588296e8,1.13744096e8,1.12107932e8,1.12129642e8,1.13267424e8,1.14240281e8]}],["Trial",{"allocs":5319,"gctimes":[0.0,0.0,0.0,0.0,0.0,0.0,0.0,0.0,0.0,0.0,0.0,0.0,0.0,0.0,0.0,0.0,0.0,0.0,0.0,0.0,0.0,6.806321e6,0.0,0.0,0.0,0.0,0.0,0.0],"memory":6098056,"params":["Parameters",{"gctrial":true,"time_tolerance":0.05,"samples":10000,"evals":1,"gcsample":false,"seconds":5.0,"overhead":0.0,"memory_tolerance":0.01}],"times":[1.79388551e8,1.77869699e8,1.77758446e8,1.78049978e8,1.78510096e8,1.80448847e8,1.83053709e8,1.81809998e8,1.76223495e8,1.77985175e8,1.76673778e8,1.78695002e8,1.81327201e8,1.78028837e8,1.79432621e8,1.78902619e8,1.77792864e8,1.77515463e8,1.78061354e8,1.79411313e8,1.78298025e8,1.99081363e8,1.77083416e8,1.79448469e8,1.80258899e8,1.84010115e8,1.80490792e8,1.80269907e8]}],["Trial",{"allocs":6056,"gctimes":[0.0,0.0,0.0,0.0,0.0,0.0,0.0,0.0,0.0,0.0,0.0,0.0,0.0,0.0,0.0,0.0,0.0,0.0,0.0,7.097415e6,0.0,0.0,0.0,0.0,0.0],"memory":6607752,"params":["Parameters",{"gctrial":true,"time_tolerance":0.05,"samples":10000,"evals":1,"gcsample":false,"seconds":5.0,"overhead":0.0,"memory_tolerance":0.01}],"times":[2.07553481e8,2.06704383e8,2.08440637e8,2.04316038e8,2.04700856e8,2.03470691e8,2.06251033e8,2.04491209e8,2.02857362e8,2.05115907e8,2.02236102e8,2.04661643e8,2.06639281e8,2.06266981e8,2.04592228e8,2.06183001e8,2.01207949e8,2.04889482e8,2.2133144e8,2.24052509e8,2.03291423e8,2.06557715e8,2.05781974e8,2.0822324e8,2.07064554e8]}]],"medians":[113.719204,178.7988105,205.781974]}