{"lengs":[10.0,31.622776601683793,100.0,316.2277660168379,1000.0,3162.2776601683795,10000.0,31622.776601683792,100000.0],"benchmarks":[["Trial",{"allocs":69292,"gctimes":[0.0,0.0,0.0,8.889197e6,0.0,0.0,0.0,1.0645726e7,0.0,0.0,9.259166e6,0.0,0.0,0.0,1.0102873e7,0.0,0.0,8.550807e6,0.0,0.0,0.0,9.63678e6,0.0,0.0,0.0,1.0698645e7,0.0,0.0,9.018458e6,0.0,0.0,0.0,9.918046e6,0.0,0.0,0.0,1.0991198e7,0.0,0.0,8.887547e6,0.0,0.0,0.0,1.077475e7,0.0,0.0,8.367476e6,0.0,0.0,0.0,9.817008e6,0.0,0.0,0.0,1.078949e7,0.0,0.0,8.600776e6,0.0,0.0,0.0,9.863033e6,0.0,0.0,8.3893e6,0.0,0.0,0.0,9.412964e6,0.0,0.0,0.0,1.0372859e7,0.0,0.0,8.522174e6,0.0,0.0,0.0,9.890131e6,0.0,0.0,8.261535e6,0.0,0.0,0.0,9.174589e6,0.0,0.0,0.0,9.966292e6,0.0,0.0,8.338603e6,0.0,0.0,0.0,9.955708e6,0.0],"memory":32024992,"params":["Parameters",{"gctrial":true,"time_tolerance":0.05,"samples":10000,"evals":1,"gcsample":false,"seconds":5.0,"overhead":0.0,"memory_tolerance":0.01}],"times":[5.5496623e7,5.4308007e7,5.4702409e7,5.9395606e7,4.4759446e7,4.4471007e7,5.1409509e7,5.6370372e7,4.4177658e7,5.1320902e7,6.130384e7,4.5002903e7,4.4100701e7,4.9311636e7,5.7992469e7,4.4650747e7,4.6123654e7,6.1822225e7,4.5192539e7,4.452341e7,4.6972309e7,5.9914719e7,4.5078458e7,4.4377045e7,5.1877222e7,5.7469455e7,4.4829939e7,4.9259311e7,6.1811623e7,4.5902659e7,4.5488588e7,5.0215845e7,6.0518719e7,4.5919425e7,4.5775552e7,5.4550458e7,5.7122364e7,4.5359219e7,5.1737436e7,6.0265516e7,4.6040166e7,4.4437332e7,5.7552341e7,6.0100072e7,4.6788529e7,4.9178386e7,6.140296e7,4.5508544e7,4.432058e7,4.718221e7,5.9643203e7,4.4546435e7,4.4789121e7,5.5143134e7,5.6682453e7,4.4395679e7,5.1217339e7,5.9798013e7,4.4319155e7,4.4366827e7,5.0302143e7,5.7772233e7,4.6178805e7,4.7515622e7,6.2551163e7,4.5560904e7,4.4507049e7,4.6035169e7,5.8729915e7,4.4696991e7,4.4676507e7,5.2169764e7,5.6689992e7,4.4139897e7,5.0044548e7,6.1985308e7,4.6959542e7,4.555088e7,4.8537646e7,5.8496597e7,4.4357759e7,4.590499e7,6.3699142e7,4.4915641e7,4.4734691e7,4.5890528e7,5.9539895e7,4.5432028e7,4.4458015e7,5.1152841e7,5.698894e7,4.4393247e7,4.7848647e7,6.0903946e7,4.5139626e7,4.464461e7,4.7250797e7,6.0490361e7,4.5048772e7]}],["Trial",{"allocs":69382,"gctimes":[0.0,0.0,0.0,8.870476e6,0.0,0.0,0.0,1.0835236e7,0.0,0.0,9.156181e6,0.0,0.0,0.0,1.0222237e7,0.0,0.0,8.643078e6,0.0,0.0,0.0,9.610077e6,0.0,0.0,0.0,1.0787365e7,0.0,0.0,8.845816e6,0.0,0.0,0.0,1.00469e7,0.0,0.0,8.29801e6,0.0,0.0,0.0,9.903755e6,0.0,0.0,0.0,1.0394353e7,0.0,0.0,8.610752e6,0.0,0.0,0.0,1.0159604e7,0.0,0.0,0.0,1.0534947e7,0.0,0.0,8.553546e6,0.0,0.0,0.0,1.0501995e7,0.0,0.0,8.503434e6,0.0,0.0,0.0,9.367222e6,0.0,0.0,0.0,1.0434734e7,0.0,0.0,8.661761e6,0.0,0.0,0.0,9.971908e6,0.0,0.0,8.448774e6,0.0,0.0,0.0,9.601335e6,0.0,0.0,0.0,1.0322458e7,0.0,0.0,8.885514e6,0.0,0.0,0.0,9.782056e6,0.0,0.0],"memory":32066272,"params":["Parameters",{"gctrial":true,"time_tolerance":0.05,"samples":10000,"evals":1,"gcsample":false,"seconds":5.0,"overhead":0.0,"memory_tolerance":0.01}],"times":[5.4999951e7,5.3700747e7,5.4544071e7,5.859436e7,4.476613e7,4.5074583e7,5.2935138e7,5.687368e7,4.5147656e7,5.130937e7,6.0247417e7,4.5239037e7,4.5002852e7,4.9376471e7,5.8235035e7,4.4552596e7,4.7232232e7,6.3391101e7,4.5555251e7,4.4563699e7,4.5904934e7,5.932983e7,4.5855883e7,4.4914769e7,5.3084346e7,5.7778687e7,4.4715414e7,4.9820861e7,6.1872697e7,4.6015671e7,4.5024716e7,4.8802845e7,5.8987199e7,4.4796096e7,4.6013194e7,6.2234243e7,4.4986803e7,4.4643905e7,4.5576343e7,6.0966115e7,4.5552902e7,4.4416489e7,5.1737876e7,5.7269758e7,4.4311292e7,4.8200877e7,6.086851e7,4.4802609e7,4.472772e7,4.7903353e7,6.0158937e7,4.5308935e7,4.5097821e7,5.3690893e7,5.5942215e7,4.4537283e7,5.080622e7,5.8958974e7,4.4833101e7,4.4174329e7,5.0679643e7,5.9271884e7,4.5204861e7,4.8174093e7,6.2153131e7,4.5617689e7,4.4771519e7,4.7220155e7,5.8361366e7,4.4701951e7,4.4689454e7,5.366162e7,5.7542109e7,4.4864357e7,5.0747043e7,5.9461097e7,4.5165351e7,4.4496609e7,4.9597417e7,5.7382894e7,4.429409e7,4.7581413e7,6.1396302e7,4.6345721e7,4.5156106e7,4.647542e7,5.8949685e7,4.4743781e7,4.4481065e7,5.2381091e7,5.6809918e7,4.4889282e7,5.0325909e7,6.0695793e7,4.6541835e7,4.5119812e7,4.8893029e7,5.8308011e7,4.4827465e7,4.6304657e7]}],["Trial",{"allocs":69382,"gctimes":[0.0,0.0,0.0,8.586244e6,0.0,0.0,0.0,1.1204318e7,0.0,0.0,9.111233e6,0.0,0.0,0.0,1.0793544e7,0.0,0.0,8.509705e6,0.0,0.0,0.0,1.0062352e7,0.0,0.0,0.0,1.0613627e7,0.0,0.0,9.059646e6,0.0,0.0,0.0,1.0164327e7,0.0,0.0,8.396148e6,0.0,0.0,0.0,9.674215e6,0.0,0.0,0.0,1.0511478e7,0.0,0.0,8.781335e6,0.0,0.0,0.0,9.882499e6,0.0,0.0,0.0,1.0989055e7,0.0,0.0,8.737574e6,0.0,0.0,0.0,9.818528e6,0.0,0.0,8.236996e6,0.0,0.0,0.0,9.731293e6,0.0,0.0,0.0,1.0581309e7,0.0,0.0,8.473002e6,0.0,0.0,0.0,9.6648e6,0.0,0.0,8.103153e6,0.0,0.0,0.0,9.98574e6,0.0,0.0,0.0,1.0754438e7,0.0,0.0,8.643546e6,0.0,0.0,0.0,1.0310683e7,0.0,0.0],"memory":32066272,"params":["Parameters",{"gctrial":true,"time_tolerance":0.05,"samples":10000,"evals":1,"gcsample":false,"seconds":5.0,"overhead":0.0,"memory_tolerance":0.01}],"times":[5.5122071e7,5.3888717e7,5.4561899e7,5.9413828e7,4.5428241e7,4.4732273e7,5.1446116e7,5.6971812e7,4.4838213e7,5.0166735e7,6.0177373e7,4.4896696e7,4.4469871e7,4.9921154e7,6.0331933e7,4.4966652e7,4.6880018e7,6.1535475e7,4.4868258e7,4.5177653e7,4.6557492e7,5.9482215e7,4.5356952e7,4.4424829e7,5.3471075e7,5.8370195e7,4.5509729e7,4.9397874e7,6.097499e7,4.534494e7,4.4672672e7,4.8391649e7,5.8731762e7,4.5147261e7,4.7077899e7,6.2731406e7,4.6976492e7,4.4960671e7,4.5363519e7,5.95875e7,4.5110219e7,4.3945191e7,5.1481648e7,5.7392066e7,4.4865586e7,4.8364851e7,6.2264019e7,4.6202194e7,4.5013415e7,4.7746225e7,5.8653256e7,4.5194129e7,4.473397e7,5.3447907e7,5.7101601e7,4.4402289e7,5.1020713e7,5.9605309e7,4.609977e7,4.5532162e7,5.0439712e7,5.6723195e7,4.4205953e7,4.7477077e7,6.1113883e7,4.4716023e7,4.4426522e7,4.6620487e7,5.9436299e7,4.5643885e7,4.5599365e7,5.3355131e7,5.6255328e7,4.4979843e7,5.0899497e7,5.8923922e7,4.5433708e7,4.4152476e7,4.9400713e7,5.7802886e7,4.5934124e7,4.7398376e7,6.0982269e7,4.5200001e7,4.4778385e7,4.6140012e7,5.9534513e7,4.5235712e7,4.4698655e7,5.2953207e7,5.7709677e7,4.5556868e7,5.0328418e7,6.0271148e7,4.5103868e7,4.4638556e7,4.9359246e7,5.8349782e7,4.4665739e7,4.6067983e7]}],["Trial",{"allocs":69443,"gctimes":[0.0,0.0,0.0,8.606255e6,0.0,0.0,0.0,1.055362e7,0.0,0.0,9.048209e6,0.0,0.0,0.0,1.0631856e7,0.0,0.0,8.559245e6,0.0,0.0,0.0,9.978816e6,0.0,0.0,0.0,1.0754174e7,0.0,0.0,9.13138e6,0.0,0.0,0.0,1.0223931e7,0.0,0.0,8.356854e6,0.0,0.0,0.0,9.390311e6,0.0,0.0,0.0,1.0557546e7,0.0,0.0,8.619392e6,0.0,0.0,0.0,9.8742e6,0.0,0.0,8.25218e6,0.0,0.0,0.0,9.116681e6,0.0,0.0,0.0,1.052927e7,0.0,0.0,8.458482e6,0.0,0.0,0.0,9.952537e6,0.0,0.0,8.023724e6,0.0,0.0,0.0,9.523115e6,0.0,0.0,0.0,1.0659699e7,0.0,0.0,8.46005e6,0.0,0.0,0.0,9.992971e6,0.0,0.0,0.0,1.0920012e7,0.0,0.0,8.715567e6,0.0,0.0,0.0,1.0725668e7,0.0],"memory":32108704,"params":["Parameters",{"gctrial":true,"time_tolerance":0.05,"samples":10000,"evals":1,"gcsample":false,"seconds":5.0,"overhead":0.0,"memory_tolerance":0.01}],