{"lengs":[10.0,21.544346900318835,46.41588833612779,100.0,215.44346900318845,464.15888336127773,1000.0],"benchmarks":[["Trial",{"allocs":8675,"gctimes":[1.4836558e7],"memory":3144595256,"params":["Parameters",{"gctrial":true,"time_tolerance":0.05,"samples":10000,"evals":1,"gcsample":false,"seconds":5.0,"overhead":0.0,"memory_tolerance":0.01}],"times":[1.2075849072e11]}],["Trial",{"allocs":9744,"gctimes":[1.51221e7],"memory":3314782936,"params":["Parameters",{"gctrial":true,"time_tolerance":0.05,"samples":10000,"evals":1,"gcsample":false,"seconds":5.0,"overhead":0.0,"memory_tolerance":0.01}],"times":[1.21932835134e11]}],["Trial",{"allocs":11676,"gctimes":[1.508505e7],"memory":3569728176,"params":["Parameters",{"gctrial":true,"time_tolerance":0.05,"samples":10000,"evals":1,"gcsample":false,"seconds":5.0,"overhead":0.0,"memory_tolerance":0.01}],"times":[1.2952910293e11]}],["Trial",{"allocs":13600,"gctimes":[1.4796215e7],"memory":3909283216,"params":["Parameters",{"gctrial":true,"time_tolerance":0.05,"samples":10000,"evals":1,"gcsample":false,"seconds":5.0,"overhead":0.0,"memory_tolerance":0.01}],"times":[1.4260736554e11]}],["Trial",{"allocs":16272,"gctimes":[1.4678533e7],"memory":4080384096,"params":["Parameters",{"gctrial":true,"time_tolerance":0.05,"samples":10000,"evals":1,"gcsample":false,"seconds":5.0,"overhead":0.0,"memory_tolerance":0.01}],"times":[1.49768181105e11]}],["Trial",{"allocs":18678,"gctimes":[1.4654258e7],"memory":4505298184,"params":["Parameters",{"gctrial":true,"time_tolerance":0.05,"samples":10000,"evals":1,"gcsample":false,"seconds":5.0,"overhead":0.0,"memory_tolerance":0.01}],"times":[1.65687642782e11]}],["Trial",{"allocs":20677,"gctimes":[3.7469756e7],"memory":5436140224,"params":["Parameters",{"gctrial":true,"time_tolerance":0.05,"samples":10000,"evals":1,"gcsample":false,"seconds":5.0,"overhead":0.0,"memory_tolerance":0.01}],"times":[2.107212715e11]}]],"medians":[120758.49072,121932.835134,129529.10293,142607.36554,149768.181105,165687.642782,210721.2715]}