{"lengs":[10.0,21.544346900318835,46.41588833612779,100.0,215.44346900318845,464.15888336127773,1000.0],"benchmarks":[["Trial",{"allocs":4020,"gctimes":[0.0,0.0,0.0,0.0,0.0,0.0,0.0,0.0,0.0,0.0,0.0,0.0,0.0,0.0,0.0,0.0,0.0,0.0,0.0,0.0,0.0,0.0,0.0,0.0,6.424282e6,0.0,0.0,0.0,0.0,0.0,0.0,0.0],"memory":5199000,"params":["Parameters",{"gctrial":true,"time_tolerance":0.05,"samples":10000,"evals":1,"gcsample":false,"seconds":5.0,"overhead":0.0,"memory_tolerance":0.01}],"times":[1.59918274e8,1.57698683e8,1.57705309e8,1.57793286e8,1.58071152e8,1.57249407e8,1.59219099e8,1.61721511e8,1.55388623e8,1.58330503e8,1.55049347e8,1.5657641e8,1.56580385e8,1.55155244e8,1.55008646e8,1.56586432e8,1.6148191e8,1.55519712e8,1.54805848e8,1.56157069e8,1.56254634e8,1.54207906e8,1.55082321e8,1.57336995e8,1.72948789e8,1.57907833e8,1.5832595e8,1.58315995e8,1.57584725e8,1.58607522e8,1.56038014e8,1.58325861e8]}],["Trial",{"allocs":5264,"gctimes":[0.0,0.0,0.0,0.0,0.0,0.0,0.0,0.0,0.0,0.0,0.0,0.0,0.0,0.0,0.0,0.0,0.0,0.0,0.0,0.0,0.0,6.814509e6,0.0,0.0,0.0],"memory":6052120,"params":["Parameters",{"gctrial":true,"time_tolerance":0.05,"samples":10000,"evals":1,"gcsample":false,"seconds":5.0,"overhead":0.0,"memory_tolerance":0.01}],"times":[2.11854794e8,2.09308058e8,2.09285014e8,2.07611952e8,2.04468897e8,2.03632031e8,2.04336936e8,2.03358782e8,2.03109861e8,2.04495102e8,2.03946347e8,2.0027259e8,2.04422157e8,2.08346533e8,2.01083382e8,2.02732413e8,2.04378103e8,2.03655894e8,2.04137958e8,2.05298821e8,2.04459797e8,2.21370929e8,2.13807653e8,2.082597e8,2.07614889e8]}],["Trial",{"allocs":6174,"gctimes":[0.0,0.0,0.0,0.0,0.0,0.0,0.0,0.0,0.0,0.0,0.0,0.0,0.0,0.0,0.0,0.0,0.0,0.0,0.0,6.963947e6,0.0,0.0],"memory":6682232,"params":["Parameters",{"gctrial":true,"time_tolerance":0.05,"samples":10000,"evals":1,"gcsample":false,"seconds":5.0,"overhead":0.0,"memory_tolerance":0.01}],"times":[2.42692796e8,2.36626903e8,2.3677149e8,2.38524023e8,2.28843898e8,2.32359841e8,2.32161871e8,2.30907953e8,2.3311051e8,2.2939685e8,2.3247706e8,2.37195193e8,2.32370857e8,2.31595607e8,2.32007594e8,2.31434484e8,2.33743563e8,2.378194e8,2.31901273e8,2.47603331e8,2.37080583e8,2.37374328e8]}],["Trial",{"allocs":6803,"gctimes":[0.0,0.0,0.0,0.0,0.0,0.0,0.0,0.0,0.0,0.0,0.0,0.0,0.0,0.0,0.0,0.0,0.0,0.0,7.090086e6,0.0,0.0,0.0],"memory":7135000,"params":["Parameters",{"gctrial":true,"time_tolerance":0.05,"samples":10000,"evals":1,"gcsample":false,"seconds":5.0,"overhead":0.0,"memory_tolerance":0.01}],"times":[2.428798e8,2.39930757e8,2.39705698e8,2.33271045e8,2.33630369e8,2.36621753e8,2.35504468e8,2.35352611e8,2.37569191e8,2.40437041e8,2.33432043e8,2.35672907e8,2.33097942e8,2.33055889e8,2.34347187e8,2.4222909e8,2.34949571e8,2.34787959e8,2.57709625e8,2.40517556e8,2.40382178e8,2.39475968e8]}],["Trial",{"allocs":7079,"gctimes":[0.0,0.0,0.0,0.0,0.0,0.0,0.0,0.0,0.0,0.0,0.0,0.0,0.0,0.0,0.0,0.0,0.0,7.54972e6,0.0,0.0,0.0],"memory":7320728,"params":["Parameters",{"gctrial":true,"time_tolerance":0.05,"samples":10000,"evals":1,"gcsample":false,"seconds":5.0,"overhead":0.0,"memory_tolerance":0.01}],"times":[2.49793613e8,2.47790787e8,2.48217422e8,2.45249655e8,2.43640477e8,2.40658966e8,2.42757616e8,2.40525087e8,2.41063381e8,2.53687564e8,2.40033853e8,2.47114508e8,2.42252521e8,2.45409622e8,2.45401726e8,2.43246577e8,2.41477631e8,2.63541348e8,2.44199712e8,2.45002639e8,2.44076691e8]}],["Trial",{"allocs":7477,"gctimes":[0.0,0.0,0.0,0.0,0.0,0.0,0.0,0.0,0.0,0.0,0.0,0.0,0.0,0.0,0.0,0.0,0.0,7.692528e6,0.0],"memory":7598552,"params":["Parameters",{"gctrial":true,"time_tolerance":0.05,"samples":10000,"evals":1,"gcsample":false,"seconds":5.0,"overhead":0.0,"memory_tolerance":0.01}],"times":[2.72485207e8,2.68693261e8,2.69194594e8,2.68051089e8,2.60817188e8,2.60566887e8,2.64239141e8,2.65299912e8,2.66721551e8,2.56488672e8,2.57647227e8,2.50594489e8,2.55794876e8,2.64134374e8,2.64468284e8,2.56865084e8,2.67680535e8,2.81405855e8,2.5617847e8]}],["Trial",{"allocs":7449,"gctimes":[0.0,0.0,0.0,0.0,0.0,0.0,0.0,0.0,0.0,0.0,0.0,0.0,0.0,0.0,0.0,0.0,0.0,7.557865e6,0.0],"memory":7579960,"params":["Parameters",{"gctrial":true,"time_tolerance":0.05,"samples":10000,"evals":1,"gcsample":false,"seconds":5.0,"overhead":0.0,"memory_tolerance":0.01}],"times":[2.72373106e8,2.77556711e8,2.6616247e8,2.61338424e8,2.65922575e8,2.62431874e8,2.6046876e8,2.60972235e8,2.65185926e8,2.63602518e8,2.59185148e8,2.65222916e8,2.63997922e8,2.66144369e8,2.66291274e8,2.62328938e8,2.61545924e8,2.79363088e8,2.64880343e8]}]],"medians":[157.46086,204.459797,232.793785,236.14733,244.199712,264.239141,264.880343]}