{"lengs":[10.0,21.544346900318835,46.41588833612779,100.0,215.44346900318845,464.15888336127773,1000.0],"benchmarks":[["Trial",{"allocs":10,"gctimes":[0.0,0.0,0.0,0.0,0.0,0.0,0.0,0.0,0.0,0.0,0.0,0.0,0.0,0.0,0.0,0.0,0.0,0.0],"memory":9968,"params":["Parameters",{"gctrial":true,"time_tolerance":0.05,"samples":10000,"evals":1,"gcsample":false,"seconds":5.0,"overhead":0.0,"memory_tolerance":0.01}],"times":[2.82686974e8,2.81005192e8,2.8111642e8,2.8029122e8,2.80925668e8,2.81081502e8,2.81987856e8,2.80369778e8,2.80359163e8,2.8056264e8,2.81105986e8,2.797323e8,2.87490211e8,2.8027929e8,2.8341717e8,2.80532006e8,2.79896631e8,2.82384341e8]}],["Trial",{"allocs":10,"gctimes":[0.0,0.0,0.0,0.0,0.0,0.0,0.0,0.0,0.0],"memory":9968,"params":["Parameters",{"gctrial":true,"time_tolerance":0.05,"samples":10000,"evals":1,"gcsample":false,"seconds":5.0,"overhead":0.0,"memory_tolerance":0.01}],"times":[6.20166494e8,6.15440322e8,6.19730964e8,6.18381946e8,6.17696529e8,6.20436531e8,6.15814274e8,6.17843408e8,6.17007007e8]}],["Trial",{"allocs":10,"gctimes":[0.0,0.0,0.0,0.0],"memory":9968,"params":["Parameters",{"gctrial":true,"time_tolerance":0.05,"samples":10000,"evals":1,"gcsample":false,"seconds":5.0,"overhead":0.0,"memory_tolerance":0.01}],"times":[1.261349636e9,1.258512618e9,1.259869012e9,1.262776355e9]}],["Trial",{"allocs":10,"gctimes":[0.0,0.0],"memory":9968,"params":["Parameters",{"gctrial":true,"time_tolerance":0.05,"samples":10000,"evals":1,"gcsample":false,"seconds":5.0,"overhead":0.0,"memory_tolerance":0.01}],"times":[2.622687764e9,2.598094637e9]}],["Trial",{"allocs":10,"gctimes":[0.0],"memory":9968,"params":["Parameters",{"gctrial":true,"time_tolerance":0.05,"samples":10000,"evals":1,"gcsample":false,"seconds":5.0,"overhead":0.0,"memory_tolerance":0.01}],"times":[5.523212705e9]}],["Trial",{"allocs":10,"gctimes":[0.0],"memory":9968,"params":["Parameters",{"gctrial":true,"time_tolerance":0.05,"samples":10000,"evals":1,"gcsample":false,"seconds":5.0,"overhead":0.0,"memory_tolerance":0.01}],"times":[1.1755590041e10]}],["Trial",{"allocs":10,"gctimes":[0.0],"memory":9968,"params":["Parameters",{"gctrial":true,"time_tolerance":0.05,"samples":10000,"evals":1,"gcsample":false,"seconds":5.0,"overhead":0.0,"memory_tolerance":0.01}],"times":[2.5184729339e10]}]],"medians":[280.96543,617.843408,1260.609324,2610.3912005,5523.212705,11755.590041,25184.729339]}