{"lengs":[10.0,21.544346900318835,46.41588833612779,100.0,215.44346900318845,464.15888336127773,1000.0],"benchmarks":[["Trial",{"allocs":17592,"gctimes":[0.0,0.0,0.0,0.0,0.0,0.0,0.0,0.0,0.0,0.0,0.0,0.0,0.0,0.0,0.0,0.0,0.0,0.0],"memory":4415728,"params":["Parameters",{"gctrial":true,"time_tolerance":0.05,"samples":10000,"evals":1,"gcsample":false,"seconds":5.0,"overhead":0.0,"memory_tolerance":0.01}],"times":[2.85849018e8,2.85574584e8,2.83158914e8,2.83975321e8,2.82839118e8,2.90517979e8,2.85447723e8,2.86653283e8,2.86441549e8,2.84327797e8,2.87559436e8,2.85276834e8,2.86638062e8,2.84580449e8,2.8560251e8,2.86158545e8,2.8665018e8,2.84323362e8]}],["Trial",{"allocs":18507,"gctimes":[0.0,0.0,0.0,0.0,0.0,0.0,0.0,0.0,0.0,0.0,0.0,0.0,0.0,0.0,0.0,0.0,0.0],"memory":4578256,"params":["Parameters",{"gctrial":true,"time_tolerance":0.05,"samples":10000,"evals":1,"gcsample":false,"seconds":5.0,"overhead":0.0,"memory_tolerance":0.01}],"times":[3.11079096e8,3.09974263e8,3.06566271e8,3.08810904e8,3.05817752e8,3.09255869e8,3.09555696e8,3.12396658e8,3.06197611e8,3.10132773e8,3.09171688e8,3.10200735e8,3.10057061e8,3.1004357e8,3.08690933e8,3.18777683e8,3.14813636e8]}],["Trial",{"allocs":20973,"gctimes":[0.0,0.0,0.0,0.0,0.0,0.0,0.0,0.0,0.0,0.0,0.0,0.0,0.0,0.0,0.0],"memory":4897360,"params":["Parameters",{"gctrial":true,"time_tolerance":0.05,"samples":10000,"evals":1,"gcsample":false,"seconds":5.0,"overhead":0.0,"memory_tolerance":0.01}],"times":[3.5008901e8,3.51323779e8,3.51092204e8,3.49915434e8,3.49750734e8,3.534925e8,3.48248192e8,3.53153734e8,3.46501685e8,3.53647537e8,3.51563492e8,3.52685823e8,3.52577045e8,3.5761457e8,3.53626802e8]}],["Trial",{"allocs":23324,"gctimes":[0.0,0.0,0.0,0.0,0.0,0.0,0.0,0.0,0.0,0.0,0.0,0.0,0.0,0.0],"memory":5115840,"params":["Parameters",{"gctrial":true,"time_tolerance":0.05,"samples":10000,"evals":1,"gcsample":false,"seconds":5.0,"overhead":0.0,"memory_tolerance":0.01}],"times":[3.70122045e8,3.71674341e8,3.6909244e8,3.69687716e8,3.69171625e8,3.70006096e8,3.68548433e8,3.71967072e8,3.64605371e8,3.7001818e8,3.68299697e8,3.72293618e8,3.69371124e8,3.7237011e8]}],["Trial",{"allocs":24877,"gctimes":[0.0,0.0,0.0,0.0,0.0,0.0,0.0,0.0,0.0,0.0,0.0,0.0,0.0,0.0],"memory":5278672,"params":["Parameters",{"gctrial":true,"time_tolerance":0.05,"samples":10000,"evals":1,"gcsample":false,"seconds":5.0,"overhead":0.0,"memory_tolerance":0.01}],"times":[3.82788083e8,3.78126716e8,3.78731247e8,3.8256678e8,3.78236534e8,3.88640609e8,3.81358924e8,3.88228967e8,3.81643585e8,3.85331808e8,3.79331839e8,3.85400787e8,3.85830334e8,3.82736229e8]}],["Trial",{"allocs":26307,"gctimes":[0.0,0.0,0.0,0.0,0.0,0.0,0.0,0.0,0.0,0.0,0.0,0.0,0.0],"memory":5382000,"params":["Parameters",{"gctrial":true,"time_tolerance":0.05,"samples":10000,"evals":1,"gcsample":false,"seconds":5.0,"overhead":0.0,"memory_tolerance":0.01}],"times":[4.02192337e8,4.10010273e8,4.09689723e8,4.0430141e8,4.12803396e8,4.05075011e8,3.97607258e8,3.99255538e8,3.92818681e8,4.04045918e8,4.05966555e8,3.94292192e8,4.012963e8]}],["Trial",{"allocs":27246,"gctimes":[0.0,0.0,0.0,0.0,0.0,0.0,0.0,0.0,0.0,0.0,0.0,0.0,0.0],"memory":5426400,"params":["Parameters",{"gctrial":true,"time_tolerance":0.05,"samples":10000,"evals":1,"gcsample":false,"seconds":5.0,"overhead":0.0,"memory_tolerance":0.01}],"times":[3.95764564e8,3.94789084e8,3.95130002e8,3.95462596e8,3.95874793e8,4.00775862e8,3.94159629e8,3.96049948e8,3.96371593e8,4.03455489e8,3.9853044e8,3.96314972e8,3.97026321e8]}]],"medians":[285.588547,309.974263,351.563492,369.846906,382.6515045,404.045918,396.049948]}