{"lengs":[10.0,21.544346900318835,46.41588833612779,100.0,215.44346900318845,464.15888336127773,1000.0],"benchmarks":[["Trial",{"allocs":2161,"gctimes":[0.0,0.0,0.0,0.0,0.0,0.0,0.0,0.0,0.0,0.0,0.0,0.0,0.0,0.0,0.0,0.0,0.0,0.0,0.0,0.0,0.0,0.0,0.0,0.0,0.0,0.0,8.324348e6,0.0,0.0,0.0,0.0,0.0,0.0,0.0,0.0,0.0,0.0,0.0,0.0,0.0,0.0,0.0,0.0,0.0,0.0,0.0,0.0,0.0,0.0,0.0,0.0,0.0,8.994917e6,0.0,0.0,0.0,0.0,0.0,0.0,0.0,0.0,0.0,0.0,0.0,0.0,0.0,0.0,0.0,0.0,0.0,0.0,0.0,0.0,0.0,0.0,0.0,0.0,0.0,0.0,0.0,8.290055e6,0.0,0.0,0.0,0.0,0.0],"memory":5097728,"params":["Parameters",{"gctrial":true,"time_tolerance":0.05,"samples":10000,"evals":1,"gcsample":false,"seconds":5.0,"overhead":0.0,"memory_tolerance":0.01}],"times":[5.6928817e7,5.5524664e7,5.8749332e7,5.9112998e7,5.9378516e7,5.7347768e7,5.7017906e7,5.8035577e7,5.7605893e7,5.8839922e7,5.8149065e7,5.8878692e7,5.8466903e7,5.9846133e7,5.7728338e7,5.8332827e7,5.7837598e7,5.9999521e7,5.9000293e7,5.9257665e7,5.9774044e7,6.0397435e7,6.6901525e7,6.3892276e7,6.9219855e7,6.6834813e7,7.7641583e7,6.5408169e7,6.5751321e7,6.0404169e7,6.001078e7,5.9179677e7,5.9264309e7,5.9954897e7,5.946106e7,5.9951357e7,6.1556372e7,6.0986069e7,5.6813464e7,5.6776528e7,5.7467759e7,5.598125e7,5.6467847e7,5.7026546e7,5.717447e7,5.7396963e7,5.5973414e7,5.8095557e7,5.6878676e7,5.7221224e7,5.6054547e7,5.7589171e7,7.3204904e7,6.0125076e7,5.9363978e7,5.7388578e7,5.737043e7,5.7351041e7,5.7163686e7,5.5908347e7,5.596008e7,5.529143e7,5.5324517e7,5.6003942e7,5.589076e7,5.4008377e7,5.3738242e7,5.4003563e7,5.3759433e7,5.4032393e7,5.4918448e7,5.6052503e7,5.511199e7,5.5922814e7,5.5349611e7,5.5395829e7,5.5033608e7,5.5054953e7,5.7384321e7,5.6404409e7,6.8872327e7,5.7769826e7,5.705422e7,5.7307796e7,5.6089856e7,5.7619434e7]}],["Trial",{"allocs":2304,"gctimes":[0.0,0.0,0.0,0.0,0.0,0.0,0.0,0.0,0.0,0.0,0.0,0.0,0.0,0.0,0.0,0.0,0.0,0.0,0.0,0.0,0.0,0.0,0.0,0.0,8.250573e6,0.0,0.0,0.0,0.0,0.0,0.0,0.0,0.0,0.0,0.0,0.0,0.0,0.0,0.0,0.0,0.0,0.0,0.0,0.0,0.0,0.0,0.0,0.0,0.0,8.451135e6,0.0,0.0,0.0,0.0,0.0,0.0,0.0,0.0,0.0,0.0,0.0,0.0,0.0,0.0,0.0,0.0,0.0,0.0,0.0,0.0,0.0,0.0,0.0,0.0],"memory":5395040,"params":["Parameters",{"gctrial":true,"time_tolerance":0.05,"samples":10000,"evals":1,"gcsample":false,"seconds":5.0,"overhead":0.0,"memory_tolerance":0.01}],"times":[6.7677366e7,6.8498001e7,6.6998005e7,6.6964303e7,6.6178235e7,6.6452477e7,6.6933902e7,6.7549447e7,6.6617187e7,6.6390847e7,6.8773139e7,6.9543556e7,6.7725537e7,6.8571835e7,6.8590808e7,6.9140902e7,6.9752441e7,7.1686092e7,7.1238329e7,6.8442769e7,6.82886e7,6.6857825e7,6.9277705e7,6.7829778e7,7.8924307e7,6.7655278e7,6.7723466e7,6.8262544e7,6.9261178e7,6.908593e7,6.7911634e7,6.8043365e7,6.8840683e7,6.7702431e7,6.838998e7,6.8728527e7,7.0722668e7,6.7014027e7,6.6928886e7,6.6936383e7,6.7239838e7,6.8805662e7,6.9635923e7,6.8204164e7,6.7439827e7,6.9255657e7,6.7899456e7,6.8315897e7,6.6959443e7,7.9773661e7,6.7123137e7,6.6188941e7,6.7111206e7,6.7322789e7,6.6237561e7,6.577812e7,6.7428542e7,6.6290433e7,6.7385264e7,6.6632734e7,6.7238547e7,6.6972248e7,6.623617e7,6.5789432e7,6.6153858e7,6.5016827e7,6.56733e7,6.8238812e7,6.6972671e7,6.5354285e7,6.5891486e7,6.3816771e7,6.5881066e7,6.6173519e7]}],["Trial",{"allocs":2506,"gctimes":[0.0,0.0,0.0,0.0,0.0,0.0,0.0,0.0,0.0,0.0,0.0,0.0,0.0,0.0,0.0,0.0,0.0,0.0,0.0,0.0,0.0,0.0,0.0,8.897631e6,0.0,0.0,0.0,0.0,0.0,0.0,0.0,0.0,0.0,0.0,0.0,0.0,0.0,0.0,0.0,0.0,0.0,0.0,0.0,0.0,0.0,0.0,8.456763e6,0.0,0.0,0.0,0.0,0.0,0.0,0.0,0.0,0.0,0.0,0.0,0.0,0.0,0.0,0.0],"memory":5802784,"params":["Parameters",{"gctrial":true,"time_tolerance":0.05,"samples":10000,"evals":1,"gcsample":false,"seconds":5.0,"overhead":0.0,"memory_tolerance":0.01}],"times":[8.4353164e7,8.235105e7,8.02284e7,8.1485394e7,8.1437446e7,8.1591121e7,8.1300466e7,8.2516973e7,8.2050674e7,8.0971772e7,7.8895462e7,8.0524187e7,8.0436888e7,8.0477225e7,8.6622824e7,8.0837615e7,8.0894792e7,8.3958491e7,8.0381616e7,7.9029713e7,7.9852351e7,7.8471613e7,8.7191126e7,9.466703e7,8.3197964e7,8.0868738e7,8.2171149e7,8.3125128e7,8.2291874e7,8.356284e7,8.1911415e7,8.0478738e7,8.0514818e7,8.3629199e7,8.1791557e7,8.2737143e7,8.0291151e7,8.042411e7,7.8786537e7,7.8212616e7,7.939996e7,7.9589586e7,7.815236e7,8.0319156e7,8.155761e7,8.3624583e7,9.2799252e7,8.2830539e7,8.1584212e7,8.1523464e7,8.1978535e7,8.110517e7,8.1634734e7,8.5519832e7,8.4182847e7,8.2419152e7,8.2608688e7,8.1021178e7,8.0031423e7,7.9391699e7,7.697073e7,8.0525902e7]}],["Trial",{"allocs":2681,"gctimes":[0.0,0.0,0.0,0.0,0.0,0.0,0.0,0.0,0.0,0.0,0.0,0.0,0.0,0.0,0.0,0.0,0.0,0.0,0.0,0.0,0.0,8.782868e6,0.0,0.0,0.0,0.0,0.0,0.0,0.0,0.0,0.0,0.0,0.0,0.0,0.0,0.0,0.0,0.0,0.0,0.0,0.0,0.0,0.0,9.406794e6,0.0,0.0],"memory":6131440,"params":["Parameters",{"gctrial":true,"time_tolerance":0.05,"samples":10000,"evals":1,"gcsample":false,"seconds":5.0,"overhead":0.0,"memory_tolerance":0.01}],"times":[1.12859957e8,1.12311265e8,1.05270355e8,1.05389742e8,1.0695604e8,1.06156252e8,1.04566344e8,1.08505858e8,1.05805441e8,1.06269615e8,1.06986318e8,1.09453701e8,1.04001454e8,1.05129938e8,1.06870329e8,1.07631429e8,1.04309244e8,1.07558197e8,1.06960229e8,1.07661412e8,1.10534678e8,1.18968354e8,1.09475545e8,1.08005687e8,1.05949152e8,1.05433457e8,1.04920352e8,1.06893454e8,1.06292585e8,1.08075112e8,1.07134976e8,1.10477515e8,1.07790516e8,1.10361862e8,1.12408791e8,1.14579828e8,1.11596915e8,1.11072276e8,1.16222086e8,1.19081866e8,1.09122334e8,1.07135397e8,1.05565126e8,1.250932e8,1.1279461e8,1.12592195e8]}],["Trial",{"allocs":2795,"gctimes":[0.0,0.0,0.0,0.0,0.0,0.0,0.0,0.0,0.0,0.0,0.0,0.0,0.0,0.0,0.0,0.0,0.0,0.0,0.0,0.0,0.0,8.800209e6,0.0,0.0,0.0,0.0,0.0,0.0,0.0,0.0,0.0,0.0,0.0,0.0,0.0,0.0,0.0,0.0,0.0,0.0,0.0,0.0,8.930146e6,0.0,0.0],"memory":6341728,"params":["Parameters",{"gctrial":true,"time_tolerance":0.05,"samples":10000,"evals":1,"gcsample":false,"seconds":5.0,"overhead":0.0,"memory_tolerance":0.01}],"times":[1.12564741e8,1.11466184e8,1.10660283e8,1.12750787e8,1.11758811e8,1.10085524e8,1.09884221e8,1.10866276e8,1.11535899e8,1.108686e8,1.10690487e8,1.14893593e8,1.137986e8,1.13562059e8,1.14204183e8,1.16176212e8,1.16280118e8,1.14946395e8,1.10882604e8,1.12985899e8,1.13643013e8,1.22472025e8,1.11570332e8,1.09564259e8,1.10424826e8,1.13800345e8,1.09852462e8,1.11367679e8,1.11585842e8,1.10330677e8,1.11412214e8,1.1478831e8,1.11582991e8,1.12875205e8,1.11330166e8,1.09958311e8,1.1089095e8,1.1091138e8,1.10184165e8,1.15369813e8,1.12673607e8,1.1111095e8,1.25681057e8,1.14723311e8,1.17256395e8]}],["Trial",{"allocs":2879,"gctimes":[0.0,0.0,0.0,0.0,0.0,0.0,0.0,0.0,0.0,0.0,0.0,0.0,0.0,0.0,0.0,0.0,0.0,0.0,0.0,0.0,8.889807e6,0.0,0.0,0.0,0.0,0.0,0.0,0.0,0.0,0.0,0.0,0.0,0.0,0.0,0.0,0.0,0.0,0.0,0.0,0.0,0.0,9.067861e6,0.0],"memory":6502976,"params":["Parameters",{"gctrial":true,"time_tolerance":0.05,"samples":10000,"evals":1,"gcsample":false,"seconds":5.0,"overhead":0.0,"memory_tolerance":0.01}],"times":[1.18968748e8,1.22591013e8,1.2368543e8,1.22074815e8,1.19315495e8,1.15974591e8,1.15509747e8,1.16351618e8,1.17880403e8,1.16842625e8,1.2043471e8,1.18396841e8,1.19659634e8,1.1778665e8,1.19774616e8,1.16511196e8,1.17557262e8,1.17134708e8,1.16153327e8,1.18596944e8,1.26586535e8,1.16008659e8,1.14848403e8,1.15262016e8,1.15737217e8,1.158414e8,1.16657572e8,1.15901891e8,1.17773791e8,1.20765929e8,1.21820263e8,1.18079056e8,1.1685504e8,1.1679121e8,1.19284341e8,1.16647182e8,1.1385435e8,1.14392874e8,1.18667575e8,1.19085828e8,1.14405018e8,1.29940883e8,1.15892766e8]}],["Trial",{"allocs":2921,"gctimes":[0.0,0.0,0.0,0.0,0.0,0.0,0.0,0.0,0.0,0.0,0.0,0.0,0.0,0.0,0.0,0.0,0.0,0.0,0.0,0.0,8.780504e6,0.0,0.0,0.0,0.0,0.0,0.0,0.0,0.0,0.0,0.0,0.0,0.0,0.0,0.0,0.0,0.0,0.0,0.0],"memory":6573120,"params":["Parameters",{"gctrial":true,"time_tolerance":0.05,"samples":10000,"evals":1,"gcsample":false,"seconds":5.0,"overhead":0.0,"memory_tolerance":0.01}],