{"lengs":[10.0,21.544346900318835,46.41588833612779,100.0,215.44346900318845,464.15888336127773,1000.0],"benchmarks":[["Trial",{"allocs":73493760,"gctimes":[3.99576827e8,4.34128185e8],"memory":3057109616,"params":["Parameters",{"gctrial":true,"time_tolerance":0.05,"samples":10000,"evals":1,"gcsample":false,"seconds":5.0,"overhead":0.0,"memory_tolerance":0.01}],"times":[4.985106483e9,5.065168706e9]}],["Trial",{"allocs":97062751,"gctimes":[4.78347384e8],"memory":3544814032,"params":["Parameters",{"gctrial":true,"time_tolerance":0.05,"samples":10000,"evals":1,"gcsample":false,"seconds":5.0,"overhead":0.0,"memory_tolerance":0.01}],"times":[6.4081877e9]}],["Trial",{"allocs":133177555,"gctimes":[6.48217785e8],"memory":4564656752,"params":["Parameters",{"gctrial":true,"time_tolerance":0.05,"samples":10000,"evals":1,"gcsample":false,"seconds":5.0,"overhead":0.0,"memory_tolerance":0.01}],"times":[8.713390136e9]}],["Trial",{"allocs":151755827,"gctimes":[6.94320574e8],"memory":4862071680,"params":["Parameters",{"gctrial":true,"time_tolerance":0.05,"samples":10000,"evals":1,"gcsample":false,"seconds":5.0,"overhead":0.0,"memory_tolerance":0.01}],"times":[9.825584029e9]}],["Trial",{"allocs":163867318,"gctimes":[7.07749794e8],"memory":5055997152,"params":["Parameters",{"gctrial":true,"time_tolerance":0.05,"samples":10000,"evals":1,"gcsample":false,"seconds":5.0,"overhead":0.0,"memory_tolerance":0.01}],"times":[1.0365157745e10]}],["Trial",{"allocs":169120219,"gctimes":[7.47436804e8],"memory":5140124928,"params":["Parameters",{"gctrial":true,"time_tolerance":0.05,"samples":10000,"evals":1,"gcsample":false,"seconds":5.0,"overhead":0.0,"memory_tolerance":0.01}],"times":[1.0969954948e10]}],["Trial",{"allocs":170423245,"gctimes":[7.35455325e8],"memory":5161009584,"params":["Parameters",{"gctrial":true,"time_tolerance":0.05,"samples":10000,"evals":1,"gcsample":false,"seconds":5.0,"overhead":0.0,"memory_tolerance":0.01}],"times":[1.0790036026e10]}]],"medians":[5025.1375945,6408.1877,8713.390136,9825.584029,10365.157745,10969.954948,10790.036026]}