{"lengs":[10.0,21.544346900318835,46.41588833612779,100.0,215.44346900318845,464.15888336127773,1000.0],"benchmarks":[["Trial",{"allocs":715367,"gctimes":[0.0],"memory":57370784,"params":["Parameters",{"gctrial":true,"time_tolerance":0.05,"samples":10000,"evals":1,"gcsample":false,"seconds":5.0,"overhead":0.0,"memory_tolerance":0.01}],"times":[1.377963356367e12]}],["Trial",{"allocs":895915,"gctimes":[0.0],"memory":70851632,"params":["Parameters",{"gctrial":true,"time_tolerance":0.05,"samples":10000,"evals":1,"gcsample":false,"seconds":5.0,"overhead":0.0,"memory_tolerance":0.01}],"times":[1.750289007585e12]}],["Trial",{"allocs":1128923,"gctimes":[0.0],"memory":87508448,"params":["Parameters",{"gctrial":true,"time_tolerance":0.05,"samples":10000,"evals":1,"gcsample":false,"seconds":5.0,"overhead":0.0,"memory_tolerance":0.01}],"times":[2.215648086563e12]}],["Trial",{"allocs":1332157,"gctimes":[0.0],"memory":103543520,"params":["Parameters",{"gctrial":true,"time_tolerance":0.05,"samples":10000,"evals":1,"gcsample":false,"seconds":5.0,"overhead":0.0,"memory_tolerance":0.01}],"times":[2.569877656672e12]}],["Trial",{"allocs":1407853,"gctimes":[0.0],"memory":113038112,"params":["Parameters",{"gctrial":true,"time_tolerance":0.05,"samples":10000,"evals":1,"gcsample":false,"seconds":5.0,"overhead":0.0,"memory_tolerance":0.01}],"times":[2.69658698795e12]}],["Trial",{"allocs":1679952,"gctimes":[0.0],"memory":143541536,"params":["Parameters",{"gctrial":true,"time_tolerance":0.05,"samples":10000,"evals":1,"gcsample":false,"seconds":5.0,"overhead":0.0,"memory_tolerance":0.01}],"times":[3.362686593465e12]}],["Trial",{"allocs":2065670,"gctimes":[0.0],"memory":187863152,"params":["Parameters",{"gctrial":true,"time_tolerance":0.05,"samples":10000,"evals":1,"gcsample":false,"seconds":5.0,"overhead":0.0,"memory_tolerance":0.01}],"times":[4.18311120966e12]}]],"medians":[1.377963356367e6,1.750289007585e6,2.215648086563e6,2.569877656672e6,2.69658698795e6,3.362686593465e6,4.18311120966e6]}