{"lengs":[10.0,21.544346900318835,46.41588833612779,100.0,215.44346900318845,464.15888336127773,1000.0],"benchmarks":[["Trial",{"allocs":2091,"gctimes":[0.0,0.0,0.0,0.0,0.0,0.0,0.0,0.0,0.0,0.0,0.0,0.0,0.0,0.0,0.0,0.0,0.0,0.0,0.0,0.0,0.0,0.0,0.0,0.0,0.0,0.0,0.0,0.0],"memory":3665120,"params":["Parameters",{"gctrial":true,"time_tolerance":0.05,"samples":10000,"evals":1,"gcsample":false,"seconds":5.0,"overhead":0.0,"memory_tolerance":0.01}],"times":[1.77432001e8,1.82688762e8,1.76876384e8,1.74658929e8,1.75289452e8,1.74525383e8,1.77171775e8,1.75099199e8,1.74753841e8,1.78971323e8,1.80981606e8,1.81453149e8,1.83176668e8,1.88679716e8,1.89436405e8,1.88385996e8,1.84071587e8,1.88728771e8,1.88339158e8,1.93980413e8,1.85815891e8,1.81836472e8,1.93669046e8,1.85130669e8,1.938238e8,1.92568178e8,1.94032624e8,1.94357903e8]}],["Trial",{"allocs":2188,"gctimes":[0.0,0.0,0.0,0.0,0.0,0.0,0.0,0.0,0.0,0.0,0.0,0.0,0.0,0.0,0.0,0.0,0.0,0.0,0.0,0.0,0.0,0.0],"memory":3868272,"params":["Parameters",{"gctrial":true,"time_tolerance":0.05,"samples":10000,"evals":1,"gcsample":false,"seconds":5.0,"overhead":0.0,"memory_tolerance":0.01}],"times":[2.38649833e8,2.33919392e8,2.36066942e8,2.34328619e8,2.37008975e8,2.34771576e8,2.36456368e8,2.35494418e8,2.35508854e8,2.36111429e8,2.33452388e8,2.36620276e8,2.37378854e8,2.34962896e8,2.35164875e8,2.34893383e8,2.38264662e8,2.35456179e8,2.36155743e8,2.34804756e8,2.33858233e8,2.37620632e8]}],["Trial",{"allocs":2329,"gctimes":[0.0,0.0,0.0,0.0,0.0,0.0,0.0,0.0,0.0,0.0,0.0,0.0,0.0,0.0,0.0,0.0,0.0],"memory":4171392,"params":["Parameters",{"gctrial":true,"time_tolerance":0.05,"samples":10000,"evals":1,"gcsample":false,"seconds":5.0,"overhead":0.0,"memory_tolerance":0.01}],"times":[3.07081368e8,3.03480399e8,3.01725325e8,3.04008282e8,3.01476427e8,3.02737481e8,3.0591188e8,3.04874437e8,3.01272315e8,3.0241347e8,3.01675877e8,3.02976603e8,3.03449879e8,3.0222763e8,3.03941012e8,3.02345325e8,3.04239414e8]}],["Trial",{"allocs":2730,"gctimes":[0.0,0.0,0.0,0.0,0.0,0.0,0.0,0.0,0.0,0.0,0.0,0.0],"memory":4998048,"params":["Parameters",{"gctrial":true,"time_tolerance":0.05,"samples":10000,"evals":1,"gcsample":false,"seconds":5.0,"overhead":0.0,"memory_tolerance":0.01}],"times":[4.17986049e8,4.15992897e8,4.15262947e8,4.18830732e8,4.19098816e8,4.1463945e8,4.18187844e8,4.19687826e8,4.17471934e8,4.16815135e8,4.16841172e8,4.18773263e8]}],["Trial",{"allocs":2968,"gctimes":[0.0,0.0,0.0,0.0,0.0,0.0,0.0,0.0,0.0,0.0],"memory":5521424,"params":["Parameters",{"gctrial":true,"time_tolerance":0.05,"samples":10000,"evals":1,"gcsample":false,"seconds":5.0,"overhead":0.0,"memory_tolerance":0.01}],"times":[5.32748534e8,5.2187259e8,5.29313156e8,5.15275022e8,5.01435677e8,4.94185102e8,4.98764396e8,4.9449719e8,5.04912173e8,5.13342962e8]}],["Trial",{"allocs":3201,"gctimes":[0.0,0.0,0.0,0.0,0.0,0.0,0.0,0.0,0.0,0.0],"memory":6035392,"params":["Parameters",{"gctrial":true,"time_tolerance":0.05,"samples":10000,"evals":1,"gcsample":false,"seconds":5.0,"overhead":0.0,"memory_tolerance":0.01}],"times":[5.2758113e8,5.27810986e8,5.25482619e8,5.25049988e8,5.23665093e8,5.26412249e8,5.25538327e8,5.25874435e8,5.26813584e8,5.34611459e8]}],["Trial",{"allocs":3389,"gctimes":[0.0,0.0,0.0,0.0,0.0,0.0,0.0,0.0,0.0,0.0],"memory":6431792,"params":["Parameters",{"gctrial":true,"time_tolerance":0.05,"samples":10000,"evals":1,"gcsample":false,"seconds":5.0,"overhead":0.0,"memory_tolerance":0.01}],"times":[5.33508064e8,5.39619433e8,5.35035033e8,5.35185557e8,5.45844121e8,5.6413818e8,5.62868412e8,5.66199001e8,5.45533284e8,5.67740874e8]}]],"medians":[183.6241275,235.501636,302.976603,417.7289915,509.1275675,526.143342,545.6887025]}