{"lengs":[10.0,21.544346900318835,46.41588833612779,100.0,215.44346900318845,464.15888336127773,1000.0],"benchmarks":[["Trial",{"allocs":2470,"gctimes":[0.0,0.0,0.0,0.0,0.0,0.0,0.0,0.0,0.0,0.0,0.0,0.0,0.0,0.0,0.0,0.0,0.0,0.0,0.0,0.0,0.0,0.0,0.0,0.0,0.0,0.0,0.0,0.0,0.0,0.0,8.636205e6,0.0,0.0,0.0,0.0,0.0,0.0,0.0,0.0,0.0,0.0,0.0,0.0,0.0,0.0,0.0,0.0,0.0,0.0,0.0,0.0,0.0,0.0,0.0,0.0,0.0,0.0,0.0,0.0,0.0,0.0,8.805145e6,0.0,0.0,0.0,0.0,0.0,0.0,0.0,0.0,0.0,0.0,0.0,0.0,0.0,0.0,0.0,0.0,0.0,0.0,0.0,0.0,0.0,0.0,0.0,0.0,0.0,0.0,0.0,0.0,0.0,0.0,0.0,8.778367e6,0.0,0.0,0.0,0.0,0.0,0.0,0.0,0.0,0.0,0.0,0.0,0.0,0.0,0.0,0.0,0.0,0.0,0.0,0.0,0.0,0.0,0.0,0.0,0.0,0.0,0.0,0.0,0.0,0.0,0.0,8.817716e6,0.0,0.0,0.0,0.0,0.0,0.0],"memory":4550112,"params":["Parameters",{"gctrial":true,"time_tolerance":0.05,"samples":10000,"evals":1,"gcsample":false,"seconds":5.0,"overhead":0.0,"memory_tolerance":0.01}],"times":[3.9490407e7,3.8225501e7,3.818646e7,3.8581743e7,3.7881092e7,3.8109099e7,3.8066236e7,3.8796364e7,3.8897263e7,3.8652788e7,3.8303956e7,3.8561596e7,3.7903971e7,3.7805305e7,3.8089113e7,3.8629548e7,3.8346528e7,3.7793644e7,3.8065248e7,3.797646e7,3.7512589e7,3.8134781e7,3.9060217e7,3.8538138e7,3.8352523e7,3.7761235e7,3.8065014e7,3.749615e7,3.8773523e7,3.8892094e7,4.7278902e7,3.879328e7,3.8279181e7,3.8022106e7,3.8106591e7,3.840863e7,3.8992832e7,3.8652228e7,3.7835397e7,3.7649976e7,3.8190808e7,3.8158504e7,3.8462809e7,3.7691063e7,3.7895778e7,3.7695969e7,3.7637492e7,3.7772887e7,3.8091674e7,3.7647024e7,3.8226187e7,3.8838018e7,3.8171143e7,3.77718e7,3.7646077e7,3.8158812e7,3.7684563e7,3.7587667e7,3.8180239e7,3.7554426e7,3.7726333e7,4.7500741e7,3.7994399e7,3.7966987e7,3.8200089e7,3.8854207e7,3.8337984e7,3.8492112e7,3.7987655e7,3.8140468e7,3.7658053e7,3.7735427e7,3.7351951e7,3.7709644e7,3.7833792e7,3.8061424e7,3.7922065e7,3.7636224e7,3.7795854e7,3.847616e7,3.9467939e7,3.904165e7,3.8031598e7,3.7690631e7,3.8074882e7,3.7663124e7,3.7519394e7,3.7831694e7,3.7753704e7,3.7516684e7,3.7408248e7,3.7878623e7,3.7820912e7,4.7739157e7,3.9435347e7,3.8923086e7,3.851067e7,3.8348662e7,3.7628572e7,3.7671501e7,3.8063261e7,3.7727939e7,3.7932974e7,3.7941955e7,3.7536753e7,3.7804245e7,3.789108e7,3.8388624e7,3.8956887e7,3.8788824e7,3.8742748e7,3.810683e7,3.7529844e7,3.8405802e7,3.8626315e7,3.8236511e7,3.7482415e7,3.7505846e7,3.7953171e7,3.7873298e7,3.8122258e7,3.7872573e7,3.7903939e7,3.90416e7,4.832867e7,3.8269902e7,3.8185274e7,3.8030271e7,3.8081258e7,3.8194823e7,3.8090206e7]}],["Trial",{"allocs":2761,"gctimes":[0.0,0.0,0.0,0.0,0.0,0.0,0.0,0.0,0.0,0.0,0.0,0.0,0.0,0.0,0.0,0.0,0.0,0.0,0.0,0.0,0.0,0.0,0.0,0.0,0.0,0.0,0.0,0.0,8.633242e6,0.0,0.0,0.0,0.0,0.0,0.0,0.0,0.0,0.0,0.0,0.0,0.0,0.0,0.0,0.0,0.0,0.0,0.0,0.0,0.0,0.0,0.0,0.0,0.0,0.0,0.0,0.0,8.579083e6,0.0,0.0,0.0,0.0,0.0,0.0,0.0,0.0,0.0,0.0,0.0,0.0,0.0,0.0,0.0,0.0,0.0,0.0,0.0,0.0,0.0,0.0,0.0,0.0,0.0,0.0,0.0,8.77468e6,0.0,0.0,0.0,0.0,0.0,0.0,0.0,0.0,0.0,0.0,0.0,0.0],"memory":5002304,"params":["Parameters",{"gctrial":true,"time_tolerance":0.05,"samples":10000,"evals":1,"gcsample":false,"seconds":5.0,"overhead":0.0,"memory_tolerance":0.01}],"times":[5.2616094e7,5.1099143e7,5.3514341e7,5.2356387e7,5.1305175e7,5.1241658e7,5.099409e7,5.1547604e7,5.115772e7,5.1667063e7,5.1305198e7,5.1231864e7,5.1640184e7,5.4078917e7,5.2335306e7,5.1348959e7,5.2721446e7,5.1889496e7,5.1409963e7,5.1557264e7,5.1116405e7,5.1898957e7,5.1628461e7,5.1801512e7,5.3039684e7,5.1471606e7,5.1186615e7,5.1617046e7,6.0936111e7,5.1585587e7,5.1420323e7,5.1527171e7,5.1573523e7,5.1704907e7,5.233961e7,5.2197445e7,5.1419726e7,5.1426066e7,5.1364273e7,5.144952e7,5.2144682e7,5.1329345e7,5.1761935e7,5.1629127e7,5.1945313e7,5.2768724e7,5.2194989e7,5.1211297e7,5.1289434e7,5.147899e7,5.2352426e7,5.1726689e7,5.125921e7,5.1408443e7,5.1698231e7,5.1711664e7,6.1922954e7,5.2485694e7,5.1098693e7,5.1558156e7,5.184532e7,5.1487759e7,5.1693836e7,5.1461042e7,5.1086206e7,5.1592791e7,5.2704701e7,5.2233341e7,5.1489944e7,5.1692702e7,5.1950275e7,5.1505987e7,5.206939e7,5.1317151e7,5.122537e7,5.2079057e7,5.1160277e7,5.2900406e7,5.1843677e7,5.2287372e7,5.1669667e7,5.1859855e7,5.1012077e7,5.1674406e7,6.1187406e7,5.197985e7,5.1782145e7,5.248708e7,5.2354499e7,5.2031557e7,5.1500156e7,5.1651287e7,5.1290507e7,5.1580539e7,5.1502336e7,5.1375145e7,5.1752498e7]}],["Trial",{"allocs":3130,"gctimes":[0.0,0.0,0.0,0.0,0.0,0.0,0.0,0.0,0.0,0.0,0.0,0.0,0.0,0.0,0.0,0.0,0.0,0.0,0.0,0.0,0.0,0.0,0.0,0.0,8.514097e6,0.0,0.0,0.0,0.0,0.0,0.0,0.0,0.0,0.0,0.0,0.0,0.0,0.0,0.0,0.0,0.0,0.0,0.0,0.0,0.0,0.0,0.0,0.0,0.0,9.316054e6,0.0,0.0,0.0,0.0,0.0,0.0,0.0,0.0,0.0,0.0,0.0,0.0,0.0,0.0,0.0,0.0,0.0,0.0,0.0,0.0],"memory":5657488,"params":["Parameters",{"gctrial":true,"time_tolerance":0.05,"samples":10000,"evals":1,"gcsample":false,"seconds":5.0,"overhead":0.0,"memory_tolerance":0.01}],"times":[7.1937219e7,7.0856757e7,7.1203344e7,7.0489529e7,7.0532447e7,7.2547616e7,7.1729944e7,7.0584351e7,7.1723687e7,7.1072473e7,7.0500216e7,7.0851709e7,7.1025599e7,7.2144652e7,7.1798192e7,7.0644289e7,7.085457e7,7.0622989e7,7.0604076e7,7.1607198e7,7.1306434e7,7.2135753e7,7.0469763e7,7.0063487e7,7.9267692e7,7.1526405e7,7.077264e7,7.0875968e7,7.1300017e7,7.1192325e7,7.0786647e7,7.0331127e7,7.0714732e7,7.0440641e7,7.0593326e7,7.0829371e7,7.2729368e7,7.1409872e7,7.053384e7,7.0751934e7,7.1009333e7,7.0634286e7,7.0365745e7,7.0660037e7,7.2609432e7,7.0734638e7,7.0360549e7,7.0668782e7,7.0313671e7,8.1044978e7,7.3915607e7,7.2936188e7,7.1979814e7,7.0951635e7,7.0215e7,7.0686355e7,7.1596935e7,7.1637077e7,7.1066804e7,7.0781126e7,7.1613355e7,7.0765784e7,7.041362e7,7.0983802e7,7.0704289e7,7.1555145e7,7.0467245e7,7.2158899e7,7.4776558e7,7.1163665e7]}],["Trial",{"allocs":3570,"gctimes":[0.0,0.0,0.0,0.0,0.0,0.0,0.0,0.0,0.0,0.0,0.0,0.0,0.0,0.0,0.0,0.0,0.0,0.0,0.0,0.0,0.0,8.515838e6,0.0,0.0,0.0,0.0,0.0,0.0,0.0,0.0,0.0,0.0,0.0,0.0,0.0,0.0,0.0,0.0,0.0,0.0,0.0,0.0,0.0,8.720838e6,0.0,0.0,0.0,0.0,0.0,0.0,0.0,0.0,0.0,0.0,0.0],"memory":6495440,"params":["Parameters",{"gctrial":true,"time_tolerance":0.05,"samples":10000,"evals":1,"gcsample":false,"seconds":5.0,"overhead":0.0,"memory_tolerance":0.01}],"times":[9.389966e7,9.0199084e7,9.0628449e7,9.0838378e7,9.0548892e7,9.1040394e7,9.191023e7,9.0320527e7,8.9840936e7,9.1899893e7,8.9938957e7,9.0598009e7,9.2223384e7,9.0377653e7,9.0083577e7,8.9649285e7,8.976161e7,8.9169828e7,9.1695021e7,9.0716737e7,8.9665992e7,9.926796e7,8.9780543e7,8.930998e7,9.2347221e7,9.2297686e7,9.1181586e7,9.0370148e7,8.9826485e7,9.0340267e7,9.1836386e7,9.1182844e7,9.0025164e7,8.9957325e7,9.0204836e7,8.9859238e7,9.0990473e7,9.1420783e7,9.0876414e7,8.9304442e7,9.0088823e7,9.0182802e7,9.1416276e7,1.0250599e8,9.0825595e7,9.2027865e7,9.0217863e7,9.0431002e7,9.2981631e7,9.3170278e7,8.9934087e7,9.0250077e7,9.0272558e7,9.0373224e7,9.1247461e7]}],["Trial",{"allocs":3986,"gctimes":[0.0,0.0,0.0,0.0,0.0,0.0,0.0,0.0,0.0,0.0,0.0,0.0,0.0,0.0,0.0,0.0,0.0,0.0,0.0,8.640505e6,0.0,0.0,0.0,0.0,0.0,0.0,0.0,0.0,0.0,0.0,0.0,0.0,0.0,0.0,0.0,0.0,0.0,0.0,8.781432e6,0.0,0.0,0.0,0.0,0.0,0.0,0.0],"memory":7355712,"params":["Parameters",{"gctrial":true,"time_tolerance":0.05,"samples":10000,"evals":1,"gcsample":false,"seconds":5.0,"overhead":0.0,"memory_tolerance":0.01}],"times":[1.0923737e8,1.08248338e8,1.08605323e8,1.09905384e8,1.07899805e8,1.07968491e8,1.0851892e8,1.07776894e8,1.11224957e8,1.09184403e8,1.08616994e8,1.0917305e8,1.08676832e8,1.12114466e8,1.07815285e8,1.087509e8,1.09199005e8,1.08179482e8,1.10380157e8,1.18378742e8,1.08293887e8,1.08127894e8,1.07967253e8,1.09931077e8,1.08719856e8,1.08303912e8,1.08334312e8,1.07592527e8,1.09681644e8,1.09035634e8,1.081769e8,1.07926487e8,1.07511377e8,1.09859926e8,1.08727125e8,1.08232837e8,1.07787009e8,1.07667827e8,1.19605947e8,1.09066365e8,1.0856744e8,1.07836607e8,1.08531989e8,1.0890937e8,1.09065023e8,1.08591014e8]}],["Trial",{"allocs":4611,"gctimes":[0.0,0.0,0.0,0.0,0.0,0.0,0.0,0.0,0.0,0.0,0.0,0.0,0.0,0.0,0.0,0.0,8.47208e6,0.0,0.0,0.0,0.0,0.0,0.0,0.0,0.0,0.0,0.0,0.0,0.0,0.0,0.0,0.0,8.890894e6,0.0,0.0,0.0,0.0,0.0,0.0,0.0,0.0],"memory":8758576,"params":["Parameters",{"gctrial":true,