{"lengs":[10.0,100.0,1000.0],"benchmarks":[["Trial",{"allocs":4968,"gctimes":[0.0,0.0,0.0,0.0,0.0,0.0,0.0,0.0,0.0],"memory":35719936,"params":["Parameters",{"gctrial":true,"time_tolerance":0.05,"samples":10000,"evals":1,"gcsample":false,"seconds":5.0,"overhead":0.0,"memory_tolerance":0.01}],"times":[5.71404846e8,5.68720687e8,5.70463498e8,5.67143971e8,5.68432463e8,5.6664849e8,5.70257455e8,5.69223279e8,5.69711836e8]}],["Trial",{"allocs":5114,"gctimes":[0.0,0.0,0.0,0.0,0.0,0.0,0.0,0.0],"memory":36574464,"params":["Parameters",{"gctrial":true,"time_tolerance":0.05,"samples":10000,"evals":1,"gcsample":false,"seconds":5.0,"overhead":0.0,"memory_tolerance":0.01}],"times":[6.5049365e8,6.49690643e8,6.47374795e8,6.47091493e8,6.50954829e8,6.47879241e8,6.48105055e8,6.49045381e8]}],["Trial",{"allocs":5267,"gctimes":[0.0,0.0,0.0,0.0,0.0,0.0,0.0],"memory":37510432,"params":["Parameters",{"gctrial":true,"time_tolerance":0.05,"samples":10000,"evals":1,"gcsample":false,"seconds":5.0,"overhead":0.0,"memory_tolerance":0.01}],"times":[7.23730634e8,7.22925406e8,7.19585578e8,7.20292699e8,7.17268558e8,7.18422464e8,7.23370176e8]}]],"medians":[569.223279,648.575218,720.292699]}