{"lengs":[10.0,100.0,1000.0],"benchmarks":[["Trial",{"allocs":48048,"gctimes":[2.945507e6,6.818194e6,3.322605e6,3.465198e6,3.330302e6,6.680064e6,3.403634e6,3.371555e6,3.361315e6],"memory":236145584,"params":["Parameters",{"gctrial":true,"time_tolerance":0.05,"samples":10000,"evals":1,"gcsample":false,"seconds":5.0,"overhead":0.0,"memory_tolerance":0.01}],"times":[5.92438315e8,5.99337361e8,5.9290683e8,5.97511823e8,5.96625725e8,6.01737337e8,5.97211961e8,5.93440745e8,5.96846377e8]}],["Trial",{"allocs":132055,"gctimes":[9.509991e6,1.0357316e7,1.0799917e7,7.315954e6],"memory":545923440,"params":["Parameters",{"gctrial":true,"time_tolerance":0.05,"samples":10000,"evals":1,"gcsample":false,"seconds":5.0,"overhead":0.0,"memory_tolerance":0.01}],"times":[1.429560611e9,1.436751093e9,1.473013453e9,1.418950465e9]}],["Trial",{"allocs":165680,"gctimes":[1.2970688e7,1.0782388e7,1.0599187e7],"memory":654640304,"params":["Parameters",{"gctrial":true,"time_tolerance":0.05,"samples":10000,"evals":1,"gcsample":false,"seconds":5.0,"overhead":0.0,"memory_tolerance":0.01}],"times":[1.728041139e9,1.737767607e9,1.705791972e9]}]],"medians":[596.846377,1433.155852,1728.041139]}