{"lengs":[10.0,31.622776601683793,100.0,316.2277660168379,1000.0,3162.2776601683795,10000.0,31622.776601683792,100000.0],"benchmarks":[["Trial",{"allocs":69292,"gctimes":[0.0,0.0,0.0,8.866793e6,0.0,0.0,7.929971e6,0.0,0.0,0.0,1.0004256e7,0.0,0.0,0.0,1.0282623e7,0.0,0.0,8.408928e6,0.0,0.0,0.0,9.912387e6,0.0,0.0,8.137825e6,0.0,0.0,0.0,9.795056e6,0.0,0.0,8.441872e6,0.0,0.0,0.0,9.509264e6,0.0,0.0,8.098714e6,0.0,0.0,0.0,9.341677e6,0.0,0.0,0.0,1.017081e7,0.0,0.0,9.47359e6,0.0,0.0,0.0,9.910041e6,0.0,0.0,8.059275e6,0.0,0.0,0.0,9.860801e6,0.0,0.0,8.13201e6,0.0,0.0,0.0,9.472931e6,0.0,0.0,0.0,1.030396e7,0.0,0.0,8.472894e6,0.0,0.0,0.0,1.0605897e7,0.0,0.0,8.116002e6,0.0,0.0,0.0,9.617539e6,0.0,0.0,8.053441e6,0.0,0.0,0.0,9.254264e6,0.0,0.0,7.925093e6,0.0,0.0,0.0,9.309207e6,0.0,0.0,0.0],"memory":32024896,"params":["Parameters",{"gctrial":true,"time_tolerance":0.05,"samples":10000,"evals":1,"gcsample":false,"seconds":5.0,"overhead":0.0,"memory_tolerance":0.01}],"times":[5.3206703e7,5.2054908e7,5.2774263e7,5.7527285e7,4.3748973e7,4.3248811e7,5.9348209e7,4.4224098e7,4.3404348e7,4.3784361e7,5.7960316e7,4.3402199e7,4.3348351e7,5.026105e7,5.6001751e7,4.3359846e7,4.8293046e7,5.7510123e7,4.3432972e7,4.3033906e7,4.8327712e7,5.5200466e7,4.2504694e7,4.6675386e7,5.8000156e7,4.3561192e7,4.4734762e7,4.7072497e7,5.6193561e7,4.3000622e7,4.423187e7,5.9598967e7,4.3032418e7,4.2983911e7,4.4588858e7,5.6798581e7,4.2981596e7,4.5373428e7,6.1280528e7,4.4538583e7,4.3237449e7,4.3528329e7,5.7181679e7,4.3638876e7,4.304749e7,5.016489e7,5.4783753e7,4.4191678e7,4.8402291e7,6.2174585e7,4.6115628e7,4.3273749e7,4.8302408e7,5.6780522e7,4.4266837e7,4.7047741e7,5.8165719e7,4.3355103e7,4.266318e7,4.5639521e7,5.8289098e7,4.3574599e7,4.378236e7,5.9634162e7,4.3436973e7,4.2837133e7,4.3805433e7,5.6789996e7,4.3052404e7,4.2922544e7,5.1425626e7,5.6172419e7,4.5535136e7,4.9496525e7,5.8198175e7,4.3687174e7,4.2905961e7,5.0783302e7,5.6011574e7,4.2566569e7,4.7538764e7,5.7266381e7,4.3705791e7,4.557222e7,4.8683375e7,5.499178e7,4.2544034e7,4.5970484e7,5.8871039e7,4.3754056e7,4.2686393e7,4.6120562e7,5.5524544e7,4.243321e7,4.4925928e7,6.0046338e7,4.3890656e7,4.39472e7,4.4237384e7,5.7130453e7,4.2819643e7,4.3202484e7,5.1376223e7]}],["Trial",{"allocs":69382,"gctimes":[0.0,0.0,0.0,8.621296e6,0.0,0.0,7.903303e6,0.0,0.0,0.0,1.0007586e7,0.0,0.0,0.0,1.0694381e7,0.0,0.0,8.374302e6,0.0,0.0,0.0,9.996605e6,0.0,0.0,8.601527e6,0.0,0.0,0.0,9.528694e6,0.0,0.0,8.612076e6,0.0,0.0,0.0,9.362185e6,0.0,0.0,8.11322e6,0.0,0.0,0.0,9.694433e6,0.0,0.0,0.0,1.0287031e7,0.0,0.0,8.744753e6,0.0,0.0,0.0,1.0281048e7,0.0,0.0,8.47428e6,0.0,0.0,0.0,9.563842e6,0.0,0.0,8.528422e6,0.0,0.0,0.0,9.426691e6,0.0,0.0,8.170395e6,0.0,0.0,0.0,9.171642e6,0.0,0.0,0.0,1.0715265e7,0.0,0.0,8.34735e6,0.0,0.0,0.0,9.911929e6,0.0,0.0,8.68933e6,0.0,0.0,0.0,9.891155e6,0.0,0.0,8.189964e6,0.0,0.0,0.0,9.850412e6,0.0,0.0,8.033604e6],"memory":32066176,"params":["Parameters",{"gctrial":true,"time_tolerance":0.05,"samples":10000,"evals":1,"gcsample":false,"seconds":5.0,"overhead":0.0,"memory_tolerance":0.01}],"times":[5.3583445e7,5.2151903e7,5.264518e7,5.6346533e7,4.3132711e7,4.2766862e7,5.8969809e7,4.4312624e7,4.4769371e7,4.3570741e7,5.7466854e7,4.3342563e7,4.2981255e7,5.0499979e7,5.4892558e7,4.3612933e7,4.9226278e7,5.7517463e7,4.3690995e7,4.4002803e7,4.9230042e7,5.5361692e7,4.3192071e7,4.7323014e7,5.8268413e7,4.3703314e7,4.2947153e7,4.7036265e7,5.6149268e7,4.3201959e7,4.6115551e7,6.1208836e7,4.3388828e7,4.3179832e7,4.5735638e7,5.6371551e7,4.3421345e7,4.420319e7,6.0935403e7,4.4168373e7,4.3146282e7,4.4627428e7,5.8239761e7,4.4249527e7,4.3771676e7,5.151611e7,5.479986e7,4.3199817e7,4.8979624e7,5.8035719e7,4.351624e7,4.3018635e7,4.9472491e7,5.6595033e7,4.3985725e7,4.7422806e7,5.8562686e7,4.34931e7,4.3157524e7,4.7846491e7,5.5615856e7,4.2839971e7,4.5980287e7,5.9295183e7,4.4483067e7,4.3893163e7,4.6972655e7,5.7146229e7,4.326411e7,4.3958886e7,6.0575974e7,4.3174873e7,4.3065139e7,4.4584555e7,5.6839946e7,4.3088303e7,4.4615177e7,5.4564821e7,5.5984638e7,4.3131054e7,4.9683161e7,5.6365819e7,4.3222446e7,4.3150955e7,4.9661872e7,5.4455672e7,4.254976e7,4.9798056e7,5.9533048e7,4.4076864e7,4.3716871e7,4.8264741e7,5.4879455e7,4.3050958e7,4.6370323e7,5.8631797e7,4.2733361e7,4.2913139e7,4.7019209e7,5.7498931e7,4.2623217e7,4.5182881e7,5.9067931e7]}],["Trial",{"allocs":69382,"gctimes":[0.0,0.0,0.0,8.821699e6,0.0,0.0,8.038459e6,0.0,0.0,0.0,1.0333176e7,0.0,0.0,0.0,1.0291279e7,0.0,0.0,8.857529e6,0.0,0.0,0.0,9.717532e6,0.0,0.0,8.422179e6,0.0,0.0,0.0,9.833705e6,0.0,0.0,8.536034e6,0.0,0.0,0.0,9.434447e6,0.0,0.0,8.215374e6,0.0,0.0,0.0,9.066719e6,0.0,0.0,0.0,1.0334262e7,0.0,0.0,8.536215e6,0.0,0.0,0.0,1.0363747e7,0.0,0.0,8.491587e6,0.0,0.0,0.0,9.678343e6,0.0,0.0,7.954986e6,0.0,0.0,0.0,9.941456e6,0.0,0.0,8.046237e6,0.0,0.0,0.0,9.274151e6,0.0,0.0,0.0,1.0658558e7,0.0,0.0,8.37256e6,0.0,0.0,0.0,9.966732e6,0.0,0.0,8.547912e6,0.0,0.0,0.0,1.0137265e7,0.0,0.0,8.1914e6,0.0,0.0,0.0,9.189846e6,0.0,0.0,7.710389e6],"memory":32066176,"params":["Parameters",{"gctrial":true,"time_tolerance":0.05,"samples":10000,"evals":1,"gcsample":false,"seconds":5.0,"overhead":0.0,"memory_tolerance":0.01}],"times":[5.3961393e7,5.3717158e7,5.3240214e7,5.6763334e7,4.3543324e7,4.3399218e7,5.9422398e7,4.3399725e7,4.3325665e7,4.3466067e7,5.8030553e7,4.3923144e7,4.4326713e7,5.1874524e7,5.4913098e7,4.2759685e7,4.8327225e7,5.8554777e7,4.3446477e7,4.2750553e7,4.8619266e7,5.5246262e7,4.2892556e7,4.813817e7,5.9835982e7,4.4426674e7,4.3100718e7,4.8819165e7,5.8502685e7,4.3528802e7,4.5196474e7,5.9750243e7,4.3618232e7,4.3310305e7,4.6059342e7,5.872245e7,4.3951091e7,4.3775167e7,6.1044197e7,4.4201497e7,4.3186974e7,4.4190923e7,5.7004617e7,4.4038429e7,4.3229591e7,5.1099264e7,5.6708218e7,4.5308657e7,4.8703798e7,5.7579976e7,4.3717463e7,4.2781091e7,4.9341304e7,5.5288788e7,4.3545478e7,4.726969e7,5.8303291e7,4.3998087e7,4.4199133e7,4.8369933e7,5.5615203e7,4.2765001e7,4.6182956e7,5.8367961e7,4.3521293e7,4.3304477e7,4.6419405e7,5.7946815e7,4.3472117e7,4.5211856e7,6.095977e7,4.3478932e7,4.3150351e7,4.4456371e7,5.7104465e7,4.3110474e7,4.3045767e7,5.166668e7,5.5027854e7,4.3527999e7,5.0352382e7,5.8271634e7,4.3294129e7,4.3237703e7,4.9601016e7,5.4512014e7,4.2598207e7,4.871368e7,5.8663753e7,4.324979e7,4.3124487e7,4.8789548e7,5.6900645e7,4.4424241e7,4.6798342e7,5.8700898e7,4.3630715e7,4.3085345e7,4.6751772e7,5.5454176e7,4.3165146e7,4.5024364e7,5.8503571e7]}],["Trial",{"allocs":69443,"gctimes":[0.0,0.0,0.0,8.570911e6,0.0,0.0,8.111973e6,0.0,0.0,0.0,9.985419e6,0.0,0.0,0.0,1.0829355e7,0.0,0.0,8.819419e6,0.0,0.0,0.0,1.0090487e7,0.0,0.0,8.330982e6,0.0,0.0,0.0,9.991582e6,0.0,0.0,8.167548e6,0.0,0.0,0.0,9.587486e6,0.0,0.0,8.517771e6,0.0,0.0,0.0,9.366188e6,0.0,0.0,7.662634e6,0.0,0.0,0.0,9.371642e6,0.0,0.0,0.0,1.0413471e7,0.0,0.0,8.313469e6,0.0,0.0,0.0,9.713374e6,0.0,0.0,8.527174e6,0.0,0.0,0.0,1.0237756e7,0.0,0.0,8.230756e6,0.0,0.0,0.0,9.418229e6,0.0,0.0,7.667663e6,0.0,0.0,0.0,9.310469e6,0.0,0.0,0.0,1.039741e7,0.0,0.0,8.474322e6,0.0,0.0,0.0,9.690261e6,0.0,0.0,8.227079e6,0.0,0.0,0.0,9.689724e6,0.0,0.0],"memory":32108608,"params":["Parameters",{"gctrial":true,"time_tolerance":0.05,"samples":10000,"evals":1,"gcsample":false,"seconds":5.0,"overhead":0.0,"memory_tolerance":0.01}],