{"lengs":[10.0,21.544346900318835,46.41588833612779,100.0,215.44346900318845,464.15888336127773,1000.0],"benchmarks":[["Trial",{"allocs":42910,"gctimes":[0.0,0.0,0.0,0.0],"memory":24007520,"params":["Parameters",{"gctrial":true,"time_tolerance":0.05,"samples":10000,"evals":1,"gcsample":false,"seconds":5.0,"overhead":0.0,"memory_tolerance":0.01}],"times":[1.351559348e9,1.341526032e9,1.360197689e9,1.364651124e9]}],["Trial",{"allocs":46728,"gctimes":[0.0,0.0,0.0,0.0],"memory":24363360,"params":["Parameters",{"gctrial":true,"time_tolerance":0.05,"samples":10000,"evals":1,"gcsample":false,"seconds":5.0,"overhead":0.0,"memory_tolerance":0.01}],"times":[1.462023161e9,1.492239712e9,1.467331102e9,1.474667418e9]}],["Trial",{"allocs":50540,"gctimes":[0.0,0.0,0.0,0.0],"memory":24673376,"params":["Parameters",{"gctrial":true,"time_tolerance":0.05,"samples":10000,"evals":1,"gcsample":false,"seconds":5.0,"overhead":0.0,"memory_tolerance":0.01}],"times":[1.566429707e9,1.577224448e9,1.578828882e9,1.599763027e9]}],["Trial",{"allocs":53421,"gctimes":[0.0,0.0,0.0,0.0],"memory":24995760,"params":["Parameters",{"gctrial":true,"time_tolerance":0.05,"samples":10000,"evals":1,"gcsample":false,"seconds":5.0,"overhead":0.0,"memory_tolerance":0.01}],"times":[1.657058633e9,1.658038833e9,1.654146027e9,1.691662822e9]}],["Trial",{"allocs":54448,"gctimes":[0.0,0.0,0.0],"memory":25288608,"params":["Parameters",{"gctrial":true,"time_tolerance":0.05,"samples":10000,"evals":1,"gcsample":false,"seconds":5.0,"overhead":0.0,"memory_tolerance":0.01}],"times":[1.725998487e9,1.714676126e9,1.732581789e9]}],["Trial",{"allocs":60108,"gctimes":[0.0,0.0,0.0],"memory":25627872,"params":["Parameters",{"gctrial":true,"time_tolerance":0.05,"samples":10000,"evals":1,"gcsample":false,"seconds":5.0,"overhead":0.0,"memory_tolerance":0.01}],"times":[1.902285463e9,1.953681804e9,1.883689222e9]}],["Trial",{"allocs":62037,"gctimes":[0.0,0.0,0.0],"memory":25879632,"params":["Parameters",{"gctrial":true,"time_tolerance":0.05,"samples":10000,"evals":1,"gcsample":false,"seconds":5.0,"overhead":0.0,"memory_tolerance":0.01}],"times":[1.958172125e9,1.969380422e9,1.940956431e9]}]],"medians":[1355.8785185,1470.99926,1578.026665,1657.548733,1725.998487,1902.285463,1958.172125]}