{"lengs":[10.0,21.544346900318835,46.41588833612779,100.0,215.44346900318845,464.15888336127773,1000.0],"benchmarks":[["Trial",{"allocs":3789,"gctimes":[0.0,0.0,0.0,0.0,0.0,0.0,0.0,0.0,0.0],"memory":17467072,"params":["Parameters",{"gctrial":true,"time_tolerance":0.05,"samples":10000,"evals":1,"gcsample":false,"seconds":5.0,"overhead":0.0,"memory_tolerance":0.01}],"times":[5.70653189e8,5.54335387e8,5.53285942e8,5.74605155e8,5.68025523e8,5.69996059e8,5.550189e8,5.6304451e8,5.61350409e8]}],["Trial",{"allocs":4371,"gctimes":[0.0,0.0,0.0,0.0,0.0,0.0,0.0],"memory":21807168,"params":["Parameters",{"gctrial":true,"time_tolerance":0.05,"samples":10000,"evals":1,"gcsample":false,"seconds":5.0,"overhead":0.0,"memory_tolerance":0.01}],"times":[8.2347444e8,8.19916337e8,8.2085474e8,8.15529309e8,8.20387448e8,8.12700121e8,8.1816157e8]}],["Trial",{"allocs":4879,"gctimes":[0.0,0.0,0.0,0.0,0.0],"memory":26006192,"params":["Parameters",{"gctrial":true,"time_tolerance":0.05,"samples":10000,"evals":1,"gcsample":false,"seconds":5.0,"overhead":0.0,"memory_tolerance":0.01}],"times":[1.180712353e9,1.175960869e9,1.178211542e9,1.175878349e9,1.170959704e9]}],["Trial",{"allocs":5646,"gctimes":[0.0,0.0,0.0,0.0],"memory":32763920,"params":["Parameters",{"gctrial":true,"time_tolerance":0.05,"samples":10000,"evals":1,"gcsample":false,"seconds":5.0,"overhead":0.0,"memory_tolerance":0.01}],"times":[1.633029156e9,1.631157643e9,1.630308471e9,1.637587561e9]}],["Trial",{"allocs":6432,"gctimes":[0.0,0.0,0.0],"memory":39582928,"params":["Parameters",{"gctrial":true,"time_tolerance":0.05,"samples":10000,"evals":1,"gcsample":false,"seconds":5.0,"overhead":0.0,"memory_tolerance":0.01}],"times":[2.315959934e9,2.30928965e9,2.309771701e9]}],["Trial",{"allocs":7381,"gctimes":[0.0,0.0],"memory":49920784,"params":["Parameters",{"gctrial":true,"time_tolerance":0.05,"samples":10000,"evals":1,"gcsample":false,"seconds":5.0,"overhead":0.0,"memory_tolerance":0.01}],"times":[3.087316769e9,3.076478104e9]}],["Trial",{"allocs":8342,"gctimes":[0.0,0.0],"memory":59286768,"params":["Parameters",{"gctrial":true,"time_tolerance":0.05,"samples":10000,"evals":1,"gcsample":false,"seconds":5.0,"overhead":0.0,"memory_tolerance":0.01}],"times":[3.944622326e9,3.882410766e9]}]],"medians":[563.04451,819.916337,1175.960869,1632.0933995,2309.771701,3081.8974365,3913.516546]}