{"lengs":[10.0,31.622776601683793,100.0,316.2277660168379,1000.0,3162.2776601683795,10000.0,31622.776601683792,100000.0],"benchmarks":[["Trial",{"allocs":5408592,"gctimes":[9.861402e6,9.615674e6,2.0371722e7,1.003135e7,9.684433e6,9.874986e6,2.0306248e7,1.0043795e7,9.801905e6,2.033536e7,9.746246e6,9.792747e6,2.0404613e7,9.784518e6,9.751898e6,2.0652145e7,9.772934e6,9.946247e6,2.0328456e7,9.726614e6,9.847268e6,2.0213962e7,9.795176e6],"memory":140135288,"params":["Parameters",{"gctrial":true,"time_tolerance":0.05,"samples":10000,"evals":1,"gcsample":false,"seconds":5.0,"overhead":0.0,"memory_tolerance":0.01}],"times":[2.31767487e8,2.19147069e8,2.32362248e8,2.12773364e8,2.20021666e8,2.21383308e8,2.25529854e8,2.18548994e8,2.21537375e8,2.25208397e8,2.19671143e8,2.22379926e8,2.24285987e8,2.18483719e8,2.22440033e8,2.25112113e8,2.18926591e8,2.22752896e8,2.2461137e8,2.17964363e8,2.22902242e8,2.25037052e8,2.18014084e8]}],["Trial",{"allocs":5438233,"gctimes":[9.950075e6,9.668955e6,2.0343635e7,9.945585e6,9.777884e6,2.0221123e7,9.993226e6,9.766994e6,2.008019e7,9.905213e6,9.665017e6,2.0423476e7,9.91334e6,9.832488e6,2.0209918e7,1.0006002e7,9.752191e6,2.0379526e7,9.806665e6,9.758737e6,2.019711e7,9.687875e6,9.90291e6],"memory":140873616,"params":["Parameters",{"gctrial":true,"time_tolerance":0.05,"samples":10000,"evals":1,"gcsample":false,"seconds":5.0,"overhead":0.0,"memory_tolerance":0.01}],"times":[2.3179432e8,2.19706096e8,2.32999166e8,2.14478866e8,2.21029843e8,2.30714518e8,2.15031831e8,2.2132688e8,2.30452607e8,2.14329702e8,2.20761761e8,2.30940129e8,2.14039698e8,2.21960321e8,2.31179296e8,2.13677112e8,2.21552142e8,2.30163034e8,2.14566508e8,2.233424e8,2.29829202e8,2.14051819e8,2.23518187e8]}],["Trial",{"allocs":5494558,"gctimes":[9.951475e6,1.017844e7,2.0167602e7,9.867256e6,9.930018e6,1.9981836e7,9.866173e6,9.79795e6,2.0042243e7,9.739264e6,1.0204204e7,2.0068503e7,9.711536e6,9.807354e6,2.0056913e7,9.737228e6,9.68498e6,2.0524644e7,9.747479e6,2.0940461e7,1.0089859e7,9.71578e6,2.0200057e7],"memory":142299184,"params":["Parameters",{"gctrial":true,"time_tolerance":0.05,"samples":10000,"evals":1,"gcsample":false,"seconds":5.0,"overhead":0.0,"memory_tolerance":0.01}],"times":[2.3491321e8,2.24100694e8,2.32460268e8,2.15067166e8,2.25490117e8,2.30908932e8,2.15771154e8,2.24981762e8,2.30025394e8,2.16182887e8,2.26956577e8,2.28402069e8,2.18664449e8,2.24559351e8,2.28133492e8,2.21044445e8,2.25759981e8,2.26993656e8,2.22788815e8,2.35294006e8,2.17304555e8,2.2318726e8,2.3316177e8]}],["Trial",{"allocs":5497515,"gctimes":[9.943652e6,9.871279e6,2.0179202e7,9.907391e6,9.787906e6,2.0440507e7,1.0343382e7,9.785999e6,2.0282391e7,9.847047e6,9.773352e6,2.0184676e7,1.0213227e7,9.65651e6,2.0771999e7,9.737616e6,9.761557e6,2.0509127e7,9.946954e6,2.0316853e7,1.0046683e7,1.0246558e7,2.0371837e7],"memory":142350272,"params":["Parameters",{"gctrial":true,"time_tolerance":0.05,"samples":10000,"evals":1,"gcsample":false,"seconds":5.0,"overhead":0.0,"memory_tolerance":0.01}],"times":[2.34825039e8,2.23828215e8,2.33726443e8,2.16836143e8,2.25498579e8,2.32330077e8,2.17025442e8,2.25417754e8,2.31787269e8,2.17382207e8,2.26600583e8,2.29647559e8,2.18925192e8,2.24627353e8,2.29115424e8,2.20554278e8,2.25425662e8,2.27890101e8,2.22847786e8,2.35227732e8,2.16855926e8,2.2524143e8,2.33864359e8]}],["Trial",{"allocs":5568672,"gctimes":[1.0083025e7,9.761339e6,2.0272273e7,9.794339e6,9.744499e6,2.0154303e7,9.554126e6,2.1130946e7,9.898413e6,9.672175e6,2.0112162e7,9.660429e6,9.888483e6,2.1150306e7,9.819014e6,2.0403563e7,9.773406e6,9.666249e6,1.9991984e7,9.693386e6,2.0152238e7,1.0038354e7],"memory":145738616,"params":["Parameters",{"gctrial":true,"time_tolerance":0.05,"samples":10000,"evals":1,"gcsample":false,"seconds":5.0,"overhead":0.0,"memory_tolerance":0.01}],"times":[2.37652932e8,2.2752682e8,2.35719194e8,2.20006965e8,2.29292404e8,2.32445554e8,2.25972615e8,2.38520928e8,2.18085495e8,2.29659855e8,2.33424434e8,2.23500256e8,2.30518062e8,2.32017454e8,2.27662277e8,2.36513154e8,2.20888301e8,2.29835849e8,2.33171634e8,2.2427953e8,2.39163341e8,2.18854209e8]}],["Trial",{"allocs":5624973,"gctimes":[9.85316e6,9.690588e6,2.0026226e7,9.703505e6,2.0161149e7,1.00558e7,9.634105e6,2.0001021e7,9.569896e6,1.9901136e7,9.718721e6,9.710349e6,1.993782e7,9.589369e6,2.0105902e7,9.784511e6,9.591357e6,2.0171843e7,9.63644e6,1.9946345e7,9.701183e6,2.0115847e7],"memory":148644072,"params":["Parameters",{"gctrial":true,"time_tolerance":0.05,"samples":10000,"evals":1,"gcsample":false,"seconds":5.0,"overhead":0.0,"memory_tolerance":0.01}],"times":[2.404388e8,2.31964559e8,2.36878845e8,2.27003629e8,2.4250833e8,2.23305565e8,2.32715918e8,2.34623087e8,2.26506016e8,2.40014785e8,2.22660106e8,2.34145426e8,2.34730833e8,2.29049485e8,2.39693992e8,2.23893869e8,2.33578113e8,2.33221395e8,2.30353814e8,2.38202199e8,2.24610135e8,2.43246717e8]}],["Trial",{"allocs":5704954,"gctimes":[9.90203e6,9.604934e6,2.0050743e7,9.692779e6,1.9938829e7,9.714567e6,1.992459e7,1.0837747e7,9.544827e6,2.0136545e7,9.565053e6,1.9730734e7,9.777943e6,9.587045e6,2.0237913e7,9.614172e6,2.0049585e7,9.66569e6,2.0094924e7,9.799677e6,9.590597e6,2.0111529e7],"memory":150478344,"params":["Parameters",{"gctrial":true,"time_tolerance":0.05,"samples":10000,"evals":1,"gcsample":false,"seconds":5.0,"overhead":0.0,"memory_tolerance":0.01}],"times":[2.44230962e8,2.36403315e8,2.39166993e8,2.32125964e8,2.43157098e8,2.27016974e8,2.48899542e8,2.26615893e8,2.35198516e8,2.39440249e8,2.30059154e8,2.42794751e8,2.26892674e8,2.3671749e8,2.37636301e8,2.35677651e8,2.38947843e8,2.31194731e8,2.44202253e8,2.26570718e8,2.35593964e8,2.36612792e8]}],["Trial",{"allocs":6096027,"gctimes":[9.833107e6,1.9330362e7,9.916138e6,1.9777913e7,9.477886e6,1.9771929e7,1.8970272e7,1.0164051e7,1.9502853e7,9.915711e6,1.9610013e7,9.446932e6,1.9903916e7,1.9228824e7,1.0099261e7,1.9608841e7,9.792631e6,2.0458541e7,9.494075e6,1.9900975e7],"memory":165865128,"params":["Parameters",{"gctrial":true,"time_tolerance":0.05,"samples":10000,"evals":1,"gcsample":false,"seconds":5.0,"overhead":0.0,"memory_tolerance":0.01}],"times":[2.61832802e8,2.64910992e8,2.46089156e8,2.62238536e8,2.49649465e8,2.56799714e8,2.63983069e8,2.43337122e8,2.63769506e8,2.46740351e8,2.60645755e8,2.50853201e8,2.58085821e8,2.64738993e8,2.43005066e8,2.66261317e8,2.46143304e8,2.62136197e8,2.5175576e8,2.56944366e8]}],["Trial",{"allocs":7302187,"gctimes":[1.8635776e7,1.952982e7,1.983262e7,2.0053757e7,1.9202476e7,1.9230297e7,1.9256407e7,1.9298036e7,1.9092638e7,1.8863805e7,2.7955273e7,1.9020683e7,1.9208847e7,1.916332e7,1.9270409e7,1.9207777e7],"memory":221337240,"params":["Parameters",{"gctrial":true,"time_tolerance":0.05,"samples":10000,"evals":1,"gcsample":false,"seconds":5.0,"overhead":0.0,"memory_tolerance":0.01}],"times":[3.36378175e8,3.20338627e8,3.20163466e8,3.46912064e8,3.20213856e8,3.21765991e8,3.20823852e8,3.23499343e8,3.21197061e8,3.23531192e8,3.30157825e8,3.19403166e8,3.19589164e8,3.2167121e8,3.20064608e8,3.21068062e8]}]],"medians":[222.379926,221.552142,225.490117,225.425662,229.747852,233.399754,236.5080535,257.5150935,321.1325615]}