{"lengs":[10.0,21.544346900318835,46.41588833612779,100.0,215.44346900318845,464.15888336127773,1000.0],"benchmarks":[["Trial",{"allocs":13,"gctimes":[0.0,0.0,0.0,0.0,0.0,0.0,0.0,0.0,0.0,0.0,0.0,0.0,0.0,0.0,0.0,0.0,0.0,0.0,0.0,0.0,0.0,0.0,0.0,0.0,0.0,0.0,0.0,0.0,0.0,0.0,0.0,0.0,0.0,0.0,0.0,0.0,0.0,0.0,0.0,0.0,0.0,0.0,0.0,0.0,0.0,0.0,0.0,0.0,0.0,0.0,0.0,0.0,0.0,0.0,0.0,0.0,0.0,0.0,0.0,0.0,0.0,0.0,0.0,0.0,0.0,0.0,0.0,0.0,0.0,0.0,0.0,0.0,0.0,0.0,0.0,0.0,0.0,0.0,0.0,0.0,0.0,0.0,0.0,0.0,0.0,0.0,0.0,0.0,0.0,0.0,0.0,0.0,0.0,0.0,0.0,0.0,0.0,0.0,0.0,0.0,0.0,0.0,0.0,0.0,0.0,0.0,0.0,0.0,0.0,0.0,0.0,0.0,0.0,0.0,0.0,0.0,0.0,0.0,0.0,0.0,0.0,0.0,0.0,0.0,0.0,0.0,0.0,0.0,0.0,0.0,0.0,0.0,0.0,0.0,0.0,0.0,0.0,0.0,0.0,0.0,0.0,0.0,0.0,0.0,0.0,0.0,0.0,0.0,0.0,0.0,0.0,0.0,0.0,0.0,0.0,0.0,0.0,0.0,0.0,0.0,0.0,0.0,0.0,0.0,0.0,0.0,0.0,0.0,0.0,0.0,0.0,0.0,0.0,0.0,0.0,0.0,0.0,0.0,0.0,0.0,0.0,0.0,0.0,0.0,0.0,0.0,0.0,0.0,0.0,0.0,0.0,0.0,0.0,0.0,0.0,0.0,0.0,0.0,0.0,0.0,0.0,0.0,0.0,0.0,0.0,0.0,0.0,0.0,0.0,0.0,0.0,0.0,0.0,0.0,0.0,0.0,0.0,0.0,0.0,0.0,0.0,0.0,0.0,0.0,0.0,0.0,0.0,0.0],"memory":90944,"params":["Parameters",{"gctrial":true,"time_tolerance":0.05,"samples":10000,"evals":1,"gcsample":false,"seconds":5.0,"overhead":0.0,"memory_tolerance":0.01}],"times":[2.5276842e7,2.023391e7,2.7235206e7,1.9199986e7,2.3083924e7,2.3798292e7,3.0295805e7,2.3604558e7,2.4668209e7,1.9969209e7,2.0338613e7,2.5208938e7,2.3752492e7,1.9278533e7,2.3428595e7,2.3888728e7,2.2998933e7,2.6077217e7,1.9938491e7,2.5270822e7,2.2912448e7,1.6440489e7,2.3952079e7,1.9280306e7,2.6286324e7,2.8984963e7,2.4049197e7,2.2142944e7,2.1300828e7,1.9662253e7,2.0605777e7,2.1546217e7,1.8448771e7,1.9079586e7,2.5426868e7,2.2807859e7,2.3265342e7,2.0674612e7,2.421259e7,1.9835159e7,2.4058546e7,1.7444832e7,2.2545463e7,2.33406e7,1.8838741e7,2.0213079e7,2.333544e7,2.7789239e7,2.2169707e7,2.1407883e7,2.0439327e7,1.9784601e7,2.2926831e7,1.9609612e7,1.71094e7,2.0317302e7,1.9618693e7,2.1402321e7,2.102672e7,2.2157877e7,2.3667654e7,2.3243127e7,1.9375536e7,2.109011e7,2.6223795e7,2.3596917e7,2.048819e7,2.4168513e7,2.3123687e7,2.0235191e7,2.0085241e7,1.7143292e7,2.4489876e7,1.6537701e7,2.1269283e7,2.1895496e7,1.9867756e7,2.4686101e7,1.9091135e7,1.9068505e7,2.6154758e7,1.690491e7,2.3539303e7,1.9171492e7,2.229807e7,2.0167229e7,2.0181392e7,2.2654379e7,2.3086308e7,1.9974777e7,2.2636971e7,2.3324772e7,2.8148585e7,1.8805368e7,1.632721e7,2.4659499e7,2.4565946e7,2.1348943e7,2.5496833e7,2.0652231e7,2.0722592e7,2.2044546e7,2.3794876e7,1.9024458e7,2.6889144e7,1.5946089e7,1.9478947e7,2.2560153e7,2.2508293e7,2.2336614e7,2.4721573e7,2.6423186e7,2.1263263e7,2.2959709e7,1.729826e7,2.048835e7,2.2421454e7,2.0249104e7,2.9359138e7,2.1959784e7,1.8615353e7,1.7751583e7,2.137945e7,2.1402443e7,2.1197015e7,1.7713293e7,2.2427168e7,2.3497808e7,2.3336517e7,2.054626e7,1.9340873e7,2.0500834e7,1.8200734e7,1.9906431e7,2.1296149e7,2.3899872e7,2.6304792e7,2.3228702e7,1.8393378e7,1.8186047e7,1.7463494e7,2.478929e7,2.3614995e7,2.3898185e7,1.8899556e7,2.4338093e7,2.2400142e7,2.1305591e7,1.9450681e7,2.4728528e7,2.6085391e7,2.1655561e7,2.2259302e7,1.9925329e7,2.0636333e7,2.1499674e7,2.6624997e7,2.5436093e7,2.3463356e7,1.6939684e7,1.9384833e7,2.0078591e7,2.2489625e7,2.3685847e7,2.0306743e7,2.2676259e7,1.9204391e7,2.3345132e7,2.3688027e7,2.0254451e7,1.9344944e7,1.9582476e7,1.3885242e7,1.9516631e7,2.3801401e7,1.708811e7,2.2300446e7,2.36056e7,1.8130778e7,2.2086544e7,2.5489483e7,2.2512481e7,2.268425e7,1.8799631e7,1.8120251e7,1.9558624e7,1.6683565e7,2.2605932e7,2.5459445e7,2.0368745e7,2.31503e7,2.104978e7,2.2707664e7,2.6101639e7,2.5453475e7,2.2212561e7,1.8771196e7,1.6439982e7,1.8346934e7,2.3027235e7,2.2494878e7,2.020417e7,2.2575786e7,2.3190457e7,2.091369e7,2.6233145e7,1.9588382e7,1.7194832e7,2.2429948e7,2.206954e7,2.2881438e7,2.0277142e7,2.4676041e7,2.601922e7,2.6987402e7,2.8707952e7,1.6090003e7,2.0965753e7,2.6900921e7,2.1700138e7,2.5681582e7,2.2683486e7,2.5105551e7,2.5383355e7,2.6152139e7,2.0316941e7,2.1357867e7,2.6165931e7]}],["Trial",{"allocs":13,"gctimes":[0.0,0.0,0.0,0.0,0.0,0.0,0.0,0.0,0.0,0.0,0.0,0.0,0.0,0.0,0.0,0.0,0.0,0.0,0.0,0.0,0.0,0.0,0.0,0.0,0.0,0.0,0.0,0.0,0.0,0.0,0.0,0.0,0.0,0.0,0.0,0.0,0.0,0.0,0.0,0.0,0.0,0.0,0.0,0.0,0.0,0.0,0.0,0.0,0.0,0.0,0.0,0.0,0.0,0.0,0.0,0.0,0.0,0.0,0.0,0.0,0.0,0.0,0.0,0.0,0.0,0.0,0.0,0.0,0.0,0.0,0.0,0.0,0.0,0.0,0.0,0.0,0.0],"memory":90944,"params":["Parameters",{"gctrial":true,"time_tolerance":0.05,"samples":10000,"evals":1,"gcsample":false,"seconds":5.0,"overhead":0.0,"memory_tolerance":0.01}],"times":[6.9713646e7,6.575254e7,6.0294432e7,6.4634869e7,5.0090237e7,5.5647221e7,5.7658074e7,6.5344326e7,7.2945891e7,6.3727673e7,6.757303e7,6.2184365e7,5.9147675e7,6.7229961e7,5.9726855e7,6.0685086e7,6.62326e7,6.4821656e7,6.4113735e7,7.8029976e7,7.7484588e7,6.8698054e7,7.7967945e7,7.1384172e7,6.646484e7,6.5313857e7,6.2784031e7,6.7632713e7,6.3183417e7,6.412017e7,7.0425465e7,6.2422002e7,7.1141002e7,5.9115868e7,7.0034567e7,7.0430802e7,6.8296664e7,5.7020101e7,7.5213852e7,7.6525096e7,7.0890607e7,6.5216001e7,6.5214757e7,6.1283447e7,7.5839996e7,6.393469e7,6.3922738e7,6.0149768e7,6.4367562e7,6.3497441e7,6.5105131e7,6.6530109e7,7.1994022e7,5.7000327e7,6.2155503e7,7.0848256e7,7.1104679e7,5.8078267e7,6.6198253e7,6.0331087e7,6.3328088e7,6.3291709e7,6.3544994e7,5.8325829e7,5.9832501e7,5.7353556e7,5.9746846e7,6.0618339e7,6.7728524e7,7.0607315e7,5.8299116e7,5.6857133e7,5.1715881e7,7.1011562e7,6.4673913e7,7.0138395e7,6.5651994e7]}],["Trial",{"allocs":13,"gctimes":[0.0,0.0,0.0,0.0,0.0,0.0,0.0,0.0,0.0,0.0,0.0,0.0,0.0,0.0,0.0,0.0,0.0,0.0,0.0,0.0,0.0,0.0,0.0,0.0,0.0,0.0,0.0,0.0],"memory":90944,"params":["Parameters",{"gctrial":true,"time_tolerance":0.05,"samples":10000,"evals":1,"gcsample":false,"seconds":5.0,"overhead":0.0,"memory_tolerance":0.01}],"times":[2.20427901e8,1.76155329e8,1.68799319e8,1.92584382e8,1.8493563e8,1.81580493e8,1.61589771e8,1.72896647e8,1.69299575e8,1.80007636e8,1.88381812e8,1.75624104e8,1.80103761e8,1.70358102e8,1.74929518e8,1.8131021e8,1.74324308e8,1.78751018e8,1.78756859e8,2.02211654e8,1.71752499e8,1.83151646e8,1.82682819e8,1.6566426e8,1.64118837e8,1.90558939e8,1.73355372e8,1.91178787e8]}],["Trial",{"allocs":13,"gctimes":[0.0,0.0,0.0,0.0,0.0,0.0,0.0,0.0,0.0,0.0,0.0],"memory":90944,"params":["Parameters",{"gctrial":true,"time_tolerance":0.05,"samples":10000,"evals":1,"gcsample":false,"seconds":5.0,"overhead":0.0,"memory_tolerance":0.01}],"times":[4.46740754e8,4.45754594e8,4.53694159e8,4.78086254e8,4.51866094e8,4.81309185e8,4.63188819e8,4.67722261e8,4.66481886e8,4.75695232e8,5.35189333e8]}],["Trial",{"allocs":13,"gctimes":[0.0,0.0,0.0,0.0,0.0],"memory":90944,"params":["Parameters",{"gctrial":true,"time_tolerance":0.05,"samples":10000,"evals":1,"gcsample":false,"seconds":5.0,"overhead":0.0,"memory_tolerance":0.01}],"times":[1.135436474e9,1.032222203e9,1.0182908e9,1.062525199e9,1.104983641e9]}],["Trial",{"allocs":13,"gctimes":[0.0,0.0,0.0],"memory":90944,"params":["Parameters",{"gctrial":true,"time_tolerance":0.05,"samples":10000,"evals":1,"gcsample":false,"seconds":5.0,"overhead":0.0,"memory_tolerance":0.01}],"times":[2.443823646e9,2.417021786e9,2.482093441e9]}],["Trial",{"allocs":13,"gctimes":[0.0],"memory":90944,"params":["Parameters",{"gctrial":true,"time_tolerance":0.05,"samples":10000,"evals":1,"gcsample":false,"seconds":5.0,"overhead":0.0,"memory_tolerance":0.01}],"times":[5.256116344e9]}]],"medians":[22.114744,64.673913,178.7539385,466.481886,1062.525199,2443.823646,5256.116344]}