{"lengs":[10.0,21.544346900318835,46.41588833612779,100.0,215.44346900318845,464.15888336127773,1000.0],"benchmarks":[["Trial",{"allocs":7523,"gctimes":[0.0,0.0,0.0,0.0,0.0,0.0,0.0,0.0,0.0,0.0,0.0,0.0,0.0,0.0,0.0,0.0,0.0,0.0,0.0,0.0,0.0,0.0,0.0,0.0,0.0,0.0,0.0,0.0,0.0,0.0],"memory":2930784,"params":["Parameters",{"gctrial":true,"time_tolerance":0.05,"samples":10000,"evals":1,"gcsample":false,"seconds":5.0,"overhead":0.0,"memory_tolerance":0.01}],"times":[1.69121212e8,1.67838998e8,1.68667722e8,1.67533485e8,1.6809918e8,1.67872083e8,1.68329495e8,1.67393325e8,1.67609708e8,1.67814614e8,1.68609847e8,1.67734026e8,1.67513096e8,1.6801248e8,1.68129403e8,1.67704533e8,1.68568011e8,1.68036377e8,1.67493687e8,1.67238947e8,1.67614729e8,1.67140989e8,1.66889149e8,1.67313592e8,1.68260739e8,1.67755824e8,1.67178436e8,1.67567039e8,1.6848451e8,1.6804882e8]}],["Trial",{"allocs":10183,"gctimes":[0.0,0.0,0.0,0.0,0.0,0.0,0.0,0.0,0.0,0.0,0.0,0.0,0.0,0.0,0.0,0.0,0.0,0.0,0.0,0.0,0.0,0.0],"memory":3851872,"params":["Parameters",{"gctrial":true,"time_tolerance":0.05,"samples":10000,"evals":1,"gcsample":false,"seconds":5.0,"overhead":0.0,"memory_tolerance":0.01}],"times":[2.29236911e8,2.28917766e8,2.27951468e8,2.27583629e8,2.27834804e8,2.27292444e8,2.27647799e8,2.27057366e8,2.28694996e8,2.28933452e8,2.28137221e8,2.28275757e8,2.27300659e8,2.27583615e8,2.26935461e8,2.27555368e8,2.26979637e8,2.28062492e8,2.2868816e8,2.27479265e8,2.26265932e8,2.27029483e8]}],["Trial",{"allocs":11801,"gctimes":[0.0,0.0,0.0,0.0,0.0,0.0,0.0,0.0,0.0,0.0,0.0,0.0,0.0,0.0,0.0,0.0,0.0,0.0,0.0],"memory":4515968,"params":["Parameters",{"gctrial":true,"time_tolerance":0.05,"samples":10000,"evals":1,"gcsample":false,"seconds":5.0,"overhead":0.0,"memory_tolerance":0.01}],"times":[2.69656415e8,2.68291339e8,2.67415116e8,2.66711674e8,2.66741865e8,2.67157977e8,2.67200498e8,2.66831952e8,2.67375836e8,2.67339573e8,2.66858246e8,2.6696312e8,2.67344279e8,2.67290188e8,2.66827557e8,2.67008825e8,2.66578839e8,2.67616015e8,2.67182884e8]}],["Trial",{"allocs":13138,"gctimes":[0.0,0.0,0.0,0.0,0.0,0.0,0.0,0.0,0.0,0.0,0.0,0.0,0.0,0.0,0.0,0.0,0.0,0.0,0.0],"memory":5002720,"params":["Parameters",{"gctrial":true,"time_tolerance":0.05,"samples":10000,"evals":1,"gcsample":false,"seconds":5.0,"overhead":0.0,"memory_tolerance":0.01}],"times":[2.76052563e8,2.76059969e8,2.75435141e8,2.74861529e8,2.74713992e8,2.7671402e8,2.75070353e8,2.74696501e8,2.75472819e8,2.75966675e8,2.73628142e8,2.75213227e8,2.75235931e8,2.76284203e8,2.74739566e8,2.76206901e8,2.74232506e8,2.74195777e8,2.73163745e8]}],["Trial",{"allocs":14122,"gctimes":[0.0,0.0,0.0,0.0,0.0,0.0,0.0,0.0,0.0,0.0,0.0,0.0,0.0,0.0,0.0,0.0,0.0,0.0],"memory":5222432,"params":["Parameters",{"gctrial":true,"time_tolerance":0.05,"samples":10000,"evals":1,"gcsample":false,"seconds":5.0,"overhead":0.0,"memory_tolerance":0.01}],"times":[2.88311262e8,2.86581972e8,2.85953662e8,2.86626355e8,2.86229396e8,2.86346872e8,2.86774893e8,2.85719451e8,2.86125885e8,2.85590353e8,2.85775596e8,2.86298233e8,2.85507084e8,2.85382789e8,2.8531517e8,2.8549071e8,2.85285865e8,2.86571416e8]}],["Trial",{"allocs":14520,"gctimes":[0.0,0.0,0.0,0.0,0.0,0.0,0.0,0.0,0.0,0.0,0.0,0.0,0.0,0.0,0.0,0.0,0.0],"memory":5500256,"params":["Parameters",{"gctrial":true,"time_tolerance":0.05,"samples":10000,"evals":1,"gcsample":false,"seconds":5.0,"overhead":0.0,"memory_tolerance":0.01}],"times":[3.016983e8,3.01618723e8,2.99242326e8,2.99468513e8,3.00599929e8,2.99228411e8,2.99143847e8,3.02059554e8,2.98892614e8,2.99335542e8,2.99815371e8,3.06151147e8,3.12226531e8,3.17569865e8,3.15761073e8,3.016797e8,3.01459124e8]}],["Trial",{"allocs":14492,"gctimes":[0.0,0.0,0.0,0.0,0.0,0.0,0.0,0.0,0.0,0.0,0.0,0.0,0.0,0.0,0.0,0.0,0.0],"memory":5481664,"params":["Parameters",{"gctrial":true,"time_tolerance":0.05,"samples":10000,"evals":1,"gcsample":false,"seconds":5.0,"overhead":0.0,"memory_tolerance":0.01}],"times":[3.15386166e8,3.10310706e8,3.14152501e8,3.13268387e8,3.12766442e8,3.12116586e8,3.12872373e8,3.12304232e8,3.10608976e8,3.11493702e8,3.10319486e8,3.10253034e8,3.14830293e8,3.12485184e8,3.12939763e8,3.12631902e8,3.13406754e8]}]],"medians":[167.785219,227.615714,267.182884,275.213227,286.0397735,301.459124,312.631902]}