{"lengs":[10.0,21.544346900318835,46.41588833612779,100.0,215.44346900318845,464.15888336127773,1000.0],"benchmarks":[["Trial",{"allocs":12988,"gctimes":[0.0,0.0,0.0,0.0,0.0,0.0,0.0,0.0,0.0,0.0,0.0,0.0,0.0,0.0,0.0,0.0,0.0,0.0,0.0,0.0,0.0,0.0,0.0,0.0,0.0,0.0,0.0,0.0,0.0,8.675235e6,0.0,0.0,0.0,0.0,0.0,0.0,0.0,0.0,0.0,0.0,0.0,0.0,0.0,0.0,0.0,0.0,0.0,0.0,0.0,0.0,0.0,0.0,0.0,0.0,0.0,0.0,0.0,0.0,8.803463e6,0.0,0.0,0.0,0.0,0.0,0.0,0.0,0.0,0.0,0.0,0.0,0.0,0.0,0.0,0.0],"memory":5129360,"params":["Parameters",{"gctrial":true,"time_tolerance":0.05,"samples":10000,"evals":1,"gcsample":false,"seconds":5.0,"overhead":0.0,"memory_tolerance":0.01}],"times":[9.8016375e7,7.1652584e7,7.1376237e7,6.9819702e7,6.9369602e7,7.0568368e7,6.8018034e7,6.8080502e7,6.872705e7,6.8205414e7,6.8568053e7,6.8134033e7,6.8440171e7,6.9849098e7,6.9286187e7,6.876178e7,6.9862225e7,6.6875497e7,6.893603e7,6.8159375e7,6.6870745e7,6.7837512e7,6.7760604e7,6.5839334e7,6.6558611e7,6.6156281e7,6.5186114e7,6.5189485e7,6.6967924e7,7.9939005e7,6.8820252e7,6.7259983e7,6.5857722e7,6.5776969e7,6.6742311e7,6.8214886e7,6.6832973e7,6.7675012e7,6.7926024e7,6.5660081e7,6.7464132e7,6.6106533e7,6.6510223e7,6.5608073e7,6.5382855e7,6.775529e7,6.9040595e7,6.7202662e7,6.6351792e7,6.6327226e7,6.6226493e7,6.560111e7,6.6706906e7,6.6088373e7,6.6250889e7,6.6032354e7,6.5027858e7,6.6798363e7,7.7696788e7,6.5402069e7,6.6704718e7,6.5981313e7,6.4806106e7,6.6345246e7,6.5704129e7,6.6359592e7,6.8276499e7,6.6949416e7,6.8354833e7,6.5709102e7,6.5189646e7,6.6246239e7,6.7871497e7,6.6741004e7]}],["Trial",{"allocs":13497,"gctimes":[0.0,0.0,0.0,0.0,0.0,0.0,0.0,0.0,0.0,0.0,0.0,0.0,0.0,0.0,0.0,0.0,0.0,0.0,0.0,0.0,0.0,0.0,0.0,0.0,0.0,0.0,0.0,9.477641e6,0.0,0.0,0.0,0.0,0.0,0.0,0.0,0.0,0.0,0.0,0.0,0.0,0.0,0.0,0.0,0.0,0.0,0.0,0.0,0.0,0.0,0.0,0.0,0.0,0.0,0.0,8.907425e6,0.0,0.0,0.0,0.0,0.0,0.0,0.0,0.0,0.0,0.0,0.0,0.0,0.0,0.0],"memory":5509168,"params":["Parameters",{"gctrial":true,"time_tolerance":0.05,"samples":10000,"evals":1,"gcsample":false,"seconds":5.0,"overhead":0.0,"memory_tolerance":0.01}],"times":[7.2702451e7,6.9492223e7,7.0289588e7,7.1823443e7,7.0368275e7,6.9195132e7,6.9692825e7,7.0865759e7,7.0721702e7,7.0427118e7,7.1607952e7,7.1730948e7,7.0464471e7,6.9981145e7,7.0198494e7,6.9839955e7,7.0429349e7,7.3454468e7,7.2593931e7,7.3194827e7,7.2815984e7,7.2114739e7,7.3658826e7,7.3520364e7,7.2488644e7,7.4628491e7,7.5427855e7,8.5418173e7,7.0498605e7,7.2391068e7,7.4526515e7,7.2310905e7,7.1190125e7,7.1489793e7,7.1350792e7,7.162748e7,7.0324293e7,6.9564324e7,6.9550488e7,7.0919978e7,7.0388176e7,7.2663762e7,7.6241261e7,7.2383302e7,7.2815362e7,7.4166003e7,7.4611637e7,7.4161504e7,7.3334585e7,7.1896702e7,7.0828325e7,7.2135554e7,7.4274848e7,7.224749e7,8.8274428e7,7.3590778e7,7.398209e7,7.384454e7,7.1764917e7,7.1954828e7,7.2577339e7,7.3721805e7,7.3334412e7,7.2329147e7,7.405269e7,7.2393549e7,7.1889013e7,7.1921531e7,7.3495618e7]}],["Trial",{"allocs":15340,"gctimes":[0.0,0.0,0.0,0.0,0.0,0.0,0.0,0.0,0.0,0.0,0.0,0.0,0.0,0.0,0.0,0.0,0.0,0.0,0.0,0.0,0.0,0.0,0.0,0.0,9.27973e6,0.0,0.0,0.0,0.0,0.0,0.0,0.0,0.0,0.0,0.0,0.0,0.0,0.0,0.0,0.0,0.0,0.0,0.0,0.0,0.0,0.0,0.0,0.0,0.0,9.353923e6,0.0,0.0,0.0,0.0,0.0,0.0],"memory":6068448,"params":["Parameters",{"gctrial":true,"time_tolerance":0.05,"samples":10000,"evals":1,"gcsample":false,"seconds":5.0,"overhead":0.0,"memory_tolerance":0.01}],"times":[9.0441137e7,8.9156392e7,8.7492176e7,9.0823573e7,9.0272303e7,8.607356e7,8.6094533e7,8.8188563e7,8.8618725e7,8.5449134e7,8.9480684e7,8.8774166e7,8.9999806e7,8.9382123e7,9.0620672e7,8.9886354e7,8.8057184e7,8.8298236e7,8.7461222e7,8.7364823e7,8.9933449e7,8.7595194e7,8.7758111e7,8.8223986e7,9.9421138e7,9.268031e7,8.9656429e7,8.8561874e7,8.7433838e7,8.6625134e7,8.7529591e7,8.7191998e7,8.7766043e7,8.740634e7,8.9530415e7,9.0694559e7,8.9111303e7,9.021709e7,8.9839092e7,9.0337389e7,8.7479945e7,8.9475723e7,9.0779232e7,9.1463129e7,9.1216942e7,9.1168996e7,9.2766753e7,9.2681943e7,9.0611006e7,1.01648192e8,9.1498899e7,9.0675207e7,8.9569688e7,9.1614241e7,9.0280007e7,9.0611211e7]}],["Trial",{"allocs":17622,"gctimes":[0.0,0.0,0.0,0.0,0.0,0.0,0.0,0.0,0.0,0.0,0.0,0.0,0.0,0.0,0.0,0.0,0.0,0.0,0.0,0.0,0.0,0.0,0.0,9.660902e6,0.0,0.0,0.0,0.0,0.0,0.0,0.0,0.0,0.0,0.0,0.0,0.0,0.0,0.0,0.0,0.0,0.0,0.0,0.0,0.0,0.0,0.0],"memory":6455376,"params":["Parameters",{"gctrial":true,"time_tolerance":0.05,"samples":10000,"evals":1,"gcsample":false,"seconds":5.0,"overhead":0.0,"memory_tolerance":0.01}],"times":[1.13732092e8,1.10564707e8,1.08529726e8,1.11565756e8,1.10626853e8,1.09371588e8,1.11000936e8,1.11633929e8,1.13959102e8,1.09421213e8,1.09850178e8,1.08512962e8,1.08173643e8,1.09869423e8,1.08617375e8,1.07543724e8,1.07954832e8,1.09491544e8,1.10414144e8,1.108505e8,1.10710003e8,1.10494483e8,1.1059263e8,1.22538281e8,1.06832637e8,1.0844986e8,1.0908817e8,1.07440875e8,1.08437035e8,1.07227909e8,1.07852906e8,1.11216164e8,1.09388828e8,1.114159e8,1.12148897e8,1.09484807e8,1.08251849e8,1.0931848e8,1.1157222e8,1.08417243e8,1.08646727e8,1.07375648e8,1.10212897e8,1.09714976e8,1.11008258e8,1.10401778e8]}],["Trial",{"allocs":18992,"gctimes":[0.0,0.0,0.0,0.0,0.0,0.0,0.0,0.0,0.0,0.0,0.0,0.0,0.0,0.0,0.0,0.0,0.0,0.0,0.0,0.0,0.0,0.0,1.0071693e7,0.0,0.0,0.0,0.0,0.0,0.0,0.0,0.0,0.0,0.0,0.0,0.0,0.0,0.0,0.0,0.0,0.0,0.0,0.0,0.0],"memory":6698160,"params":["Parameters",{"gctrial":true,"time_tolerance":0.05,"samples":10000,"evals":1,"gcsample":false,"seconds":5.0,"overhead":0.0,"memory_tolerance":0.01}],"times":[1.16788136e8,1.1613457e8,1.13788964e8,1.17365146e8,1.16567874e8,1.16440492e8,1.18368163e8,1.18451861e8,1.17954739e8,1.18241511e8,1.17172926e8,1.17701719e8,1.17466322e8,1.14364725e8,1.15585463e8,1.14736484e8,1.13725675e8,1.15556583e8,1.14995298e8,1.17184947e8,1.19579994e8,1.16787344e8,1.370019e8,1.21154993e8,1.16596135e8,1.18381202e8,1.16813515e8,1.17621293e8,1.16218394e8,1.21601103e8,1.18618864e8,1.17507935e8,1.15965184e8,1.15398195e8,1.14763023e8,1.15609786e8,1.15415088e8,1.16392832e8,1.17099764e8,1.17455423e8,1.16465977e8,1.15730256e8,1.15178584e8]}],["Trial",{"allocs":21119,"gctimes":[0.0,0.0,0.0,0.0,0.0,0.0,0.0,0.0,0.0,0.0,0.0,0.0,0.0,0.0,0.0,0.0,0.0,0.0,0.0,0.0,0.0,9.982184e6,0.0,0.0,0.0,0.0,0.0,0.0,0.0,0.0,0.0,0.0,0.0,0.0,0.0,0.0,0.0,0.0,0.0,0.0],"memory":6860944,"params":["Parameters",{"gctrial":true,"time_tolerance":0.05,"samples":10000,"evals":1,"gcsample":false,"seconds":5.0,"overhead":0.0,"memory_tolerance":0.01}],"times":[1.32969329e8,1.3266877e8,1.31710654e8,1.32802244e8,1.33218307e8,1.30817896e8,1.32076147e8,1.32049184e8,1.33253083e8,1.32172424e8,1.29035759e8,1.25371851e8,1.24212071e8,1.25060851e8,1.26023945e8,1.25829503e8,1.2485872e8,1.2704085e8,1.26908949e8,1.25957795e8,1.23187665e8,1.38531394e8,1.26070318e8,1.24989944e8,1.24948174e8,1.25264521e8,1.2528569e8,1.23283525e8,1.23610374e8,1.23970707e8,1.25769361e8,1.25211007e8,1.24716563e8,1.24641247e8,1.2582376e8,1.24974503e8,1.25466759e8,1.24433974e8,1.25307344e8,1.26165343e8]}],["Trial",{"allocs":21709,"gctimes":[0.0,0.0,0.0,0.0,0.0,0.0,0.0,0.0,0.0,0.0,0.0,0.0,0.0,0.0,0.0,0.0,0.0,0.0,0.0,0.0,0.0,1.0206738e7,0.0,0.0,0.0,0.0,0.0,0.0,0.0,0.0,0.0,0.0,0.0,0.0,0.0,0.0,0.0,0.0],"memory":6888816,"params":["Parameters",{"gctrial":true,"time_tolerance":0.05,"samples":10000,"evals":1,"gcsample":false,"seconds":5.0,"overhead":0.0,"memory_tolerance":0.01}],"times":[1.36212419e8,1.28702674e8,1.32010845e8,1.32773821e8,1.3454879e8,1.32649923e8,1.30639029e8,1.31876752e8,1.36185217e8,1.36668349e8,1.32946944e8,1.3206576e8,1.40579907e8,1.39383966e8,1.3714746e8,1.38837766e8,1.31908989e8,1.31320968e8,1.3275517e8,1.37186359e8,1.30362749e8,1.4794971e8,1.29667434e8,1.39011061e8,1.32362425e8,1.31661516e8,1.35780808e8,1.36364812e8,1.32578464e8,1.32677863e8,1.29373117e8,1.34205211e8,1.36088399e8,1.33225957e8,1.31340121e8,1.32785323e8,1.31791822e8,1.29390975e8]}]],"medians":[66.9124565,72.24749,89.5500515,109.60326,116.787344,125.7965605,132.7644955]}