{"lengs":[10.0,21.544346900318835,46.41588833612779,100.0,215.44346900318845,464.15888336127773,1000.0],"benchmarks":[["Trial",{"allocs":60993,"gctimes":[0.0,1.1013619e7,1.1660389e7,0.0,1.1706872e7,1.2165101e7,0.0,1.2069139e7,0.0,1.0868889e7,1.0839271e7,0.0,1.1348394e7,1.1161918e7,0.0,1.0811542e7,1.0656108e7,0.0,1.303512e7],"memory":117338400,"params":["Parameters",{"gctrial":true,"time_tolerance":0.05,"samples":10000,"evals":1,"gcsample":false,"seconds":5.0,"overhead":0.0,"memory_tolerance":0.01}],"times":[2.63709145e8,2.80163124e8,2.79216898e8,2.62376181e8,2.7222728e8,2.74870923e8,2.61534665e8,2.73942834e8,2.63417494e8,2.73340216e8,2.72638187e8,2.55229834e8,2.72631522e8,2.70010617e8,2.90974067e8,2.70772664e8,2.74812208e8,3.37209057e8,3.67642679e8]}],["Trial",{"allocs":70673,"gctimes":[0.0,1.0815189e7,1.1508447e7,1.4488996e7,0.0,1.3372306e7,1.3201596e7,1.3775175e7,0.0,1.3792987e7,1.0999598e7,1.3529959e7,0.0,1.2177872e7],"memory":135966240,"params":["Parameters",{"gctrial":true,"time_tolerance":0.05,"samples":10000,"evals":1,"gcsample":false,"seconds":5.0,"overhead":0.0,"memory_tolerance":0.01}],"times":[3.11935364e8,3.30970909e8,3.25187631e8,3.84517158e8,3.4710836e8,4.56082218e8,4.41757634e8,4.24474239e8,4.16217078e8,3.49711589e8,3.58762221e8,4.42553345e8,3.96602899e8,3.41268375e8]}],["Trial",{"allocs":85208,"gctimes":[0.0,1.2890755e7,1.4635855e7,1.4646872e7,1.1422411e7,1.1319357e7,1.1491015e7,1.1718721e7,1.2034319e7,1.2011627e7,1.2321353e7],"memory":164010912,"params":["Parameters",{"gctrial":true,"time_tolerance":0.05,"samples":10000,"evals":1,"gcsample":false,"seconds":5.0,"overhead":0.0,"memory_tolerance":0.01}],"times":[5.86857607e8,5.8111051e8,5.86782402e8,4.98806396e8,4.98431247e8,4.46353037e8,4.39908527e8,4.3896909e8,4.35607735e8,4.04107102e8,4.13617519e8]}],["Trial",{"allocs":89798,"gctimes":[1.0671905e7,1.2443155e7,0.0,1.2372902e7,1.0770859e7,1.0410053e7,1.0351215e7,1.0536399e7,1.0777363e7,1.0947458e7,1.0691167e7,1.095272e7],"memory":172681728,"params":["Parameters",{"gctrial":true,"time_tolerance":0.05,"samples":10000,"evals":1,"gcsample":false,"seconds":5.0,"overhead":0.0,"memory_tolerance":0.01}],"times":[4.5513862e8,4.57824318e8,4.47896486e8,4.54407396e8,4.50545696e8,4.4912371e8,4.53645292e8,4.49078132e8,4.56608822e8,4.57739598e8,4.58461506e8,4.54520497e8]}],["Trial",{"allocs":91997,"gctimes":[1.050666e7,1.2210886e7,1.2627881e7,1.2579115e7,0.0,1.1637951e7,1.0728277e7,1.0624776e7,1.0708615e7,1.0909538e7,1.0820794e7],"memory":176848896,"params":["Parameters",{"gctrial":true,"time_tolerance":0.05,"samples":10000,"evals":1,"gcsample":false,"seconds":5.0,"overhead":0.0,"memory_tolerance":0.01}],"times":[4.91937825e8,4.87672334e8,4.82332947e8,4.85077701e8,4.66019969e8,4.94996862e8,5.11759609e8,4.86721072e8,4.84323089e8,4.9089446e8,4.93197339e8]}],["Trial",{"allocs":92714,"gctimes":[1.0472569e7,1.1983583e7,1.2894891e7,1.2619361e7,0.0,1.1766233e7,1.0989574e7,1.0500232e7,1.0585848e7,1.0962694e7],"memory":178272848,"params":["Parameters",{"gctrial":true,"time_tolerance":0.05,"samples":10000,"evals":1,"gcsample":false,"seconds":5.0,"overhead":0.0,"memory_tolerance":0.01}],"times":[5.32179176e8,4.93653904e8,4.97441919e8,5.00518127e8,5.02185462e8,5.11131531e8,5.0596346e8,5.13778469e8,5.73711449e8,5.37234416e8]}],["Trial",{"allocs":92782,"gctimes":[1.0880015e7,1.2437533e7,1.3181373e7,1.3077475e7,0.0,1.2237712e7,1.0907317e7,1.0804335e7,1.0973164e7,1.0764275e7],"memory":178415008,"params":["Parameters",{"gctrial":true,"time_tolerance":0.05,"samples":10000,"evals":1,"gcsample":false,"seconds":5.0,"overhead":0.0,"memory_tolerance":0.01}],"times":[5.24775981e8,5.338953e8,5.10855659e8,5.24405378e8,5.02174641e8,5.01076283e8,5.01448708e8,5.05431e8,5.1512704e8,4.99890868e8]}]],"medians":[272.638187,371.6396895,446.353037,454.4639465,487.672334,508.5474955,508.1433295]}