{"lengs":[10.0,21.544346900318835,46.41588833612779,100.0,215.44346900318845,464.15888336127773,1000.0],"benchmarks":[["Trial",{"allocs":7523,"gctimes":[0.0,0.0,0.0,0.0,0.0,0.0,0.0,0.0,0.0,0.0,0.0,0.0,0.0,0.0,0.0,0.0,0.0,0.0,0.0,0.0,0.0,0.0,0.0,0.0,0.0,0.0,0.0,0.0,0.0,0.0,0.0],"memory":2930784,"params":["Parameters",{"gctrial":true,"time_tolerance":0.05,"samples":10000,"evals":1,"gcsample":false,"seconds":5.0,"overhead":0.0,"memory_tolerance":0.01}],"times":[1.65859886e8,1.65335614e8,1.72996314e8,1.66392384e8,1.65403343e8,1.66547661e8,1.65837159e8,1.66484682e8,1.71754826e8,1.65708746e8,1.66013231e8,1.66722808e8,1.66600141e8,1.68212263e8,1.67146787e8,1.66795198e8,1.66460092e8,1.65495028e8,1.66195444e8,1.65207319e8,1.63149024e8,1.62884916e8,1.62709533e8,1.63069282e8,1.63157534e8,1.62821907e8,1.63693942e8,1.62991647e8,1.63889553e8,1.63595081e8,1.62549607e8]}],["Trial",{"allocs":10183,"gctimes":[0.0,0.0,0.0,0.0,0.0,0.0,0.0,0.0,0.0,0.0,0.0,0.0,0.0,0.0,0.0,0.0,0.0,0.0,0.0,0.0,0.0,0.0],"memory":3851872,"params":["Parameters",{"gctrial":true,"time_tolerance":0.05,"samples":10000,"evals":1,"gcsample":false,"seconds":5.0,"overhead":0.0,"memory_tolerance":0.01}],"times":[2.30456472e8,2.2654454e8,2.4464879e8,2.28206187e8,2.27860415e8,2.28079378e8,2.32612183e8,2.28822115e8,2.2668533e8,2.30244821e8,2.28170257e8,2.31406015e8,2.27990259e8,2.27626111e8,2.28430764e8,2.24362784e8,2.25148723e8,2.24960227e8,2.25184206e8,2.24101809e8,2.2254759e8,2.21758422e8]}],["Trial",{"allocs":11801,"gctimes":[0.0,0.0,0.0,0.0,0.0,0.0,0.0,0.0,0.0,0.0,0.0,0.0,0.0,0.0,0.0,0.0,0.0,0.0,0.0,0.0],"memory":4515968,"params":["Parameters",{"gctrial":true,"time_tolerance":0.05,"samples":10000,"evals":1,"gcsample":false,"seconds":5.0,"overhead":0.0,"memory_tolerance":0.01}],"times":[2.64522026e8,2.61664199e8,2.6213211e8,2.62488074e8,2.60600591e8,2.61019915e8,2.61139775e8,2.6102338e8,2.61328241e8,2.6230982e8,2.62100473e8,2.60434423e8,2.6123707e8,2.61306758e8,2.61482635e8,2.61753078e8,2.60525944e8,2.62242776e8,2.60846369e8,2.60422695e8]}],["Trial",{"allocs":13138,"gctimes":[0.0,0.0,0.0,0.0,0.0,0.0,0.0,0.0,0.0,0.0,0.0,0.0,0.0,0.0,0.0,0.0,0.0,0.0,0.0],"memory":5002720,"params":["Parameters",{"gctrial":true,"time_tolerance":0.05,"samples":10000,"evals":1,"gcsample":false,"seconds":5.0,"overhead":0.0,"memory_tolerance":0.01}],"times":[2.71661267e8,2.74863911e8,2.69485782e8,2.69946245e8,2.70199632e8,2.68885884e8,2.6904691e8,2.68082841e8,2.68407669e8,2.68776808e8,2.69795618e8,2.688461e8,2.69735673e8,2.692869e8,2.68375677e8,2.68265732e8,2.6938235e8,2.69902121e8,2.6982885e8]}],["Trial",{"allocs":14122,"gctimes":[0.0,0.0,0.0,0.0,0.0,0.0,0.0,0.0,0.0,0.0,0.0,0.0,0.0,0.0,0.0,0.0,0.0,0.0],"memory":5222432,"params":["Parameters",{"gctrial":true,"time_tolerance":0.05,"samples":10000,"evals":1,"gcsample":false,"seconds":5.0,"overhead":0.0,"memory_tolerance":0.01}],"times":[2.77837268e8,2.77414097e8,2.77520266e8,2.76933516e8,2.76727145e8,2.79470591e8,2.78476453e8,2.7776079e8,2.76432426e8,2.78364588e8,2.76367685e8,2.77237508e8,2.78702425e8,2.87812035e8,2.86540126e8,2.79113139e8,2.80442185e8,2.7903167e8]}],["Trial",{"allocs":14520,"gctimes":[0.0,0.0,0.0,0.0,0.0,0.0,0.0,0.0,0.0,0.0,0.0,0.0,0.0,0.0,0.0,0.0,0.0],"memory":5500256,"params":["Parameters",{"gctrial":true,"time_tolerance":0.05,"samples":10000,"evals":1,"gcsample":false,"seconds":5.0,"overhead":0.0,"memory_tolerance":0.01}],"times":[2.95928664e8,2.95016234e8,2.94305584e8,2.94817293e8,3.0071386e8,2.96031541e8,2.92402218e8,2.92324255e8,2.87808135e8,3.04138959e8,2.99856477e8,2.97144928e8,3.1139507e8,3.01678394e8,2.98581561e8,2.98395123e8,2.98516789e8]}],["Trial",{"allocs":14492,"gctimes":[0.0,0.0,0.0,0.0,0.0,0.0,0.0,0.0,0.0,0.0,0.0,0.0,0.0,0.0,0.0,0.0,0.0],"memory":5481664,"params":["Parameters",{"gctrial":true,"time_tolerance":0.05,"samples":10000,"evals":1,"gcsample":false,"seconds":5.0,"overhead":0.0,"memory_tolerance":0.01}],"times":[3.09866512e8,3.09394471e8,3.08483399e8,3.09172117e8,3.07760405e8,3.08282592e8,3.08203063e8,3.07645378e8,3.07425481e8,3.06144186e8,3.06891594e8,3.06875099e8,3.06518656e8,3.05019979e8,3.05805688e8,3.05591017e8,3.06970705e8]}]],"medians":[165.708746,227.925337,261.3174995,269.38235,278.100928,297.144928,307.425481]}