{"lengs":[10.0,21.544346900318835,46.41588833612779,100.0,215.44346900318845,464.15888336127773,1000.0],"benchmarks":[["Trial",{"allocs":32751,"gctimes":[0.0,0.0,0.0,0.0],"memory":23251216,"params":["Parameters",{"gctrial":true,"time_tolerance":0.05,"samples":10000,"evals":1,"gcsample":false,"seconds":5.0,"overhead":0.0,"memory_tolerance":0.01}],"times":[1.479401534e9,1.458956676e9,1.479631474e9,1.584664462e9]}],["Trial",{"allocs":33978,"gctimes":[0.0,0.0,0.0,0.0],"memory":23635648,"params":["Parameters",{"gctrial":true,"time_tolerance":0.05,"samples":10000,"evals":1,"gcsample":false,"seconds":5.0,"overhead":0.0,"memory_tolerance":0.01}],"times":[1.575660434e9,1.664451725e9,1.6416331e9,1.63082281e9]}],["Trial",{"allocs":37177,"gctimes":[0.0,0.0,0.0],"memory":24164592,"params":["Parameters",{"gctrial":true,"time_tolerance":0.05,"samples":10000,"evals":1,"gcsample":false,"seconds":5.0,"overhead":0.0,"memory_tolerance":0.01}],"times":[1.689746161e9,1.755491263e9,1.816073629e9]}],["Trial",{"allocs":40408,"gctimes":[0.0,0.0,0.0],"memory":24804384,"params":["Parameters",{"gctrial":true,"time_tolerance":0.05,"samples":10000,"evals":1,"gcsample":false,"seconds":5.0,"overhead":0.0,"memory_tolerance":0.01}],"times":[1.962711823e9,1.973614605e9,1.89268604e9]}],["Trial",{"allocs":44532,"gctimes":[0.0,0.0,0.0],"memory":25429984,"params":["Parameters",{"gctrial":true,"time_tolerance":0.05,"samples":10000,"evals":1,"gcsample":false,"seconds":5.0,"overhead":0.0,"memory_tolerance":0.01}],"times":[2.131588778e9,2.111525392e9,2.114967657e9]}],["Trial",{"allocs":46822,"gctimes":[0.0,0.0,0.0],"memory":26054336,"params":["Parameters",{"gctrial":true,"time_tolerance":0.05,"samples":10000,"evals":1,"gcsample":false,"seconds":5.0,"overhead":0.0,"memory_tolerance":0.01}],"times":[2.268762507e9,2.264813732e9,2.300608416e9]}],["Trial",{"allocs":48336,"gctimes":[0.0,0.0,0.0],"memory":26907120,"params":["Parameters",{"gctrial":true,"time_tolerance":0.05,"samples":10000,"evals":1,"gcsample":false,"seconds":5.0,"overhead":0.0,"memory_tolerance":0.01}],"times":[2.327758132e9,2.286421397e9,2.3175987e9]}]],"medians":[1479.516504,1636.227955,1755.491263,1962.711823,2114.967657,2268.762507,2317.5987]}