{"lengs":[10.0,31.622776601683793,100.0,316.2277660168379,1000.0,3162.2776601683795,10000.0,31622.776601683792,100000.0],"benchmarks":[["Trial",{"allocs":10,"gctimes":[0.0,0.0,0.0,0.0,0.0,0.0,0.0,0.0,0.0,0.0,0.0,0.0,0.0,0.0,0.0,0.0,0.0,0.0,0.0,0.0,0.0,0.0,0.0,0.0,0.0,0.0,0.0,0.0,0.0,0.0,0.0,0.0,0.0,0.0,0.0,0.0,0.0,0.0,0.0,0.0,0.0,0.0,0.0,0.0,0.0,0.0,0.0,0.0,0.0,0.0,0.0,0.0,0.0,0.0,0.0,0.0,0.0,0.0,0.0,0.0,0.0,0.0,0.0,0.0,0.0,0.0,0.0,0.0,0.0],"memory":2816,"params":["Parameters",{"gctrial":true,"time_tolerance":0.05,"samples":10000,"evals":1,"gcsample":false,"seconds":5.0,"overhead":0.0,"memory_tolerance":0.01}],"times":[7.1862821e7,7.2803938e7,7.3034325e7,7.2576559e7,7.2729984e7,7.2917697e7,7.2703821e7,7.2775207e7,7.224396e7,7.1914388e7,7.2752719e7,7.3097568e7,7.2302143e7,7.2925614e7,7.2779196e7,7.2515826e7,7.2347966e7,7.282383e7,7.2365021e7,7.2778983e7,7.2473682e7,7.2868967e7,7.3107821e7,7.3052241e7,7.2837458e7,7.2587438e7,7.2849724e7,7.2838434e7,7.2938154e7,7.2278313e7,7.235546e7,7.2317108e7,7.2762476e7,7.2081168e7,7.2309856e7,7.2984113e7,7.2174963e7,7.2950123e7,7.264932e7,7.259278e7,7.2340921e7,7.2668337e7,7.2281303e7,7.3077438e7,7.2395563e7,7.2485895e7,7.2271851e7,7.2487311e7,7.2341478e7,7.2844243e7,7.2414603e7,7.2919581e7,7.2353091e7,7.2759808e7,7.2904123e7,7.2676799e7,7.279222e7,7.2352927e7,7.273909e7,7.2486091e7,7.2625109e7,7.2702632e7,7.2562798e7,7.2673684e7,7.2083001e7,7.2756615e7,7.2592212e7,7.3206973e7,7.2908995e7]}],["Trial",{"allocs":10,"gctimes":[0.0,0.0,0.0,0.0,0.0,0.0,0.0,0.0,0.0,0.0,0.0,0.0,0.0,0.0,0.0,0.0,0.0,0.0,0.0,0.0,0.0,0.0,0.0],"memory":2816,"params":["Parameters",{"gctrial":true,"time_tolerance":0.05,"samples":10000,"evals":1,"gcsample":false,"seconds":5.0,"overhead":0.0,"memory_tolerance":0.01}],"times":[2.25153745e8,2.25621795e8,2.25617776e8,2.26354791e8,2.24612985e8,2.26172303e8,2.23520459e8,2.25008638e8,2.25537293e8,2.25394168e8,2.25051122e8,2.25459047e8,2.2532598e8,2.24474814e8,2.22869069e8,2.26116656e8,2.24826923e8,2.26101208e8,2.25288159e8,2.25041344e8,2.26229992e8,2.25242362e8,2.2472492e8]}],["Trial",{"allocs":10,"gctimes":[0.0,0.0,0.0,0.0,0.0,0.0,0.0,0.0],"memory":2816,"params":["Parameters",{"gctrial":true,"time_tolerance":0.05,"samples":10000,"evals":1,"gcsample":false,"seconds":5.0,"overhead":0.0,"memory_tolerance":0.01}],"times":[7.08442825e8,7.06062904e8,7.01660591e8,7.08738602e8,7.08319929e8,7.08139785e8,7.07315861e8,7.09073662e8]}],["Trial",{"allocs":10,"gctimes":[0.0,0.0,0.0],"memory":2816,"params":["Parameters",{"gctrial":true,"time_tolerance":0.05,"samples":10000,"evals":1,"gcsample":false,"seconds":5.0,"overhead":0.0,"memory_tolerance":0.01}],"times":[2.230775539e9,2.234568909e9,2.238111981e9]}],["Trial",{"allocs":10,"gctimes":[0.0],"memory":2816,"params":["Parameters",{"gctrial":true,"time_tolerance":0.05,"samples":10000,"evals":1,"gcsample":false,"seconds":5.0,"overhead":0.0,"memory_tolerance":0.01}],"times":[7.06330623e9]}],["Trial",{"allocs":10,"gctimes":[0.0],"memory":2816,"params":["Parameters",{"gctrial":true,"time_tolerance":0.05,"samples":10000,"evals":1,"gcsample":false,"seconds":5.0,"overhead":0.0,"memory_tolerance":0.01}],"times":[2.2320636106e10]}],["Trial",{"allocs":10,"gctimes":[0.0],"memory":2816,"params":["Parameters",{"gctrial":true,"time_tolerance":0.05,"samples":10000,"evals":1,"gcsample":false,"seconds":5.0,"overhead":0.0,"memory_tolerance":0.01}],"times":[7.0501099774e10]}],["Trial",{"allocs":10,"gctimes":[0.0],"memory":2816,"params":["Parameters",{"gctrial":true,"time_tolerance":0.05,"samples":10000,"evals":1,"gcsample":false,"seconds":5.0,"overhead":0.0,"memory_tolerance":0.01}],"times":[2.28663191065e11]}],["Trial",{"allocs":10,"gctimes":[0.0],"memory":2816,"params":["Parameters",{"gctrial":true,"time_tolerance":0.05,"samples":10000,"evals":1,"gcsample":false,"seconds":5.0,"overhead":0.0,"memory_tolerance":0.01}],"times":[7.06289430433e11]}]],"medians":[72.673684,225.288159,708.229857,2234.568909,7063.30623,22320.636106,70501.099774,228663.191065,706289.430433]}