{"lengs":[10.0,21.544346900318835,46.41588833612779,100.0,215.44346900318845,464.15888336127773,1000.0],"benchmarks":[["Trial",{"allocs":60993,"gctimes":[0.0,9.044067e6,9.634885e6,9.830208e6,9.772198e6,0.0,9.650793e6,9.199649e6,9.480793e6,9.955048e6,0.0,9.840167e6,9.491743e6,9.69695e6,0.0,9.512052e6,9.050738e6,9.179982e6,9.407241e6,0.0],"memory":117338304,"params":["Parameters",{"gctrial":true,"time_tolerance":0.05,"samples":10000,"evals":1,"gcsample":false,"seconds":5.0,"overhead":0.0,"memory_tolerance":0.01}],"times":[2.58746864e8,2.63167853e8,2.6676084e8,2.63053897e8,2.64555954e8,2.53503286e8,2.64750354e8,2.65809154e8,2.62349559e8,2.66113106e8,2.5380166e8,2.64733848e8,2.66118852e8,2.67794543e8,2.53606651e8,2.69521751e8,2.64764727e8,2.65784044e8,2.63242568e8,2.55525121e8]}],["Trial",{"allocs":70673,"gctimes":[0.0,9.554676e6,9.766852e6,9.606436e6,9.052882e6,9.185074e6,9.413249e6,9.372058e6,9.438746e6,9.683349e6,9.766986e6,1.0042479e7,0.0,9.724819e6,8.948035e6,9.01307e6],"memory":135966144,"params":["Parameters",{"gctrial":true,"time_tolerance":0.05,"samples":10000,"evals":1,"gcsample":false,"seconds":5.0,"overhead":0.0,"memory_tolerance":0.01}],"times":[3.11596911e8,3.16658439e8,3.17990757e8,3.16725275e8,3.17767448e8,3.17261403e8,3.19684345e8,3.17617427e8,3.16984575e8,3.18061405e8,3.18379901e8,3.19564648e8,3.06217217e8,3.19446681e8,3.16413011e8,3.15820002e8]}],["Trial",{"allocs":85208,"gctimes":[9.380581e6,1.0198775e7,1.097055e7,9.994476e6,9.570126e6,9.519994e6,9.197529e6,9.326583e6,9.322342e6,8.875636e6,1.8186432e7,1.0282653e7,1.0799758e7],"memory":164010816,"params":["Parameters",{"gctrial":true,"time_tolerance":0.05,"samples":10000,"evals":1,"gcsample":false,"seconds":5.0,"overhead":0.0,"memory_tolerance":0.01}],"times":[4.05303371e8,4.00911935e8,4.0588014e8,3.95965887e8,3.96132263e8,3.96196952e8,3.9810131e8,3.98329239e8,3.98820558e8,3.96888807e8,4.07848461e8,3.9819242e8,3.99976544e8]}],["Trial",{"allocs":89798,"gctimes":[9.107148e6,1.0294464e7,1.0559367e7,9.927246e6,9.321454e6,9.199022e6,1.8610991e7,1.0594529e7,1.0758743e7,1.0260958e7,1.0024284e7,9.825106e6],"memory":172681632,"params":["Parameters",{"gctrial":true,"time_tolerance":0.05,"samples":10000,"evals":1,"gcsample":false,"seconds":5.0,"overhead":0.0,"memory_tolerance":0.01}],"times":[4.40288721e8,4.37796076e8,4.41511026e8,4.38839163e8,4.37316727e8,4.37710845e8,4.52438488e8,4.40349785e8,4.40322399e8,4.39317249e8,4.37089151e8,4.37915765e8]}],["Trial",{"allocs":91997,"gctimes":[9.002841e6,1.0872029e7,1.0844121e7,1.0745222e7,9.482695e6,1.9059719e7,1.0409111e7,1.0566463e7,9.92896e6,9.645236e6,9.326584e6],"memory":176848800,"params":["Parameters",{"gctrial":true,"time_tolerance":0.05,"samples":10000,"evals":1,"gcsample":false,"seconds":5.0,"overhead":0.0,"memory_tolerance":0.01}],"times":[4.73495055e8,4.70944117e8,4.72218909e8,4.70435917e8,4.68598906e8,4.93112759e8,4.90173241e8,4.90541293e8,4.8546906e8,4.68043567e8,4.70303471e8]}],["Trial",{"allocs":92714,"gctimes":[1.0052522e7,1.0684536e7,1.0649807e7,9.736846e6,1.8724742e7,1.0109053e7,1.0418715e7,1.0046386e7,1.0006796e7,9.873823e6,9.415423e6],"memory":178272752,"params":["Parameters",{"gctrial":true,"time_tolerance":0.05,"samples":10000,"evals":1,"gcsample":false,"seconds":5.0,"overhead":0.0,"memory_tolerance":0.01}],"times":[4.87402484e8,4.84603017e8,4.8657611e8,4.82776084e8,4.90661933e8,4.78528816e8,4.79853492e8,4.81132159e8,4.80678253e8,5.00941387e8,4.98730741e8]}],["Trial",{"allocs":92782,"gctimes":[9.257923e6,1.0354132e7,1.0792198e7,1.0029196e7,1.9547959e7,1.0528896e7,1.0774729e7,1.0389839e7,1.0304881e7,1.0025267e7,9.673468e6],"memory":178414912,"params":["Parameters",{"gctrial":true,"time_tolerance":0.05,"samples":10000,"evals":1,"gcsample":false,"seconds":5.0,"overhead":0.0,"memory_tolerance":0.01}],"times":[4.91445836e8,4.88433477e8,4.87552058e8,4.8439568e8,4.95771801e8,4.86208089e8,4.84865098e8,4.84062687e8,4.90982024e8,4.86282309e8,4.84255708e8]}]],"medians":[264.644901,317.439415,398.329239,439.078206,472.218909,484.603017,486.282309]}