{"lengs":[10.0,31.622776601683793,100.0,316.2277660168379,1000.0,3162.2776601683795,10000.0,31622.776601683792,100000.0],"benchmarks":[["Trial",{"allocs":2726903,"gctimes":[0.0,0.0,1.1614742e7,0.0,1.1758115e7,0.0,1.183259e7,0.0,0.0,1.192346e7,0.0,1.1937889e7,0.0,1.1744125e7,0.0,0.0,1.2239138e7,0.0,1.1999775e7,0.0,1.2121971e7,0.0,0.0,1.2219692e7,0.0,1.211797e7,0.0,1.2270766e7,0.0,0.0,1.1890663e7,0.0,1.1783576e7,0.0,1.1874757e7,0.0,0.0,1.1804067e7,0.0,1.1759932e7,0.0,1.2091975e7,0.0,0.0,1.2167145e7,0.0,1.2438191e7,0.0,1.243273e7,0.0,0.0,1.2001213e7,0.0,1.1932012e7,0.0,1.2031233e7,0.0,0.0,1.2083253e7,0.0,1.2075366e7],"memory":44450528,"params":["Parameters",{"gctrial":true,"time_tolerance":0.05,"samples":10000,"evals":1,"gcsample":false,"seconds":5.0,"overhead":0.0,"memory_tolerance":0.01}],"times":[8.6843447e7,8.9105378e7,9.359655e7,7.5008434e7,9.3959505e7,7.2580099e7,9.6840295e7,7.2019556e7,7.9629507e7,8.9573446e7,7.4485466e7,9.36526e7,7.2271222e7,9.6158762e7,7.1651183e7,7.969429e7,8.9813881e7,7.5445035e7,9.4243779e7,7.2393122e7,9.7118281e7,7.1858711e7,7.9922932e7,8.9537953e7,7.4787114e7,9.3783884e7,7.3889829e7,9.7206383e7,7.1970279e7,7.9553743e7,8.8980467e7,7.4501136e7,9.2937172e7,7.221451e7,9.6449816e7,7.1795235e7,8.1739046e7,8.8903013e7,7.4760257e7,9.3074155e7,7.204486e7,9.6981303e7,7.1723003e7,8.0498554e7,8.9230292e7,7.5232424e7,9.4478545e7,7.2080671e7,9.7753178e7,7.1836505e7,7.9796475e7,8.906973e7,7.5359136e7,9.3137889e7,7.2243056e7,9.700994e7,7.1965876e7,8.0371264e7,8.9243129e7,7.5549843e7,9.3068092e7]}],["Trial",{"allocs":2726947,"gctimes":[0.0,0.0,1.1716072e7,0.0,1.1923361e7,0.0,1.2479662e7,0.0,0.0,1.2434657e7,0.0,1.2369371e7,0.0,1.228241e7,0.0,0.0,1.2384985e7,0.0,1.2233541e7,0.0,1.2176359e7,0.0,0.0,1.21678e7,0.0,1.2087218e7,0.0,1.2726893e7,0.0,0.0,1.2394767e7,0.0,1.2421592e7,0.0,1.2513674e7,0.0,0.0,1.2454407e7,0.0,1.2300582e7,0.0,1.2122971e7,0.0,0.0,1.2186832e7,0.0,1.2377684e7,0.0,1.2169671e7,0.0,0.0,1.2271552e7,0.0,1.2212851e7,0.0,1.2344373e7,0.0,0.0,1.232914e7,0.0],"memory":44458528,"params":["Parameters",{"gctrial":true,"time_tolerance":0.05,"samples":10000,"evals":1,"gcsample":false,"seconds":5.0,"overhead":0.0,"memory_tolerance":0.01}],"times":[8.5366763e7,8.6296121e7,8.9703467e7,7.4604774e7,9.4209237e7,7.2348669e7,9.7518824e7,7.2079112e7,8.020204e7,9.0410824e7,7.4849108e7,9.4958742e7,7.261741e7,9.7505823e7,7.1988461e7,7.9948532e7,8.9859206e7,7.4590572e7,9.4207304e7,7.243811e7,9.7431197e7,7.1947535e7,7.9941692e7,8.9301251e7,7.4735982e7,9.3899567e7,7.2328676e7,9.877055e7,7.1905858e7,7.9965104e7,9.0190535e7,7.497543e7,9.4487931e7,7.2328634e7,9.7917304e7,7.229244e7,8.0274567e7,8.9658965e7,8.0055664e7,9.4281886e7,7.691363e7,9.7587476e7,7.2285022e7,8.0187036e7,8.9991649e7,7.581488e7,9.9586413e7,7.2475905e7,1.01974247e8,7.2005405e7,8.0964505e7,9.2440669e7,8.0803201e7,9.4348638e7,7.82273e7,9.9212483e7,7.3327758e7,8.1504263e7,9.5694176e7,9.9882633e7]}],["Trial",{"allocs":2732881,"gctimes":[0.0,0.0,1.239153e7,0.0,1.2502821e7,0.0,1.2443964e7,0.0,0.0,1.2461511e7,0.0,1.2505946e7,0.0,1.2317819e7,0.0,0.0,1.2462259e7,0.0,1.2680923e7,0.0,1.2224632e7,0.0,0.0,1.2524005e7,0.0,1.2364843e7,0.0,1.2769165e7,0.0,0.0,1.2291882e7,0.0,1.231703e7,0.0,1.2497268e7,0.0,0.0,1.2368049e7,0.0,1.2400247e7,0.0,1.2357429e7,0.0,0.0,1.2393304e7,0.0,1.2397236e7,0.0,1.2397879e7,0.0,0.0,1.2469467e7,0.0,1.2252324e7,0.0,1.2293779e7,0.0,0.0,1.2393774e7,0.0],"memory":44557248,"params":["Parameters",{"gctrial":true,"time_tolerance":0.05,"samples":10000,"evals":1,"gcsample":false,"seconds":5.0,"overhead":0.0,"memory_tolerance":0.01}],"times":[8.5897344e7,8.7255996e7,9.104514e7,7.4680629e7,9.5035176e7,7.2599986e7,9.8024231e7,7.1946113e7,8.0199313e7,9.0267162e7,7.5028068e7,9.4540982e7,7.4346359e7,9.940941e7,7.2172822e7,8.0436858e7,8.993897e7,7.556131e7,9.4720249e7,7.2331652e7,9.7459175e7,7.2089741e7,8.0681115e7,8.9330154e7,7.6399446e7,9.4377652e7,7.7176428e7,1.22286273e8,7.3837107e7,8.1560758e7,8.8934211e7,7.6690065e7,9.3494863e7,7.2569712e7,1.02724878e8,7.2304896e7,8.114815e7,8.8770632e7,7.6889807e7,9.3156841e7,7.2670323e7,9.777558e7,7.2111455e7,8.1528462e7,8.8262785e7,7.7191085e7,9.2676925e7,7.2811684e7,9.7891752e7,7.2404791e7,8.197873e7,8.8313735e7,7.7369455e7,9.2557859e7,7.2522311e7,9.7272199e7,7.2162569e7,8.2331909e7,8.7499452e7,7.73098e7]}],["Trial",{"allocs":2735925,"gctimes":[0.0,0.0,1.1934313e7,0.0,1.2551967e7,0.0,1.2680156e7,0.0,0.0,1.2505978e7,0.0,1.2299852e7,0.0,1.2918046e7,0.0,0.0,1.2724083e7,0.0,1.2901958e7,0.0,1.2581755e7,0.0,0.0,1.2709512e7,0.0,1.277949e7,0.0,1.2798519e7,0.0,0.0,1.2767793e7,0.0,1.2715223e7,0.0,1.2541939e7,0.0,0.0,1.2899346e7,0.0,1.278289e7,0.0,1.2481995e7,0.0,0.0,1.2553851e7,0.0,1.2896384e7,0.0,1.2638997e7,0.0,0.0,1.2555571e7,0.0,1.3273083e7,0.0,1.2835057e7,0.0,0.0,1.2842587e7],"memory":44620608,"params":["Parameters",{"gctrial":true,"time_tolerance":0.05,"samples":10000,"evals":1,"gcsample":false,"seconds":5.0,"overhead":0.0,"memory_tolerance":0.01}],"times":[8.7104741e7,8.7691495e7,9.0636275e7,7.546571e7,9.5991125e7,7.3777793e7,9.9132547e7,7.3374206e7,8.02024e7,9.0858493e7,7.6918619e7,9.5701507e7,7.4132204e7,1.00837876e8,7.5568681e7,8.3132588e7,9.8550267e7,7.9339049e7,9.7458574e7,7.4827894e7,9.9953718e7,7.3137508e7,8.2779081e7,9.0873663e7,7.7924387e7,9.6069519e7,7.5348722e7,1.00250738e8,7.3395982e7,8.2629677e7,9.0444133e7,8.8349986e7,9.4576218e7,7.4175878e7,9.8709571e7,7.3156505e7,8.3041288e7,8.9673951e7,7.8302071e7,9.4218343e7,7.9390467e7,9.892373e7,7.7881835e7,8.3095016e7,9.3299557e7,7.9379401e7,9.5130698e7,7.5224774e7,1.04334952e8,7.2564586e7,8.4458445e7,8.7709765e7,8.5565354e7,1.01939805e8,7.6996294e7,1.00100473e8,7.4479066e7,8.5561655e7,9.3673469e7]}],["Trial",{"allocs":2723980,"gctimes":[0.0,0.0,1.1797146e7,0.0,1.2172886e7,0.0,1.2358874e7,0.0,0.0,1.2503832e7,0.0,1.2226482e7,0.0,1.273208e7,0.0,0.0,1.2399509e7,0.0,1.2191764e7,0.0,1.2516169e7,0.0,0.0,1.2699115e7,0.0,1.2251807e7,0.0,1.2397133e7,0.0,0.0,1.2378616e7,0.0,1.2320895e7,0.0,1.2300899e7,0.0,0.0,1.2426938e7,0.0,1.2554792e7,0.0,1.2780163e7,0.0,0.0,1.2735828e7,0.0,1.2516832e7,0.0,1.2613497e7,0.0,0.0,1.2606538e7,0.0,1.2449851e7,0.0,0.0,1.2718069e7,0.0,1.2622053e7,0.0],"memory":44409168,"params":["Parameters",{"gctrial":true,"time_tolerance":0.05,"samples":10000,"evals":1,"gcsample":false,"seconds":5.0,"overhead":0.0,"memory_tolerance":0.01}],"times":[8.7630676e7,8.7976523e7,9.0490201e7,7.5901873e7,9.4999696e7,7.2961056e7,9.9261951e7,7.342567e7,8.0904729e7,9.2267114e7,7.6168535e7,9.6474955e7,7.3283813e7,9.9494868e7,7.448351e7,8.1688776e7,9.2423732e7,7.5403372e7,9.4642982e7,7.2819626e7,9.9355539e7,7.5458358e7,8.0912419e7,9.2225063e7,7.5718552e7,9.6012089e7,7.3924329e7,9.8965513e7,7.3256479e7,8.0037746e7,9.1455048e7,7.4697168e7,9.5559882e7,7.2789286e7,9.8087266e7,7.2792128e7,8.0468341e7,9.1212463e7,7.5329296e7,9.7012217e7,7.2918114e7,9.9203163e7,7.3739841e7,7.9813436e7,9.2176784e7,7.5386678e7,9.727545e7,7.4449039e7,9.9190937e7,7.2628155e7,7.959715e7,9.0986847e7,7.5036088e7,9.6183502e7,7.3448977e7,9.3400221e7,8.7263493e7,8.0931795e7,9.2128103e7,7.627866e7]}],["Trial",{"allocs":2975471,"gctimes":[0.0,0.0,1.1987174e7,0.0,1.2173754e7,0.0,1.2164193e7,0.0,1.2222043e7,0.0,1.2230288e7,0.0,1.2123737e7,0.0,1.2241419e7,0.0,0.0,1.2398604e7,0.0,1.2058043e7,0.0,1.2252374e7,0.0,1.2028019e7,0.0,1.227357e7,0.0,1.2208401e7,0.0,1.2428493e7,0.0,0.0,1.2540692e7,0.0,1.2240265e7,0.0,1.2192894e7,0.0,1.2013043e7,0.0,1.1926461e7,0.0,1.2230899e7,0.0,1.2090378e7,0.0,0.0,1.216162e7,0.0,1.1952503e7,0.0,1.1895255e7,0.0,1.2526712e7,0.0],"memory":48476768,"params":["Parameters",{"gctrial":true,"time_tolerance":0.05,"samples":10000,"evals":1,"gcsample":false,"seconds":5.0,"overhead":0.0,"memory_tolerance":0.01}],