{"lengs":[10.0,100.0,1000.0],"benchmarks":[["Trial",{"allocs":14575,"gctimes":[0.0,0.0,3.416353e6,0.0,3.69787e6,0.0,0.0,0.0,3.830793e6,0.0,0.0,3.692195e6,0.0,0.0,3.978833e6,0.0,0.0,0.0,3.889792e6,0.0,0.0,0.0,3.870405e6,0.0,0.0,3.927678e6,0.0,0.0,0.0,3.840701e6,0.0,0.0,0.0,3.953059e6,0.0],"memory":54481112,"params":["Parameters",{"gctrial":true,"time_tolerance":0.05,"samples":10000,"evals":1,"gcsample":false,"seconds":5.0,"overhead":0.0,"memory_tolerance":0.01}],"times":[1.43003211e8,1.4222837e8,1.46595334e8,1.43629449e8,1.48245203e8,1.43147304e8,1.42386809e8,1.5059105e8,1.49849308e8,1.43256131e8,1.43108451e8,1.48007393e8,1.44013046e8,1.43148614e8,1.51560618e8,1.419925e8,1.42220247e8,1.43620535e8,1.48257237e8,1.42002618e8,1.41809729e8,1.4301108e8,1.50997613e8,1.42054604e8,1.42118602e8,1.491132e8,1.4198695e8,1.41901204e8,1.42542368e8,1.47145774e8,1.42089764e8,1.4194121e8,1.41343154e8,1.47826146e8,1.41039162e8]}],["Trial",{"allocs":32275,"gctimes":[0.0,3.837616e6,0.0,4.245834e6,0.0,0.0,4.237194e6,0.0,0.0,4.200853e6,0.0,0.0,4.279245e6,0.0,4.323747e6,0.0,0.0,4.259562e6,0.0,0.0,4.331833e6,0.0,0.0,4.28129e6],"memory":68123272,"params":["Parameters",{"gctrial":true,"time_tolerance":0.05,"samples":10000,"evals":1,"gcsample":false,"seconds":5.0,"overhead":0.0,"memory_tolerance":0.01}],"times":[2.06159815e8,2.09910991e8,2.04098011e8,2.09374818e8,2.0494165e8,2.0491376e8,2.1855863e8,2.04194891e8,2.03646814e8,2.12605257e8,2.04688113e8,2.14901671e8,2.12256204e8,2.04468208e8,2.12404553e8,2.04458505e8,2.07257763e8,2.18623423e8,2.05161651e8,2.042243e8,2.11954066e8,2.04956971e8,2.09986124e8,2.17744648e8]}],["Trial",{"allocs":35752,"gctimes":[0.0,3.579429e6,0.0,4.207468e6,0.0,4.108485e6,0.0,3.997126e6,0.0,4.380062e6,0.0,0.0,4.321056e6,0.0,4.132965e6,0.0,4.378525e6,0.0,0.0,4.25106e6,0.0],"memory":83935736,"params":["Parameters",{"gctrial":true,"time_tolerance":0.05,"samples":10000,"evals":1,"gcsample":false,"seconds":5.0,"overhead":0.0,"memory_tolerance":0.01}],"times":[2.45312387e8,2.49884588e8,2.43727534e8,2.51870606e8,2.47044257e8,2.56813415e8,2.45475908e8,2.53141467e8,2.46304207e8,2.63264685e8,2.44589666e8,2.4328413e8,2.50178109e8,2.44066505e8,2.53043566e8,2.43637388e8,2.49913794e8,2.4458916e8,2.42773889e8,2.51174679e8,2.43346636e8]}]],"medians":[143.108451,206.708789,246.304207]}