{"lengs":[10.0,21.544346900318835,46.41588833612779,100.0,215.44346900318845,464.15888336127773,1000.0],"benchmarks":[["Trial",{"allocs":34045511,"gctimes":[1.01450642e8,9.9713414e7,1.05459482e8],"memory":660834336,"params":["Parameters",{"gctrial":true,"time_tolerance":0.05,"samples":10000,"evals":1,"gcsample":false,"seconds":5.0,"overhead":0.0,"memory_tolerance":0.01}],"times":[1.984927324e9,1.955189427e9,1.960818616e9]}],["Trial",{"allocs":43682027,"gctimes":[1.24417052e8,1.46985747e8],"memory":815512208,"params":["Parameters",{"gctrial":true,"time_tolerance":0.05,"samples":10000,"evals":1,"gcsample":false,"seconds":5.0,"overhead":0.0,"memory_tolerance":0.01}],"times":[2.512348299e9,2.497476265e9]}],["Trial",{"allocs":61348838,"gctimes":[1.69490612e8,1.97011368e8],"memory":1098858400,"params":["Parameters",{"gctrial":true,"time_tolerance":0.05,"samples":10000,"evals":1,"gcsample":false,"seconds":5.0,"overhead":0.0,"memory_tolerance":0.01}],"times":[3.49354387e9,3.520370524e9]}],["Trial",{"allocs":79233971,"gctimes":[2.50737657e8,2.37277195e8],"memory":1495919728,"params":["Parameters",{"gctrial":true,"time_tolerance":0.05,"samples":10000,"evals":1,"gcsample":false,"seconds":5.0,"overhead":0.0,"memory_tolerance":0.01}],"times":[4.55387303e9,4.502125218e9]}],["Trial",{"allocs":83402169,"gctimes":[2.52908759e8,2.57290113e8],"memory":1562913104,"params":["Parameters",{"gctrial":true,"time_tolerance":0.05,"samples":10000,"evals":1,"gcsample":false,"seconds":5.0,"overhead":0.0,"memory_tolerance":0.01}],"times":[4.834368346e9,4.793777132e9]}],["Trial",{"allocs":86051972,"gctimes":[2.47726626e8,2.76219451e8],"memory":1605502976,"params":["Parameters",{"gctrial":true,"time_tolerance":0.05,"samples":10000,"evals":1,"gcsample":false,"seconds":5.0,"overhead":0.0,"memory_tolerance":0.01}],"times":[4.871899267e9,4.887079913e9]}],["Trial",{"allocs":86443493,"gctimes":[2.51798907e8,2.76096224e8],"memory":1611803552,"params":["Parameters",{"gctrial":true,"time_tolerance":0.05,"samples":10000,"evals":1,"gcsample":false,"seconds":5.0,"overhead":0.0,"memory_tolerance":0.01}],"times":[4.945799539e9,4.93434704e9]}]],"medians":[1960.818616,2504.912282,3506.957197,4527.999124,4814.072739,4879.48959,4940.0732895]}