{"lengs":[10.0,21.544346900318835,46.41588833612779,100.0,215.44346900318845,464.15888336127773,1000.0],"benchmarks":[["Trial",{"allocs":410819,"gctimes":[0.0,0.0,0.0,0.0],"memory":21580048,"params":["Parameters",{"gctrial":true,"time_tolerance":0.05,"samples":10000,"evals":1,"gcsample":false,"seconds":5.0,"overhead":0.0,"memory_tolerance":0.01}],"times":[1.310754393e9,1.280463082e9,1.259953145e9,1.253279511e9]}],["Trial",{"allocs":476159,"gctimes":[0.0,0.0,0.0,0.0],"memory":24667088,"params":["Parameters",{"gctrial":true,"time_tolerance":0.05,"samples":10000,"evals":1,"gcsample":false,"seconds":5.0,"overhead":0.0,"memory_tolerance":0.01}],"times":[1.494542146e9,1.502129332e9,1.482844232e9,1.468930546e9]}],["Trial",{"allocs":574172,"gctimes":[0.0,0.0,0.0],"memory":29396528,"params":["Parameters",{"gctrial":true,"time_tolerance":0.05,"samples":10000,"evals":1,"gcsample":false,"seconds":5.0,"overhead":0.0,"memory_tolerance":0.01}],"times":[1.746503966e9,1.745025095e9,1.735981299e9]}],["Trial",{"allocs":604466,"gctimes":[0.0,0.0,0.0],"memory":30827792,"params":["Parameters",{"gctrial":true,"time_tolerance":0.05,"samples":10000,"evals":1,"gcsample":false,"seconds":5.0,"overhead":0.0,"memory_tolerance":0.01}],"times":[1.837455681e9,1.860152126e9,1.841781435e9]}],["Trial",{"allocs":618425,"gctimes":[0.0,0.0,0.0],"memory":31487296,"params":["Parameters",{"gctrial":true,"time_tolerance":0.05,"samples":10000,"evals":1,"gcsample":false,"seconds":5.0,"overhead":0.0,"memory_tolerance":0.01}],"times":[1.874940094e9,1.878947626e9,1.895186004e9]}],["Trial",{"allocs":622286,"gctimes":[0.0,0.0,0.0],"memory":31669712,"params":["Parameters",{"gctrial":true,"time_tolerance":0.05,"samples":10000,"evals":1,"gcsample":false,"seconds":5.0,"overhead":0.0,"memory_tolerance":0.01}],"times":[1.882795189e9,1.88303394e9,1.920278553e9]}],["Trial",{"allocs":622583,"gctimes":[0.0,0.0,0.0],"memory":31683744,"params":["Parameters",{"gctrial":true,"time_tolerance":0.05,"samples":10000,"evals":1,"gcsample":false,"seconds":5.0,"overhead":0.0,"memory_tolerance":0.01}],"times":[1.882218881e9,1.884007751e9,1.89806629e9]}]],"medians":[1270.2081135,1488.693189,1745.025095,1841.781435,1878.947626,1883.03394,1884.007751]}