{"lengs":[10.0,21.544346900318835,46.41588833612779,100.0,215.44346900318845,464.15888336127773,1000.0],"benchmarks":[["Trial",{"allocs":77369,"gctimes":[0.0,0.0,0.0,0.0,0.0,0.0,0.0,0.0,0.0,0.0,0.0],"memory":9607032,"params":["Parameters",{"gctrial":true,"time_tolerance":0.05,"samples":10000,"evals":1,"gcsample":false,"seconds":5.0,"overhead":0.0,"memory_tolerance":0.01}],"times":[4.67212857e8,4.60779707e8,4.68839261e8,4.68950606e8,4.59883793e8,4.82189622e8,4.55677031e8,4.50537052e8,4.59027571e8,4.57669171e8,4.56059476e8]}],["Trial",{"allocs":102179,"gctimes":[0.0,0.0,0.0,0.0,0.0,0.0,0.0,0.0,0.0,0.0],"memory":11926600,"params":["Parameters",{"gctrial":true,"time_tolerance":0.05,"samples":10000,"evals":1,"gcsample":false,"seconds":5.0,"overhead":0.0,"memory_tolerance":0.01}],"times":[5.58553958e8,5.43670838e8,5.39950231e8,5.55950002e8,5.52629635e8,5.45916788e8,5.45482791e8,5.48021356e8,5.43837841e8,5.46537201e8]}],["Trial",{"allocs":168446,"gctimes":[0.0,0.0,0.0,0.0,0.0,0.0,0.0],"memory":17975608,"params":["Parameters",{"gctrial":true,"time_tolerance":0.05,"samples":10000,"evals":1,"gcsample":false,"seconds":5.0,"overhead":0.0,"memory_tolerance":0.01}],"times":[7.90911579e8,7.7842825e8,7.88321574e8,7.8753912e8,7.81886106e8,8.07186591e8,7.88343133e8]}],["Trial",{"allocs":257579,"gctimes":[0.0,0.0,0.0,0.0,0.0],"memory":25875064,"params":["Parameters",{"gctrial":true,"time_tolerance":0.05,"samples":10000,"evals":1,"gcsample":false,"seconds":5.0,"overhead":0.0,"memory_tolerance":0.01}],"times":[1.076764498e9,1.064295328e9,1.073996124e9,1.08068375e9,1.11670727e9]}],["Trial",{"allocs":344619,"gctimes":[0.0,0.0,0.0,0.0],"memory":33585336,"params":["Parameters",{"gctrial":true,"time_tolerance":0.05,"samples":10000,"evals":1,"gcsample":false,"seconds":5.0,"overhead":0.0,"memory_tolerance":0.01}],"times":[1.376841597e9,1.350273453e9,1.404095258e9,1.415804957e9]}],["Trial",{"allocs":383059,"gctimes":[0.0,0.0,0.0,0.0],"memory":36965688,"params":["Parameters",{"gctrial":true,"time_tolerance":0.05,"samples":10000,"evals":1,"gcsample":false,"seconds":5.0,"overhead":0.0,"memory_tolerance":0.01}],"times":[1.508301629e9,1.491864326e9,1.506538519e9,1.503152455e9]}],["Trial",{"allocs":384381,"gctimes":[0.0,0.0,0.0,0.0],"memory":37104008,"params":["Parameters",{"gctrial":true,"time_tolerance":0.05,"samples":10000,"evals":1,"gcsample":false,"seconds":5.0,"overhead":0.0,"memory_tolerance":0.01}],"times":[1.512543937e9,1.497741406e9,1.572512691e9,1.567458233e9]}]],"medians":[459.883793,546.2269945,788.321574,1076.764498,1390.4684275,1504.845487,1540.001085]}