{"lengs":[10.0,21.544346900318835,46.41588833612779,100.0,215.44346900318845,464.15888336127773,1000.0],"benchmarks":[["Trial",{"allocs":13,"gctimes":[0.0,0.0,0.0,0.0,0.0,0.0,0.0,0.0,0.0,0.0,0.0,0.0],"memory":90944,"params":["Parameters",{"gctrial":true,"time_tolerance":0.05,"samples":10000,"evals":1,"gcsample":false,"seconds":5.0,"overhead":0.0,"memory_tolerance":0.01}],"times":[4.88292896e8,4.46688517e8,3.90483623e8,4.73611034e8,4.71383679e8,3.21659539e8,4.38516407e8,4.37042295e8,5.46468808e8,4.38258737e8,4.52263508e8,3.2146806e8]}],["Trial",{"allocs":13,"gctimes":[0.0,0.0,0.0],"memory":90944,"params":["Parameters",{"gctrial":true,"time_tolerance":0.05,"samples":10000,"evals":1,"gcsample":false,"seconds":5.0,"overhead":0.0,"memory_tolerance":0.01}],"times":[1.638390902e9,2.473405104e9,1.916585301e9]}],["Trial",{"allocs":13,"gctimes":[0.0,0.0],"memory":90944,"params":["Parameters",{"gctrial":true,"time_tolerance":0.05,"samples":10000,"evals":1,"gcsample":false,"seconds":5.0,"overhead":0.0,"memory_tolerance":0.01}],"times":[4.372890541e9,4.129308062e9]}],["Trial",{"allocs":13,"gctimes":[0.0],"memory":90944,"params":["Parameters",{"gctrial":true,"time_tolerance":0.05,"samples":10000,"evals":1,"gcsample":false,"seconds":5.0,"overhead":0.0,"memory_tolerance":0.01}],"times":[9.221655197e9]}],["Trial",{"allocs":13,"gctimes":[0.0],"memory":90944,"params":["Parameters",{"gctrial":true,"time_tolerance":0.05,"samples":10000,"evals":1,"gcsample":false,"seconds":5.0,"overhead":0.0,"memory_tolerance":0.01}],"times":[1.7547061401e10]}],["Trial",{"allocs":13,"gctimes":[0.0],"memory":90944,"params":["Parameters",{"gctrial":true,"time_tolerance":0.05,"samples":10000,"evals":1,"gcsample":false,"seconds":5.0,"overhead":0.0,"memory_tolerance":0.01}],"times":[2.9424209648e10]}],["Trial",{"allocs":13,"gctimes":[0.0],"memory":90944,"params":["Parameters",{"gctrial":true,"time_tolerance":0.05,"samples":10000,"evals":1,"gcsample":false,"seconds":5.0,"overhead":0.0,"memory_tolerance":0.01}],"times":[4.5763715269e10]}]],"medians":[442.602462,1916.585301,4251.0993015,9221.655197,17547.061401,29424.209648,45763.715269]}