{"lengs":[10.0,100.0,1000.0],"benchmarks":[["Trial",{"allocs":25808,"gctimes":[0.0,0.0,0.0,0.0,3.602625e6,0.0,0.0,0.0,3.897101e6,0.0,0.0,0.0,0.0,0.0,4.116496e6,0.0,0.0,0.0,0.0,4.035814e6,0.0,0.0,0.0,0.0,0.0,0.0,4.128012e6,0.0,0.0,0.0,0.0,0.0,4.067921e6,0.0,0.0,0.0,0.0,0.0,4.022641e6,0.0,0.0,0.0,0.0],"memory":30984592,"params":["Parameters",{"gctrial":true,"time_tolerance":0.05,"samples":10000,"evals":1,"gcsample":false,"seconds":5.0,"overhead":0.0,"memory_tolerance":0.01}],"times":[1.17618765e8,1.16982676e8,1.15965561e8,1.16856332e8,1.21547238e8,1.16435046e8,1.16353972e8,1.15924179e8,1.2759244e8,1.16577667e8,1.16181681e8,1.16576756e8,1.16700849e8,1.19415799e8,1.28502794e8,1.15833983e8,1.15452002e8,1.16290473e8,1.1617096e8,1.26803184e8,1.16485492e8,1.16857834e8,1.1535309e8,1.16991282e8,1.16420352e8,1.16395883e8,1.23571976e8,1.17372966e8,1.16616519e8,1.18278779e8,1.16288933e8,1.16276137e8,1.22165e8,1.17454252e8,1.16727903e8,1.16812635e8,1.16639634e8,1.15982327e8,1.22129726e8,1.17032071e8,1.1707718e8,1.169597e8,1.16269013e8]}],["Trial",{"allocs":59360,"gctimes":[0.0,0.0,0.0,3.912498e6,0.0,0.0,4.137505e6,0.0,0.0,0.0,4.400226e6,0.0,0.0,0.0,4.424337e6,0.0,0.0,0.0,4.49976e6,0.0,0.0,0.0,4.621423e6,0.0],"memory":43750312,"params":["Parameters",{"gctrial":true,"time_tolerance":0.05,"samples":10000,"evals":1,"gcsample":false,"seconds":5.0,"overhead":0.0,"memory_tolerance":0.01}],"times":[2.11997513e8,2.13412581e8,2.13575938e8,2.17623389e8,2.13029204e8,2.11224327e8,2.16887739e8,2.13683174e8,2.11937038e8,2.14817456e8,2.1645158e8,2.12440956e8,2.12755091e8,2.10871546e8,2.182635e8,2.13225859e8,2.15725545e8,2.17856636e8,2.23019305e8,2.17716284e8,2.16928806e8,2.14214638e8,2.20728829e8,2.13521925e8]}],["Trial",{"allocs":68952,"gctimes":[0.0,0.0,3.827e6,0.0,4.161478e6,0.0,0.0,4.338554e6,0.0,0.0,4.361686e6,0.0,0.0,0.0,4.327099e6,0.0,0.0,4.485272e6,0.0,0.0],"memory":56536144,"params":["Parameters",{"gctrial":true,"time_tolerance":0.05,"samples":10000,"evals":1,"gcsample":false,"seconds":5.0,"overhead":0.0,"memory_tolerance":0.01}],"times":[2.59915474e8,2.59611933e8,2.65758173e8,2.56320272e8,2.64138486e8,2.57921641e8,2.57361876e8,2.65388872e8,2.59133696e8,2.5858444e8,2.6668656e8,2.61949785e8,2.63988372e8,2.56958416e8,2.64334416e8,2.58998879e8,2.58007523e8,2.64005251e8,2.57630737e8,2.56159801e8]}]],"medians":[116.700849,213.948906,259.3728145]}