{"lengs":[10.0,21.544346900318835,46.41588833612779,100.0,215.44346900318845,464.15888336127773,1000.0],"benchmarks":[["Trial",{"allocs":13,"gctimes":[0.0,0.0,0.0,0.0,0.0,0.0,0.0,0.0,0.0,0.0,0.0,0.0,0.0,0.0,0.0,0.0,0.0,0.0,0.0,0.0,0.0,0.0,0.0,0.0,0.0,0.0,0.0,0.0,0.0,0.0,0.0,0.0,0.0,0.0,0.0,0.0,0.0,0.0,0.0,0.0,0.0,0.0,0.0,0.0,0.0,0.0,0.0,0.0,0.0,0.0,0.0,0.0,0.0,0.0,0.0,0.0,0.0,0.0,0.0,0.0,0.0,0.0,0.0,0.0,0.0,0.0,0.0,0.0,0.0,0.0,0.0,0.0,0.0,0.0,0.0,0.0,0.0,0.0,0.0,0.0,0.0,0.0,0.0,0.0,0.0,0.0,0.0,0.0,0.0,0.0,0.0,0.0,0.0,0.0,0.0,0.0,0.0,0.0,0.0,0.0,0.0,0.0,0.0,0.0,0.0,0.0,0.0,0.0,0.0,0.0,0.0,0.0,0.0,0.0,0.0,0.0,0.0,0.0,0.0,0.0,0.0,0.0,0.0,0.0,0.0,0.0,0.0,0.0,0.0,0.0,0.0,0.0,0.0,0.0,0.0,0.0,0.0,0.0,0.0,0.0,0.0,0.0,0.0,0.0,0.0,0.0,0.0,0.0,0.0,0.0,0.0,0.0,0.0,0.0,0.0,0.0,0.0,0.0,0.0,0.0,0.0,0.0,0.0,0.0,0.0,0.0,0.0,0.0,0.0,0.0,0.0,0.0,0.0,0.0,0.0,0.0,0.0,0.0,0.0,0.0,0.0,0.0,0.0,0.0,0.0,0.0,0.0,0.0,0.0,0.0,0.0,0.0,0.0,0.0,0.0,0.0,0.0,0.0,0.0,0.0,0.0,0.0,0.0,0.0,0.0,0.0,0.0,0.0,0.0,0.0,0.0,0.0,0.0,0.0,0.0,0.0,0.0,0.0,0.0,0.0,0.0,0.0,0.0,0.0,0.0,0.0,0.0,0.0,0.0,0.0,0.0,0.0,0.0,0.0,0.0,0.0,0.0,0.0,0.0,0.0,0.0,0.0,0.0,0.0,0.0,0.0,0.0,0.0,0.0,0.0,0.0,0.0,0.0,0.0,0.0,0.0,0.0,0.0,0.0,0.0,0.0,0.0,0.0,0.0,0.0,0.0,0.0,0.0,0.0,0.0,0.0,0.0,0.0,0.0,0.0,0.0,0.0,0.0,0.0,0.0,0.0,0.0,0.0,0.0,0.0,0.0,0.0,0.0,0.0,0.0],"memory":90944,"params":["Parameters",{"gctrial":true,"time_tolerance":0.05,"samples":10000,"evals":1,"gcsample":false,"seconds":5.0,"overhead":0.0,"memory_tolerance":0.01}],"times":[1.8306915e7,1.5304533e7,1.8407498e7,1.4774204e7,1.8224053e7,1.3332976e7,1.6967846e7,1.7301409e7,1.8826427e7,1.8276826e7,1.5732202e7,1.8740713e7,1.7033226e7,1.6528722e7,1.6209104e7,1.4589692e7,1.6187762e7,1.7382777e7,1.612394e7,1.8193637e7,1.634585e7,1.8730307e7,1.3748082e7,1.3679174e7,1.4699296e7,1.9074379e7,1.6023599e7,1.2969534e7,1.4777524e7,1.7159343e7,1.4592225e7,1.7168089e7,1.443152e7,1.6160844e7,1.3449327e7,1.6914588e7,1.471966e7,1.5361609e7,1.8657949e7,1.787234e7,1.9062036e7,1.519166e7,1.9647346e7,1.8387361e7,2.009569e7,1.8334221e7,1.68292e7,2.0247931e7,1.9661146e7,2.0275985e7,1.7012805e7,1.7964332e7,1.4126499e7,1.8477236e7,1.6138156e7,1.3524733e7,1.9938566e7,1.7688669e7,2.0442714e7,2.0507078e7,1.6501381e7,1.6942609e7,1.6965567e7,1.380922e7,1.7217571e7,1.5820364e7,1.8395288e7,1.6119635e7,1.7016122e7,1.5952841e7,1.8315365e7,1.698086e7,1.6350612e7,1.9016807e7,1.722794e7,1.4983538e7,1.7209167e7,1.871113e7,1.8667981e7,1.8400036e7,1.7873819e7,1.5984486e7,1.5994888e7,1.5375298e7,1.5825566e7,1.7553714e7,1.6347436e7,1.8000796e7,1.795492e7,1.5826797e7,2.355362e7,1.4907855e7,1.5938946e7,2.0761796e7,1.7610013e7,1.8575383e7,1.535843e7,1.7959298e7,1.9845091e7,1.7591235e7,1.4747754e7,1.8743439e7,1.5370833e7,1.5737717e7,1.744982e7,1.6461183e7,1.7031357e7,1.9938132e7,1.7632539e7,1.7906254e7,1.7012764e7,1.5259523e7,1.6601499e7,1.6558549e7,1.895988e7,2.148989e7,2.1447278e7,2.2881137e7,2.2517103e7,1.8806842e7,1.6830373e7,1.8050212e7,1.8033019e7,1.5624977e7,1.9022724e7,1.7030634e7,1.7792218e7,1.7027136e7,1.61141e7,2.0786844e7,1.7472091e7,1.2485193e7,1.7222623e7,1.7061295e7,1.8166652e7,1.6588337e7,1.5865533e7,1.6269601e7,1.6861333e7,1.5071671e7,2.0295013e7,1.304461e7,1.9301681e7,1.6738195e7,1.943e7,1.4620554e7,1.6427361e7,1.5847948e7,1.4475524e7,1.9642542e7,1.7069859e7,1.776783e7,2.0021192e7,1.7708357e7,1.7467296e7,1.6883567e7,1.9430702e7,1.5466579e7,1.6456657e7,1.8605032e7,1.7819776e7,2.0810627e7,1.520696e7,1.9151165e7,1.5858172e7,1.7044048e7,1.834539e7,1.6578342e7,1.79035e7,2.0445146e7,1.5611948e7,1.8282985e7,1.5051909e7,1.6732034e7,1.6569009e7,1.3018225e7,1.7608525e7,1.5660405e7,1.9359167e7,1.4186088e7,1.3289892e7,1.4958728e7,1.4115038e7,1.8129457e7,1.8938998e7,1.6196946e7,2.1866501e7,1.6343493e7,1.473928e7,1.5507826e7,2.0070301e7,1.9934548e7,1.8474543e7,1.5425915e7,1.8769661e7,1.6714633e7,1.6740834e7,1.5661993e7,1.3462369e7,1.506372e7,1.5340017e7,1.5221591e7,1.9753752e7,1.8806835e7,1.8667787e7,1.7797099e7,1.6368786e7,1.6992108e7,1.9355929e7,1.5070262e7,1.8900316e7,1.8239158e7,1.7744309e7,1.9387416e7,1.6170578e7,1.7610838e7,2.2646176e7,2.027431e7,1.8995937e7,1.6584055e7,1.7609713e7,1.5959769e7,1.7560954e7,1.6798581e7,1.5182059e7,1.8190905e7,1.8323766e7,1.4998386e7,1.6313148e7,2.0413783e7,1.991527e7,2.2814762e7,1.5919947e7,1.709116e7,2.0943169e7,1.4721285e7,1.5484144e7,1.7740311e7,1.5361676e7,1.7394991e7,1.7333674e7,1.4438328e7,1.1718588e7,1.5701322e7,1.4994382e7,1.7948285e7,2.1144541e7,1.868789e7,1.8476599e7,2.1719137e7,1.3584925e7,1.3976984e7,1.5533713e7,1.5141911e7,1.7783748e7,1.4826308e7,1.7054808e7,1.4792689e7,1.7280809e7,1.9760385e7,1.5346059e7,1.7189294e7,1.8857696e7,1.5564339e7,1.5555617e7,1.4042069e7,1.739679e7,1.6134254e7,1.9087436e7,2.0681705e7,1.8977035e7,1.56021e7,1.5968152e7,1.8376176e7,1.5737456e7,1.9109905e7,1.7589479e7,1.7576047e7,1.9280071e7,2.0569422e7,1.8639026e7,1.6612003e7,1.7169954e7,1.8861905e7,1.7378558e7,1.7790389e7,1.8306089e7,1.9099745e7,1.8304399e7,1.7663642e7]}],["Trial",{"allocs":13,"gctimes":[0.0,0.0,0.0,0.0,0.0,0.0,0.0,0.0,0.0,0.0,0.0,0.0,0.0,0.0,0.0,0.0,0.0,0.0,0.0,0.0,0.0,0.0,0.0,0.0,0.0,0.0,0.0,0.0,0.0,0.0,0.0,0.0,0.0,0.0,0.0,0.0,0.0,0.0,0.0,0.0,0.0,0.0,0.0,0.0,0.0,0.0,0.0,0.0,0.0,0.0,0.0,0.0,0.0,0.0,0.0,0.0,0.0,0.0,0.0,0.0,0.0,0.0,0.0,0.0,0.0,0.0,0.0,0.0,0.0,0.0,0.0,0.0,0.0,0.0,0.0,0.0,0.0,0.0,0.0,0.0,0.0,0.0,0.0,0.0,0.0,0.0,0.0,0.0,0.0,0.0,0.0,0.0,0.0,0.0],"memory":90944,"params":["Parameters",{"gctrial":true,"time_tolerance":0.05,"samples":10000,"evals":1,"gcsample":false,"seconds":5.0,"overhead":0.0,"memory_tolerance":0.01}],"times":[5.4672856e7,5.4532237e7,5.0191892e7,5.0929648e7,5.5074056e7,5.2295287e7,5.2438255e7,5.5801408e7,6.4751855e7,5.2744095e7,5.6892474e7,5.2755852e7,4.7474591e7,5.3273247e7,5.8712883e7,5.3699149e7,5.3814085e7,5.6537847e7,5.7448794e7,5.56069e7,5.1430336e7,5.2728618e7,5.2723418e7,5.2317078e7,4.8416113e7,5.3165799e7,4.5831656e7,6.1778856e7,5.5739121e7,4.3815812e7,5.2811537e7,4.6765444e7,5.2582136e7,5.0178988e7,5.8199758e7,5.3199745e7,4.9669955e7,6.072327e7,6.1362807e7,4.4561747e7,4.9143331e7,6.1353419e7,6.4518229e7,5.720985e7,5.1257544e7,4.8336929e7,4.5245184e7,4.9049059e7,5.459341e7,5.6592689e7,5.2690228e7,5.495678e7,5.0480815e7,5.5389457e7,6.0233521e7,5.5948793e7,5.8360252e7,5.4459377e7,5.0889548e7,5.1855359e7,5.4383202e7,5.5783511e7,6.3834534e7,5.151619e7,5.568823e7,5.2264753e7,5.4748373e7,5.9924222e7,4.7141468e7,5.290591e7,5.1599145e7,5.4499564e7,4.8472103e7,5.2149691e7,5.6097696e7,5.3510632e7,4.8149077e7,4.7790482e7,5.9043163e7,5.655906e7,5.2335584e7,5.9340013e7,5.2780955e7,4.9634906e7,5.8148718e7,4.9710291e7,4.6033747e7,5.294449e7,5.3675154e7,4.7395301e7,5.7655523e7,4.9573507e7,5.2709985e7,5.478767e7]}],["Trial",{"allocs":13,"gctimes":[0.0,0.0,0.0,0.0,0.0,0.0,0.0,0.0,0.0,0.0,0.0,0.0,0.0,0.0,0.0,0.0,0.0,0.0,0.0,0.0,0.0,0.0,0.0,0.0,0.0,0.0,0.0,0.0,0.0,0.0,0.0,0.0,0.0,0.0],"memory":90944,"params":["Parameters",{"gctrial":true,"time_tolerance":0.05,"samples":10000,"evals":1,"gcsample":false,"seconds":5.0,"overhead":0.0,"memory_tolerance":0.01}],"times":[1.46872387e8,1.46874407e8,1.5594876e8,1.58635029e8,1.4344057e8,1.53481895e8,1.43302752e8,1.47428128e8,1.43246106e8,1.39606091e8,1.5653243e8,1.33136211e8,1.46789392e8,1.5093697e8,1.62062513e8,1.61165203e8,1.52686694e8,1.50170738e8,1.53366821e8,1.46255186e8,1.63435832e8,1.37035617e8,1.61762719e8,1.56616567e8,1.51075637e8,1.48655875e8,1.58034784e8,1.4492826e8,1.47020443e8,1.50924416e8,1.42879083e8,1.41305688e8,1.43855988e8,1.51356781e8]}],["Trial",{"allocs":13,"gctimes":[0.0,0.0,0.0,0.0,0.0,0.0,0.0,0.0,0.0,0.0,0.0,0.0,0.0,0.0],"memory":90944,"params":["Parameters",{"gctrial":true,"time_tolerance":0.05,"samples":10000,"evals":1,"gcsample":false,"seconds":5.0,"overhead":0.0,"memory_tolerance":0.01}],"times":[3.68742895e8,3.72391586e8,3.8162022e8,3.88556979e8,3.60010553e8,3.88603362e8,3.82935379e8,3.76272929e8,3.69029741e8,3.84195363e8,3.97730074e8,3.63102068e8,3.89822475e8,3.78899692e8]}],["Trial",{"allocs":13,"gctimes":[0.0,0.0,0.0,0.0,0.0,0.0],"memory":90944,