{"lengs":[10.0,21.544346900318835,46.41588833612779,100.0,215.44346900318845,464.15888336127773,1000.0],"benchmarks":[["Trial",{"allocs":58010044,"gctimes":[3.00962325e8,3.19268149e8],"memory":1689553504,"params":["Parameters",{"gctrial":true,"time_tolerance":0.05,"samples":10000,"evals":1,"gcsample":false,"seconds":5.0,"overhead":0.0,"memory_tolerance":0.01}],"times":[4.560768396e9,4.56385854e9]}],["Trial",{"allocs":90745096,"gctimes":[4.84901475e8],"memory":2515762832,"params":["Parameters",{"gctrial":true,"time_tolerance":0.05,"samples":10000,"evals":1,"gcsample":false,"seconds":5.0,"overhead":0.0,"memory_tolerance":0.01}],"times":[7.069310888e9]}],["Trial",{"allocs":136983520,"gctimes":[7.03732984e8],"memory":3564739904,"params":["Parameters",{"gctrial":true,"time_tolerance":0.05,"samples":10000,"evals":1,"gcsample":false,"seconds":5.0,"overhead":0.0,"memory_tolerance":0.01}],"times":[1.044172118e10]}],["Trial",{"allocs":175536205,"gctimes":[9.44520271e8],"memory":4405614480,"params":["Parameters",{"gctrial":true,"time_tolerance":0.05,"samples":10000,"evals":1,"gcsample":false,"seconds":5.0,"overhead":0.0,"memory_tolerance":0.01}],"times":[1.3780073796e10]}],["Trial",{"allocs":209225843,"gctimes":[1.153125612e9],"memory":5123290160,"params":["Parameters",{"gctrial":true,"time_tolerance":0.05,"samples":10000,"evals":1,"gcsample":false,"seconds":5.0,"overhead":0.0,"memory_tolerance":0.01}],"times":[1.5872511682e10]}],["Trial",{"allocs":221685964,"gctimes":[1.159054668e9],"memory":5393165496,"params":["Parameters",{"gctrial":true,"time_tolerance":0.05,"samples":10000,"evals":1,"gcsample":false,"seconds":5.0,"overhead":0.0,"memory_tolerance":0.01}],"times":[1.6474794987e10]}],["Trial",{"allocs":222467534,"gctimes":[1.249969392e9],"memory":5413260272,"params":["Parameters",{"gctrial":true,"time_tolerance":0.05,"samples":10000,"evals":1,"gcsample":false,"seconds":5.0,"overhead":0.0,"memory_tolerance":0.01}],"times":[1.6980482759e10]}]],"medians":[4562.313468,7069.310888,10441.72118,13780.073796,15872.511682,16474.794987,16980.482759]}