{"lengs":[10.0,21.544346900318835,46.41588833612779,100.0,215.44346900318845,464.15888336127773,1000.0],"benchmarks":[["Trial",{"allocs":11966,"gctimes":[0.0,0.0,0.0,0.0,0.0,0.0,8.186702e6,0.0,0.0,0.0,0.0,0.0,8.287993e6,0.0,0.0,0.0,0.0,0.0,8.360931e6,0.0,0.0,0.0,0.0,0.0,8.364021e6,0.0,0.0,0.0,0.0,0.0,8.352632e6,0.0,0.0,0.0,0.0,0.0,8.271619e6,0.0,0.0,0.0],"memory":22632432,"params":["Parameters",{"gctrial":true,"time_tolerance":0.05,"samples":10000,"evals":1,"gcsample":false,"seconds":5.0,"overhead":0.0,"memory_tolerance":0.01}],"times":[1.25689437e8,1.24874633e8,1.26995992e8,1.2471791e8,1.25576988e8,1.29102417e8,1.32454307e8,1.27170927e8,1.23276105e8,1.24245344e8,1.26351828e8,1.2582301e8,1.36516929e8,1.23036681e8,1.23513276e8,1.25880683e8,1.24675397e8,1.24100619e8,1.33263009e8,1.23857799e8,1.26435433e8,1.2456866e8,1.26773783e8,1.26289662e8,1.3541779e8,1.25294532e8,1.27677324e8,1.26898292e8,1.24397067e8,1.26387814e8,1.33452021e8,1.33393634e8,1.2670951e8,1.26988104e8,1.2427283e8,1.28516756e8,1.34591049e8,1.27790998e8,1.2581654e8,1.2554357e8]}],["Trial",{"allocs":14270,"gctimes":[0.0,0.0,0.0,0.0,0.0,8.251652e6,0.0,0.0,0.0,0.0,9.003298e6,0.0,0.0,0.0,0.0,8.502588e6,0.0,0.0,0.0,0.0,8.454425e6,0.0,0.0,0.0,0.0,8.846926e6,0.0,0.0,0.0,0.0,0.0],"memory":26971056,"params":["Parameters",{"gctrial":true,"time_tolerance":0.05,"samples":10000,"evals":1,"gcsample":false,"seconds":5.0,"overhead":0.0,"memory_tolerance":0.01}],"times":[1.69642561e8,1.63999117e8,1.6567032e8,1.68729265e8,1.69600433e8,1.78105001e8,1.68620276e8,1.72027341e8,1.69162579e8,1.62749378e8,1.69879849e8,1.60099453e8,1.64278798e8,1.61532849e8,1.59774795e8,1.68744461e8,1.6222536e8,1.59491557e8,1.59433135e8,1.76468099e8,1.70898323e8,1.64135182e8,1.67699787e8,1.63749375e8,1.6131059e8,1.74679044e8,1.65460651e8,1.63836207e8,1.62759756e8,1.61439665e8,1.60453042e8]}],["Trial",{"allocs":18796,"gctimes":[0.0,0.0,0.0,8.318977e6,0.0,0.0,0.0,9.119024e6,0.0,0.0,0.0,8.749206e6,0.0,0.0,0.0,8.610714e6,0.0,0.0,0.0,8.479231e6,0.0,0.0],"memory":35496464,"params":["Parameters",{"gctrial":true,"time_tolerance":0.05,"samples":10000,"evals":1,"gcsample":false,"seconds":5.0,"overhead":0.0,"memory_tolerance":0.01}],"times":[2.34332771e8,2.31615593e8,2.30318144e8,2.40387039e8,2.30176727e8,2.30002402e8,2.29398116e8,2.39868225e8,2.31003312e8,2.52486475e8,2.30788569e8,2.39759081e8,2.31090039e8,2.31440275e8,2.34810524e8,2.43542248e8,2.29630228e8,2.28001035e8,2.29627886e8,2.40049716e8,2.32795872e8,2.31199925e8]}],["Trial",{"allocs":22129,"gctimes":[0.0,0.0,0.0,8.459087e6,0.0,0.0,8.976745e6,0.0,0.0,8.699988e6,0.0,0.0,0.0,8.649544e6,0.0,0.0,8.455148e6],"memory":41771840,"params":["Parameters",{"gctrial":true,"time_tolerance":0.05,"samples":10000,"evals":1,"gcsample":false,"seconds":5.0,"overhead":0.0,"memory_tolerance":0.01}],"times":[3.04161942e8,3.00733762e8,3.06496838e8,3.14547004e8,3.0986675e8,3.01596396e8,3.22469617e8,3.09015262e8,3.09698111e8,3.30612219e8,3.16883368e8,3.15705693e8,3.15781827e8,3.11456774e8,2.96652298e8,3.00388481e8,3.08937229e8]}],["Trial",{"allocs":24726,"gctimes":[0.0,0.0,8.672827e6,0.0,0.0,8.997163e6,0.0,0.0,8.969929e6,0.0,0.0,0.0,8.697043e6,0.0],"memory":46751888,"params":["Parameters",{"gctrial":true,"time_tolerance":0.05,"samples":10000,"evals":1,"gcsample":false,"seconds":5.0,"overhead":0.0,"memory_tolerance":0.01}],"times":[3.6874479e8,3.63029617e8,3.7158629e8,3.64613696e8,3.60198152e8,3.74000308e8,3.6525811e8,3.64198006e8,3.76511381e8,3.77244998e8,3.61666367e8,3.64877122e8,3.72930755e8,3.61250993e8]}],["Trial",{"allocs":25691,"gctimes":[0.0,0.0,8.74113e6,0.0,0.0,9.167874e6,0.0,0.0,8.971243e6,0.0,0.0,8.731896e6,0.0],"memory":48646592,"params":["Parameters",{"gctrial":true,"time_tolerance":0.05,"samples":10000,"evals":1,"gcsample":false,"seconds":5.0,"overhead":0.0,"memory_tolerance":0.01}],"times":[3.85841534e8,3.86474838e8,3.9599103e8,3.83870173e8,3.84636575e8,3.94712632e8,3.83420302e8,3.84170561e8,3.9464938e8,4.0551276e8,3.84814309e8,3.95673396e8,3.83904342e8]}],["Trial",{"allocs":25811,"gctimes":[0.0,0.0,8.333138e6,0.0,0.0,8.834036e6,0.0,0.0,8.679746e6,0.0,0.0,8.48139e6,0.0],"memory":48891872,"params":["Parameters",{"gctrial":true,"time_tolerance":0.05,"samples":10000,"evals":1,"gcsample":false,"seconds":5.0,"overhead":0.0,"memory_tolerance":0.01}],"times":[3.90264865e8,3.86478734e8,3.98514869e8,3.89385925e8,3.85486854e8,3.98678702e8,3.88007676e8,3.86202783e8,3.98256371e8,3.92845235e8,4.02856738e8,4.0866924e8,4.11749169e8]}]],"medians":[126.320745,164.278798,231.3201,309.698111,365.067616,385.841534,392.845235]}