{"lengs":[10.0,21.544346900318835,46.41588833612779,100.0,215.44346900318845,464.15888336127773,1000.0],"benchmarks":[["Trial",{"allocs":135706881,"gctimes":[2.78670827e8],"memory":3090413752,"params":["Parameters",{"gctrial":true,"time_tolerance":0.05,"samples":10000,"evals":1,"gcsample":false,"seconds":5.0,"overhead":0.0,"memory_tolerance":0.01}],"times":[1.0291123338e10]}],["Trial",{"allocs":193557848,"gctimes":[4.11406168e8],"memory":4407995384,"params":["Parameters",{"gctrial":true,"time_tolerance":0.05,"samples":10000,"evals":1,"gcsample":false,"seconds":5.0,"overhead":0.0,"memory_tolerance":0.01}],"times":[1.4762842507e10]}],["Trial",{"allocs":246399233,"gctimes":[5.22968265e8],"memory":5611476496,"params":["Parameters",{"gctrial":true,"time_tolerance":0.05,"samples":10000,"evals":1,"gcsample":false,"seconds":5.0,"overhead":0.0,"memory_tolerance":0.01}],"times":[1.8661389166e10]}],["Trial",{"allocs":263204631,"gctimes":[5.57743333e8],"memory":5994210096,"params":["Parameters",{"gctrial":true,"time_tolerance":0.05,"samples":10000,"evals":1,"gcsample":false,"seconds":5.0,"overhead":0.0,"memory_tolerance":0.01}],"times":[2.0009873264e10]}],["Trial",{"allocs":272254483,"gctimes":[6.10139436e8],"memory":6200343856,"params":["Parameters",{"gctrial":true,"time_tolerance":0.05,"samples":10000,"evals":1,"gcsample":false,"seconds":5.0,"overhead":0.0,"memory_tolerance":0.01}],"times":[2.1762633437e10]}],["Trial",{"allocs":274678099,"gctimes":[5.94897499e8],"memory":6255531768,"params":["Parameters",{"gctrial":true,"time_tolerance":0.05,"samples":10000,"evals":1,"gcsample":false,"seconds":5.0,"overhead":0.0,"memory_tolerance":0.01}],"times":[2.0883875121e10]}],["Trial",{"allocs":275001245,"gctimes":[5.9551642e8],"memory":6262889992,"params":["Parameters",{"gctrial":true,"time_tolerance":0.05,"samples":10000,"evals":1,"gcsample":false,"seconds":5.0,"overhead":0.0,"memory_tolerance":0.01}],"times":[2.1175876432e10]}]],"medians":[10291.123338,14762.842507,18661.389166,20009.873264,21762.633437,20883.875121,21175.876432]}