{"lengs":[10.0,100.0,1000.0],"benchmarks":[["Trial",{"allocs":4590,"gctimes":[0.0,0.0,0.0,0.0],"memory":32244272,"params":["Parameters",{"gctrial":true,"time_tolerance":0.05,"samples":10000,"evals":1,"gcsample":false,"seconds":5.0,"overhead":0.0,"memory_tolerance":0.01}],"times":[1.42385027e9,1.421026092e9,1.423033402e9,1.443044624e9]}],["Trial",{"allocs":4652,"gctimes":[0.0,0.0,0.0,0.0],"memory":32602096,"params":["Parameters",{"gctrial":true,"time_tolerance":0.05,"samples":10000,"evals":1,"gcsample":false,"seconds":5.0,"overhead":0.0,"memory_tolerance":0.01}],"times":[1.544524161e9,1.540271995e9,1.542591266e9,1.571274793e9]}],["Trial",{"allocs":4753,"gctimes":[0.0,0.0,0.0],"memory":33212064,"params":["Parameters",{"gctrial":true,"time_tolerance":0.05,"samples":10000,"evals":1,"gcsample":false,"seconds":5.0,"overhead":0.0,"memory_tolerance":0.01}],"times":[1.861129669e9,1.842860452e9,1.839330969e9]}]],"medians":[1423.441836,1543.5577135,1842.860452]}