{"lengs":[10.0,21.544346900318835,46.41588833612779,100.0,215.44346900318845,464.15888336127773,1000.0],"benchmarks":[["Trial",{"allocs":53048,"gctimes":[2.3978255e7],"memory":2176760176,"params":["Parameters",{"gctrial":true,"time_tolerance":0.05,"samples":10000,"evals":1,"gcsample":false,"seconds":5.0,"overhead":0.0,"memory_tolerance":0.01}],"times":[1.0314183186e10]}],["Trial",{"allocs":56452,"gctimes":[2.374795e7],"memory":2336376864,"params":["Parameters",{"gctrial":true,"time_tolerance":0.05,"samples":10000,"evals":1,"gcsample":false,"seconds":5.0,"overhead":0.0,"memory_tolerance":0.01}],"times":[1.1059279661e10]}],["Trial",{"allocs":59856,"gctimes":[2.4760129e7],"memory":2495993552,"params":["Parameters",{"gctrial":true,"time_tolerance":0.05,"samples":10000,"evals":1,"gcsample":false,"seconds":5.0,"overhead":0.0,"memory_tolerance":0.01}],"times":[1.1853343508e10]}],["Trial",{"allocs":64962,"gctimes":[2.8872765e7],"memory":2662641264,"params":["Parameters",{"gctrial":true,"time_tolerance":0.05,"samples":10000,"evals":1,"gcsample":false,"seconds":5.0,"overhead":0.0,"memory_tolerance":0.01}],"times":[1.3122487809e10]}],["Trial",{"allocs":67774,"gctimes":[2.8247686e7],"memory":2794498528,"params":["Parameters",{"gctrial":true,"time_tolerance":0.05,"samples":10000,"evals":1,"gcsample":false,"seconds":5.0,"overhead":0.0,"memory_tolerance":0.01}],"times":[1.2571335804e10]}],["Trial",{"allocs":69994,"gctimes":[2.8370548e7],"memory":2898596368,"params":["Parameters",{"gctrial":true,"time_tolerance":0.05,"samples":10000,"evals":1,"gcsample":false,"seconds":5.0,"overhead":0.0,"memory_tolerance":0.01}],"times":[1.3154482007e10]}],["Trial",{"allocs":72806,"gctimes":[3.1327954e7],"memory":3030453632,"params":["Parameters",{"gctrial":true,"time_tolerance":0.05,"samples":10000,"evals":1,"gcsample":false,"seconds":5.0,"overhead":0.0,"memory_tolerance":0.01}],"times":[1.5251319563e10]}]],"medians":[10314.183186,11059.279661,11853.343508,13122.487809,12571.335804,13154.482007,15251.319563]}