{"lengs":[10.0,21.544346900318835,46.41588833612779,100.0,215.44346900318845,464.15888336127773,1000.0],"benchmarks":[["Trial",{"allocs":24417,"gctimes":[0.0,0.0,0.0,0.0,0.0,0.0],"memory":24581072,"params":["Parameters",{"gctrial":true,"time_tolerance":0.05,"samples":10000,"evals":1,"gcsample":false,"seconds":5.0,"overhead":0.0,"memory_tolerance":0.01}],"times":[9.0386709e8,9.57822425e8,9.56927597e8,9.52987356e8,9.43426108e8,9.61732922e8]}],["Trial",{"allocs":27278,"gctimes":[0.0,0.0,0.0,0.0,0.0,0.0],"memory":24848096,"params":["Parameters",{"gctrial":true,"time_tolerance":0.05,"samples":10000,"evals":1,"gcsample":false,"seconds":5.0,"overhead":0.0,"memory_tolerance":0.01}],"times":[8.90672282e8,8.79653422e8,8.89586064e8,8.82999068e8,8.893302e8,8.83245227e8]}],["Trial",{"allocs":28293,"gctimes":[0.0,0.0,0.0,0.0,0.0,0.0],"memory":25140624,"params":["Parameters",{"gctrial":true,"time_tolerance":0.05,"samples":10000,"evals":1,"gcsample":false,"seconds":5.0,"overhead":0.0,"memory_tolerance":0.01}],"times":[9.55822668e8,9.27706603e8,9.3205246e8,9.46481144e8,9.33166713e8,9.69877161e8]}],["Trial",{"allocs":29306,"gctimes":[0.0,0.0,0.0,0.0,0.0],"memory":25432928,"params":["Parameters",{"gctrial":true,"time_tolerance":0.05,"samples":10000,"evals":1,"gcsample":false,"seconds":5.0,"overhead":0.0,"memory_tolerance":0.01}],"times":[1.036105607e9,1.072756668e9,1.102376001e9,1.072132018e9,1.069291373e9]}],["Trial",{"allocs":31260,"gctimes":[0.0,0.0,0.0,0.0,0.0],"memory":25768128,"params":["Parameters",{"gctrial":true,"time_tolerance":0.05,"samples":10000,"evals":1,"gcsample":false,"seconds":5.0,"overhead":0.0,"memory_tolerance":0.01}],"times":[1.102348117e9,1.070472278e9,1.080754051e9,1.097136116e9,1.049521507e9]}],["Trial",{"allocs":33198,"gctimes":[0.0,0.0,0.0,0.0],"memory":26047904,"params":["Parameters",{"gctrial":true,"time_tolerance":0.05,"samples":10000,"evals":1,"gcsample":false,"seconds":5.0,"overhead":0.0,"memory_tolerance":0.01}],"times":[1.247642809e9,1.289106531e9,1.243589011e9,1.245996411e9]}],["Trial",{"allocs":34195,"gctimes":[0.0,0.0,0.0,0.0],"memory":26284784,"params":["Parameters",{"gctrial":true,"time_tolerance":0.05,"samples":10000,"evals":1,"gcsample":false,"seconds":5.0,"overhead":0.0,"memory_tolerance":0.01}],"times":[1.274560146e9,1.267962075e9,1.263439472e9,1.274903566e9]}]],"medians":[954.9574765,886.2877135,939.8239285,1072.132018,1080.754051,1246.81961,1271.2611105]}