{"lengs":[10.0,21.544346900318835,46.41588833612779,100.0,215.44346900318845,464.15888336127773,1000.0],"benchmarks":[["Trial",{"allocs":11962,"gctimes":[0.0,0.0,0.0,0.0,0.0,0.0,0.0,1.0676498e7,0.0,0.0,0.0,0.0,0.0,0.0,1.0109673e7,0.0,0.0,0.0,0.0,0.0,0.0,0.0,1.0193943e7,0.0,0.0,0.0,0.0,0.0,0.0,1.0763955e7,0.0,0.0,0.0,0.0,0.0,0.0,0.0,1.0614679e7],"memory":22628928,"params":["Parameters",{"gctrial":true,"time_tolerance":0.05,"samples":10000,"evals":1,"gcsample":false,"seconds":5.0,"overhead":0.0,"memory_tolerance":0.01}],"times":[1.31678306e8,1.26408858e8,1.3263015e8,1.25043346e8,1.31667589e8,1.29829466e8,1.29485397e8,1.56097394e8,1.28317312e8,1.31098055e8,1.23911187e8,1.28043664e8,1.29011327e8,1.28826444e8,1.4282925e8,1.31334144e8,1.30442804e8,1.36030359e8,1.30573504e8,1.29370211e8,1.26785574e8,1.2498524e8,1.37257079e8,1.29365694e8,1.38075949e8,1.32970717e8,1.35572721e8,1.33571932e8,1.32750313e8,1.8237206e8,1.41297302e8,1.38261557e8,1.39077262e8,1.37269889e8,1.38099717e8,1.38918293e8,1.38140687e8,1.49858847e8]}],["Trial",{"allocs":14266,"gctimes":[0.0,0.0,0.0,0.0,0.0,0.0,9.901352e6,0.0,0.0,0.0,0.0,0.0,1.0689814e7,0.0,0.0,0.0,0.0,0.0,1.0159858e7,0.0,0.0,0.0,0.0,0.0,0.0,9.889309e6,0.0,0.0,0.0,0.0,0.0],"memory":26967552,"params":["Parameters",{"gctrial":true,"time_tolerance":0.05,"samples":10000,"evals":1,"gcsample":false,"seconds":5.0,"overhead":0.0,"memory_tolerance":0.01}],"times":[1.62818183e8,1.5999642e8,1.59387163e8,1.60895397e8,1.59404414e8,1.5874079e8,1.73356115e8,1.60010033e8,1.59086941e8,1.95951099e8,1.65896475e8,1.64380176e8,1.73693734e8,1.68815154e8,1.85576965e8,1.59104935e8,1.61153203e8,1.58650459e8,1.69854846e8,1.60317689e8,1.62263234e8,1.65080028e8,1.65274504e8,1.66735797e8,1.68414187e8,1.80460162e8,1.67964356e8,1.64420466e8,1.65455509e8,1.66184043e8,1.66305823e8]}],["Trial",{"allocs":18792,"gctimes":[0.0,0.0,0.0,0.0,1.0196553e7,0.0,0.0,0.0,0.0,1.0286572e7,0.0,0.0,0.0,0.0,1.0457031e7,0.0,0.0,0.0,0.0,1.0010743e7,0.0,0.0],"memory":35492960,"params":["Parameters",{"gctrial":true,"time_tolerance":0.05,"samples":10000,"evals":1,"gcsample":false,"seconds":5.0,"overhead":0.0,"memory_tolerance":0.01}],"times":[2.26766369e8,2.271037e8,2.25083982e8,2.25323055e8,2.39138827e8,2.25010986e8,2.27057238e8,2.23819265e8,2.24082262e8,2.38208004e8,2.28866479e8,2.28876095e8,2.24796786e8,2.28674352e8,2.40944906e8,2.3390661e8,2.36894516e8,2.35513137e8,2.35574937e8,2.47503219e8,2.31747244e8,2.26098553e8]}],["Trial",{"allocs":22125,"gctimes":[0.0,0.0,0.0,0.0,1.0352474e7,0.0,0.0,0.0,1.0060091e7,0.0,0.0,0.0,1.0214975e7,0.0,0.0,0.0,9.965539e6],"memory":41768336,"params":["Parameters",{"gctrial":true,"time_tolerance":0.05,"samples":10000,"evals":1,"gcsample":false,"seconds":5.0,"overhead":0.0,"memory_tolerance":0.01}],"times":[2.99134825e8,2.97499371e8,2.94657119e8,2.95235245e8,3.06295475e8,2.96243099e8,2.94512899e8,2.93053845e8,3.06575149e8,2.97495294e8,2.98341066e8,2.94144179e8,3.08005625e8,2.95059436e8,3.09979538e8,3.06995213e8,3.21027959e8]}],["Trial",{"allocs":24722,"gctimes":[0.0,0.0,0.0,1.0020085e7,0.0,0.0,0.0,1.1080725e7,0.0,0.0,1.0889669e7,0.0,0.0,0.0],"memory":46748384,"params":["Parameters",{"gctrial":true,"time_tolerance":0.05,"samples":10000,"evals":1,"gcsample":false,"seconds":5.0,"overhead":0.0,"memory_tolerance":0.01}],"times":[3.79609806e8,3.66797253e8,3.6109811e8,3.7216329e8,3.59545942e8,3.57250388e8,3.57432806e8,3.71366049e8,3.60983111e8,3.61952469e8,3.72620028e8,3.61830188e8,3.62302075e8,3.5798549e8]}],["Trial",{"allocs":25687,"gctimes":[0.0,0.0,0.0,1.0039403e7,0.0,0.0,1.0720625e7,0.0,0.0,0.0,1.116627e7,0.0,0.0],"memory":48643088,"params":["Parameters",{"gctrial":true,"time_tolerance":0.05,"samples":10000,"evals":1,"gcsample":false,"seconds":5.0,"overhead":0.0,"memory_tolerance":0.01}],"times":[3.89411045e8,3.82646394e8,3.82475737e8,3.92624928e8,3.79192425e8,4.18443128e8,4.14337055e8,3.97880345e8,4.1540685e8,3.97861623e8,4.04641686e8,3.92231722e8,4.16135838e8]}],["Trial",{"allocs":25807,"gctimes":[0.0,0.0,0.0,1.0256785e7,0.0,0.0,1.0537048e7,0.0,0.0,0.0,1.09328e7,0.0,0.0],"memory":48888368,"params":["Parameters",{"gctrial":true,"time_tolerance":0.05,"samples":10000,"evals":1,"gcsample":false,"seconds":5.0,"overhead":0.0,"memory_tolerance":0.01}],"times":[4.12118004e8,4.06344041e8,4.17202824e8,4.18215101e8,4.07873447e8,4.07189274e8,4.32065095e8,3.9529113e8,3.88583472e8,3.9122829e8,4.15589112e8,3.99460353e8,3.90765495e8]}]],"medians":[132.154228,165.080028,228.7704155,297.499371,361.8913285,397.861623,407.189274]}