{"lengs":[10.0,31.622776601683793,100.0,316.2277660168379,1000.0,3162.2776601683795,10000.0,31622.776601683792,100000.0],"benchmarks":[["Trial",{"allocs":72379,"gctimes":[0.0,0.0,0.0,0.0,0.0,0.0,0.0,0.0,0.0,0.0,0.0,0.0,0.0,0.0,0.0,0.0,0.0,0.0,0.0,0.0,1.3388924e7,0.0,0.0,0.0,0.0,0.0,0.0,0.0,0.0,0.0,0.0,0.0,0.0,0.0,0.0,0.0,0.0,0.0,0.0,0.0,1.4255719e7,0.0,0.0,0.0,0.0,0.0,0.0,0.0,0.0,0.0,0.0,0.0,0.0,0.0,0.0,0.0,0.0,0.0,0.0,0.0,1.4136684e7,0.0,0.0,0.0,0.0],"memory":5657904,"params":["Parameters",{"gctrial":true,"time_tolerance":0.05,"samples":10000,"evals":1,"gcsample":false,"seconds":5.0,"overhead":0.0,"memory_tolerance":0.01}],"times":[7.8921277e7,7.645211e7,7.723386e7,7.6053711e7,7.5709131e7,7.6014004e7,7.5491414e7,7.6954253e7,8.0429704e7,8.3801343e7,8.157877e7,8.0130774e7,8.0412925e7,8.0424929e7,8.0991685e7,8.0777249e7,8.3247877e7,8.0194308e7,7.9827567e7,7.8811156e7,9.0753206e7,7.4619499e7,7.7565495e7,7.8980437e7,7.4278166e7,7.4025888e7,7.4204685e7,7.3954583e7,7.4591522e7,7.5245314e7,7.8774773e7,7.9228215e7,7.9643293e7,7.64268e7,7.5693912e7,7.5899045e7,7.6601296e7,7.8180938e7,7.7590862e7,7.8283495e7,9.3199094e7,7.4795263e7,7.4074464e7,7.418542e7,7.3943284e7,7.4972702e7,7.3949988e7,7.3797188e7,7.5491315e7,7.6126371e7,7.5672412e7,7.5657451e7,7.8461692e7,7.7175759e7,7.6020693e7,7.6456487e7,7.5998537e7,7.5747449e7,7.7671068e7,8.1001692e7,9.2048221e7,7.4815468e7,7.4345968e7,7.4252427e7,7.3856598e7]}],["Trial",{"allocs":72471,"gctimes":[0.0,0.0,0.0,0.0,0.0,0.0,0.0,0.0,0.0,0.0,0.0,0.0,0.0,0.0,0.0,0.0,0.0,0.0,0.0,0.0,1.4489377e7,0.0,0.0,0.0,0.0,0.0,0.0,0.0,0.0,0.0,0.0,0.0,0.0,0.0,0.0,0.0,0.0,0.0,0.0,0.0,1.3543807e7,0.0,0.0,0.0,0.0,0.0,0.0,0.0,0.0,0.0,0.0,0.0,0.0,0.0,0.0,0.0,0.0,0.0,0.0,0.0,1.4144204e7,0.0,0.0,0.0,0.0,0.0],"memory":5664848,"params":["Parameters",{"gctrial":true,"time_tolerance":0.05,"samples":10000,"evals":1,"gcsample":false,"seconds":5.0,"overhead":0.0,"memory_tolerance":0.01}],"times":[7.6157934e7,7.592852e7,7.4452098e7,7.3741164e7,7.44446e7,7.5507206e7,7.4934112e7,7.5618534e7,7.7201375e7,7.5670345e7,7.4573098e7,7.377029e7,7.6728852e7,7.7499021e7,7.638166e7,7.4617077e7,7.4400148e7,7.4227605e7,7.8414454e7,7.7598117e7,9.0669734e7,7.3119184e7,7.2301032e7,7.2932999e7,7.2434497e7,7.2991595e7,7.3248115e7,7.414395e7,7.2449906e7,7.2290453e7,7.2391098e7,7.4102906e7,7.5782812e7,7.4602254e7,7.8992229e7,7.6700921e7,7.6529592e7,7.4546651e7,7.4214083e7,7.6961962e7,9.1744733e7,7.7364811e7,7.7191098e7,7.6881525e7,7.7178717e7,7.3626527e7,7.4138999e7,7.4418098e7,7.4237492e7,7.733006e7,7.6931285e7,7.6483796e7,7.6397142e7,8.0370815e7,7.7767779e7,7.7466729e7,7.9676056e7,7.8799028e7,7.7281847e7,7.6751454e7,9.0578222e7,7.5380924e7,7.6315348e7,7.6984578e7,7.3007391e7,7.5234043e7]}],["Trial",{"allocs":72471,"gctimes":[0.0,0.0,0.0,0.0,0.0,0.0,0.0,0.0,0.0,0.0,0.0,0.0,0.0,0.0,0.0,0.0,0.0,0.0,0.0,0.0,1.4220081e7,0.0,0.0,0.0,0.0,0.0,0.0,0.0,0.0,0.0,0.0,0.0,0.0,0.0,0.0,0.0,0.0,0.0,0.0,0.0,1.4578671e7,0.0,0.0,0.0,0.0,0.0,0.0,0.0,0.0,0.0,0.0,0.0,0.0,0.0,0.0,0.0,0.0,0.0,0.0,0.0,1.4659028e7,0.0,0.0,0.0,0.0],"memory":5664848,"params":["Parameters",{"gctrial":true,"time_tolerance":0.05,"samples":10000,"evals":1,"gcsample":false,"seconds":5.0,"overhead":0.0,"memory_tolerance":0.01}],"times":[7.8505476e7,7.8395166e7,7.6603528e7,7.4546919e7,7.372725e7,7.3636825e7,7.390225e7,7.5141937e7,7.6007023e7,7.5421817e7,7.5075443e7,7.8791741e7,8.0507268e7,8.2192097e7,8.3069056e7,8.2730534e7,8.068492e7,7.9607784e7,8.1103311e7,8.1177982e7,9.4549956e7,7.832107e7,7.9906936e7,7.9101497e7,7.7635342e7,7.5241444e7,7.3982593e7,7.5210105e7,7.5413833e7,7.8467152e7,7.7175941e7,7.6720209e7,7.889518e7,7.6229668e7,7.6912397e7,7.4197831e7,7.5259254e7,7.806307e7,7.7053783e7,7.4814572e7,9.036603e7,7.4460244e7,7.284747e7,7.4891331e7,7.4522758e7,7.4072679e7,7.2307393e7,7.3038311e7,7.258565e7,7.3626163e7,7.2985574e7,7.8485873e7,7.742135e7,8.1359293e7,7.9724841e7,8.0052896e7,7.7705699e7,7.7752153e7,8.0083513e7,7.9598646e7,9.2658834e7,7.6589362e7,7.4947002e7,7.7542744e7,7.6915076e7]}],["Trial",{"allocs":72517,"gctimes":[0.0,0.0,0.0,0.0,0.0,0.0,0.0,0.0,0.0,0.0,0.0,0.0,0.0,0.0,0.0,0.0,0.0,0.0,0.0,0.0,1.3790826e7,0.0,0.0,0.0,0.0,0.0,0.0,0.0,0.0,0.0,0.0,0.0,0.0,0.0,0.0,0.0,0.0,0.0,0.0,0.0,1.4436258e7,0.0,0.0,0.0,0.0,0.0,0.0,0.0,0.0,0.0,0.0,0.0,0.0,0.0,0.0,0.0,0.0,0.0,0.0,0.0,1.4307707e7,0.0,0.0,0.0,0.0,0.0],"memory":5668320,"params":["Parameters",{"gctrial":true,"time_tolerance":0.05,"samples":10000,"evals":1,"gcsample":false,"seconds":5.0,"overhead":0.0,"memory_tolerance":0.01}],"times":[7.5770241e7,7.9847576e7,7.7959575e7,7.4848162e7,7.5183631e7,7.4326301e7,7.3831507e7,7.5112921e7,8.112682e7,7.7601869e7,7.6029983e7,7.7970272e7,7.6055144e7,7.7735969e7,7.6086244e7,7.5857441e7,7.6046033e7,7.6686523e7,7.7809189e7,7.6508584e7,8.9929264e7,7.3899752e7,7.3009598e7,7.3288909e7,7.2538081e7,7.2814207e7,7.2825233e7,7.2698017e7,7.3154411e7,7.2322139e7,7.5521396e7,7.6985774e7,7.7572616e7,7.4582116e7,7.4503041e7,7.4428948e7,7.4586578e7,7.4584136e7,7.7204651e7,7.868877e7,9.0162958e7,7.5634119e7,7.7550778e7,7.4937333e7,7.403254e7,7.4790924e7,7.5246686e7,7.4126842e7,7.4504064e7,7.3691518e7,7.2572418e7,7.2737316e7,7.4930788e7,7.4997646e7,7.5686185e7,7.875733e7,7.8159536e7,7.7140146e7,7.4519218e7,7.5512837e7,9.0495368e7,7.3002243e7,7.5518799e7,7.5530117e7,7.3862395e7,7.2397035e7]}],["Trial",{"allocs":72517,"gctimes":[0.0,0.0,0.0,0.0,0.0,0.0,0.0,0.0,0.0,0.0,0.0,0.0,0.0,0.0,0.0,0.0,0.0,0.0,0.0,0.0,1.3235866e7,0.0,0.0,0.0,0.0,0.0,0.0,0.0,0.0,0.0,0.0,0.0,0.0,0.0,0.0,0.0,0.0,0.0,0.0,0.0,1.3991159e7,0.0,0.0,0.0,0.0,0.0,0.0,0.0,0.0,0.0,0.0,0.0,0.0,0.0,0.0,0.0,0.0,0.0,0.0,0.0,1.4317153e7,0.0,0.0,0.0,0.0,0.0,0.0],"memory":5668320,"params":["Parameters",{"gctrial":true,"time_tolerance":0.05,"samples":10000,"evals":1,"gcsample":false,"seconds":5.0,"overhead":0.0,"memory_tolerance":0.01}],"times":[7.7874561e7,7.7225644e7,7.5347566e7,7.4368477e7,7.5574708e7,7.4952617e7,7.485898e7,7.5377009e7,7.5855439e7,7.6911764e7,7.3974599e7,7.3739475e7,7.5641246e7,7.4881184e7,7.42261e7,7.6388264e7,7.8416139e7,7.6094711e7,7.4820362e7,7.5230011e7,8.7295365e7,7.3168097e7,7.5126624e7,7.4923044e7,7.617514e7,7.2820391e7,7.3007243e7,7.2491647e7,7.2834517e7,7.2782154e7,7.2860368e7,7.477587e7,7.5658597e7,7.5220914e7,7.5144237e7,7.8095439e7,7.454831e7,7.4426789e7,7.6080183e7,7.5513869e7,8.8878398e7,7.3901636e7,7.4414994e7,7.2350073e7,7.2925567e7,7.3858671e7,7.8861436e7,7.4392439e7,7.2924482e7,7.4503744e7,7.23724e7,7.3757287e7,7.6393114e7,7.7843254e7,7.52315e7,7.4820698e7,7.5317635e7,7.4312391e7,7.4487113e7,7.5641517e7,9.1900928e7,7.4226148e7,7.2491944e7,7.3494899e7,7.5518455e7,7.3348984e7,7.2644113e7]}],["Trial",{"allocs":72563,"gctimes":[0.0,0.0,0.0,0.0,0.0,0.0,0.0,0.0,0.0,0.0,0.0,0.0,0.0,0.0,0.0,0.0,0.0,0.0,0.0,0.0,1.3451512e7,0.0,0.0,0.0,0.0,0.0,0.0,0.0,0.0,0.0,0.0,0.0,0.0,0.0,0.0,0.0,0.0,0.0,0.0,0.0,1.4098532e7,0.0,0.0,0.0,0.0,0.0,0.0,0.0,0.0,0.0,0.0,0.0,0.0,0.0,0.0,0.0,0.0,0.0,0.0,0.0,1.4141818e7,0.0,0.0,0.0,0.0],"memory":5671792,"params":["Parameters",{"gctrial":true,"time_tolerance":0.05,"samples":10000,"evals":1,"gcsample":false,"seconds":5.0,"overhead":0.0,"memory_tolerance":0.01}],"times":[7.5368631e7,7.7981089e7,7.5677673e7,7.5540982e7,7.3673166e7,7.6456288e7,7.6746048e7,8.0897691e7,8.1569354e7,8.0080866e7,7.6332406e7,7.6855726e7,7.8019607e7,7.7555905e7,7.7576702e7,7.6470548e7,7.885725e7,7.5738331e7,7.5685905e7,7.6650785e7,8.8866115e7,7.4480124e7,7.4596132e7,7.3892569e7,7.3586234e7,7.2312783e7,7.2928746e7,7.2435083e7,7.3929044e7,7.4119512e7,7.5949196e7,7.5941793e7,7.8154175e7,7.6255662e7,7.7741699e7,7.8237028e7,7.5862575e7,7.5437049e7,8.0049421e7,7.6932637e7,9.0011017e7,7.5623724e7,7.4114053e7,7.5148503e7,7.4007593e7,7.4766694e7,7.3296141e7,7.3566643e7,7.6149224e7,7.693888e7,7.5322784e7,7.6299111e7,7.7892402e7,7.7800468e7,8.1066717e7,7.712109e7,7.8093683e7,7.6256857e7,7.7738549e7,8.1988666e7,9.2077575e7,7.4648893e7,7.6199261e7,7.4181353e7,7.4624442e7]}],["Trial",{"allocs":72563,