{"lengs":[10.0,21.544346900318835,46.41588833612779,100.0,215.44346900318845,464.15888336127773,1000.0],"benchmarks":[["Trial",{"allocs":7086,"gctimes":[0.0,0.0,0.0,0.0,0.0,0.0,0.0,0.0,0.0,0.0,0.0,0.0,0.0,0.0,0.0,0.0,0.0,0.0,0.0,0.0,0.0,0.0,0.0,0.0,0.0,0.0,0.0,0.0,0.0,0.0,0.0,0.0,0.0,0.0,0.0,0.0,0.0,0.0,0.0,0.0,0.0,0.0,0.0,0.0,0.0,0.0,0.0,0.0,0.0,0.0,0.0,0.0,0.0,0.0,0.0,0.0,0.0,0.0,0.0,0.0,0.0,0.0,0.0,0.0,0.0],"memory":1221600,"params":["Parameters",{"gctrial":true,"time_tolerance":0.05,"samples":10000,"evals":1,"gcsample":false,"seconds":5.0,"overhead":0.0,"memory_tolerance":0.01}],"times":[7.9734111e7,7.866848e7,7.6786205e7,8.0978303e7,7.6917919e7,7.618863e7,7.800675e7,7.8568536e7,7.7156381e7,7.6900724e7,7.7177238e7,7.6954517e7,7.8218979e7,7.7942815e7,8.0340074e7,7.6341804e7,7.7518181e7,7.9630974e7,7.6653757e7,7.8436046e7,7.8062382e7,7.662655e7,7.7172728e7,7.740626e7,7.6907389e7,7.7012738e7,7.7664271e7,7.8009051e7,7.7292874e7,7.6887322e7,7.6963179e7,7.6883172e7,7.7929971e7,7.8782716e7,7.6513033e7,7.73855e7,7.7400675e7,7.6945965e7,7.6862042e7,7.7848219e7,7.7067051e7,8.0500805e7,7.7989579e7,7.7914816e7,7.6671521e7,7.7397725e7,7.7323743e7,7.6641838e7,7.6104011e7,7.6790424e7,7.6568943e7,7.6468199e7,7.9798545e7,7.8299382e7,7.7829502e7,7.8209075e7,7.6780529e7,7.6676231e7,7.7076145e7,7.6930927e7,7.7487255e7,7.6163636e7,7.9323433e7,8.1105112e7,7.8641819e7]}],["Trial",{"allocs":15918,"gctimes":[0.0,0.0,0.0,0.0,0.0,0.0,0.0,0.0,0.0,0.0,0.0,0.0,0.0,0.0,0.0,0.0,0.0,0.0,0.0,0.0,0.0,0.0,0.0,0.0,0.0,0.0,0.0],"memory":1882336,"params":["Parameters",{"gctrial":true,"time_tolerance":0.05,"samples":10000,"evals":1,"gcsample":false,"seconds":5.0,"overhead":0.0,"memory_tolerance":0.01}],"times":[1.95796471e8,2.0112594e8,1.89169407e8,1.88384069e8,1.87282979e8,1.91191266e8,1.93368663e8,1.95734812e8,1.8805119e8,1.877142e8,1.87766222e8,1.89996555e8,1.87296625e8,1.87925025e8,1.87210994e8,1.87796925e8,1.89309892e8,1.8740321e8,1.87282669e8,1.86059876e8,1.87787902e8,1.86523605e8,1.83844037e8,1.85723104e8,1.83998304e8,1.84034196e8,1.86859598e8]}],["Trial",{"allocs":32019,"gctimes":[0.0,0.0,0.0,0.0,0.0,0.0,0.0,0.0,0.0,0.0,0.0,0.0,0.0,0.0],"memory":2995584,"params":["Parameters",{"gctrial":true,"time_tolerance":0.05,"samples":10000,"evals":1,"gcsample":false,"seconds":5.0,"overhead":0.0,"memory_tolerance":0.01}],"times":[3.85868668e8,3.80378482e8,3.7734237e8,3.76901436e8,3.77880414e8,3.76177766e8,3.76694485e8,3.80499982e8,3.76947363e8,3.7824557e8,3.8870057e8,3.77506028e8,3.77218668e8,3.77961832e8]}],["Trial",{"allocs":45399,"gctimes":[0.0,0.0,0.0,0.0,0.0,0.0,0.0,0.0,0.0,0.0],"memory":4081824,"params":["Parameters",{"gctrial":true,"time_tolerance":0.05,"samples":10000,"evals":1,"gcsample":false,"seconds":5.0,"overhead":0.0,"memory_tolerance":0.01}],"times":[5.47340861e8,5.48564061e8,5.45918291e8,5.51567972e8,5.45965697e8,5.45726423e8,5.44867403e8,5.4576904e8,5.51013766e8,5.47979447e8]}],["Trial",{"allocs":55679,"gctimes":[0.0,0.0,0.0,0.0,0.0,0.0,0.0,0.0],"memory":4870688,"params":["Parameters",{"gctrial":true,"time_tolerance":0.05,"samples":10000,"evals":1,"gcsample":false,"seconds":5.0,"overhead":0.0,"memory_tolerance":0.01}],"times":[6.74613156e8,6.70082643e8,6.72694073e8,6.71512647e8,6.7080038e8,6.78468549e8,6.74175673e8,6.70571959e8]}],["Trial",{"allocs":62953,"gctimes":[0.0,0.0,0.0,0.0,0.0,0.0,0.0],"memory":5332320,"params":["Parameters",{"gctrial":true,"time_tolerance":0.05,"samples":10000,"evals":1,"gcsample":false,"seconds":5.0,"overhead":0.0,"memory_tolerance":0.01}],"times":[7.70564327e8,7.69564735e8,7.67996136e8,7.5882151e8,7.57452944e8,7.54579144e8,7.59901206e8]}],["Trial",{"allocs":64389,"gctimes":[0.0,0.0,0.0,0.0,0.0,0.0,0.0],"memory":5413088,"params":["Parameters",{"gctrial":true,"time_tolerance":0.05,"samples":10000,"evals":1,"gcsample":false,"seconds":5.0,"overhead":0.0,"memory_tolerance":0.01}],"times":[7.73442807e8,7.72742474e8,7.71061505e8,7.91738179e8,7.77404428e8,7.91464865e8,7.87986086e8]}]],"medians":[77.323743,187.766222,377.693221,546.653279,672.10336,759.901206,777.404428]}