{"lengs":[10.0,21.544346900318835,46.41588833612779,100.0,215.44346900318845,464.15888336127773,1000.0],"benchmarks":[["Trial",{"allocs":7821,"gctimes":[0.0,5.36754e6,0.0,5.484062e6,0.0],"memory":179138016,"params":["Parameters",{"gctrial":true,"time_tolerance":0.05,"samples":10000,"evals":1,"gcsample":false,"seconds":5.0,"overhead":0.0,"memory_tolerance":0.01}],"times":[9.14218179e8,1.115729613e9,1.106443424e9,1.11063933e9,9.91778654e8]}],["Trial",{"allocs":8443,"gctimes":[0.0,4.909589e6,0.0,5.446911e6,0.0],"memory":200110064,"params":["Parameters",{"gctrial":true,"time_tolerance":0.05,"samples":10000,"evals":1,"gcsample":false,"seconds":5.0,"overhead":0.0,"memory_tolerance":0.01}],"times":[1.018802331e9,1.012479801e9,1.01280064e9,1.028198674e9,1.015939942e9]}],["Trial",{"allocs":9005,"gctimes":[0.0,4.929342e6,0.0,5.181522e6,0.0],"memory":207324448,"params":["Parameters",{"gctrial":true,"time_tolerance":0.05,"samples":10000,"evals":1,"gcsample":false,"seconds":5.0,"overhead":0.0,"memory_tolerance":0.01}],"times":[1.048399603e9,1.054665239e9,1.052368484e9,1.054989097e9,1.050482734e9]}],["Trial",{"allocs":9565,"gctimes":[0.0,4.922511e6,0.0,5.164141e6,0.0],"memory":214538608,"params":["Parameters",{"gctrial":true,"time_tolerance":0.05,"samples":10000,"evals":1,"gcsample":false,"seconds":5.0,"overhead":0.0,"memory_tolerance":0.01}],"times":[1.090789659e9,1.095467794e9,1.089603485e9,1.096292134e9,1.08939086e9]}],["Trial",{"allocs":10253,"gctimes":[0.0,4.967342e6,5.176177e6,0.0,5.352384e6],"memory":228692752,"params":["Parameters",{"gctrial":true,"time_tolerance":0.05,"samples":10000,"evals":1,"gcsample":false,"seconds":5.0,"overhead":0.0,"memory_tolerance":0.01}],"times":[1.163969812e9,1.170071837e9,1.170315551e9,1.174320925e9,1.171035287e9]}],["Trial",{"allocs":10845,"gctimes":[0.0,5.196758e6,5.418824e6,0.0,5.52364e6],"memory":242785968,"params":["Parameters",{"gctrial":true,"time_tolerance":0.05,"samples":10000,"evals":1,"gcsample":false,"seconds":5.0,"overhead":0.0,"memory_tolerance":0.01}],"times":[1.23576697e9,1.248704767e9,1.250180082e9,1.245089412e9,1.263698363e9]}],["Trial",{"allocs":11309,"gctimes":[0.0,4.903464e6,5.148566e6,0.0],"memory":249939200,"params":["Parameters",{"gctrial":true,"time_tolerance":0.05,"samples":10000,"evals":1,"gcsample":false,"seconds":5.0,"overhead":0.0,"memory_tolerance":0.01}],"times":[1.274803455e9,1.280423846e9,1.277861555e9,1.276407823e9]}]],"medians":[1106.443424,1015.939942,1052.368484,1090.789659,1170.315551,1248.704767,1277.134689]}