{"lengs":[10.0,21.544346900318835,46.41588833612779,100.0,215.44346900318845,464.15888336127773,1000.0],"benchmarks":[["Trial",{"allocs":1931,"gctimes":[0.0,0.0,0.0,0.0,0.0,0.0,0.0,0.0,0.0,0.0,0.0,0.0,0.0,0.0,0.0,0.0,0.0,0.0,0.0,0.0,0.0,0.0,0.0,0.0,0.0,0.0,0.0,0.0,0.0,0.0,0.0,0.0,0.0,0.0,0.0,0.0,8.542821e6,0.0,0.0,0.0,0.0,0.0,0.0,0.0,0.0,0.0,0.0,0.0,0.0,0.0,0.0,0.0,0.0,0.0,0.0,0.0,0.0,0.0,0.0,0.0,0.0,0.0,0.0,0.0,0.0,0.0,0.0,0.0,0.0,0.0,0.0,0.0,0.0,8.68579e6,0.0,0.0,0.0,0.0,0.0,0.0,0.0,0.0,0.0,0.0,0.0,0.0,0.0,0.0,0.0,0.0,0.0,0.0,0.0,0.0,0.0,0.0,0.0,0.0,0.0,0.0,0.0,0.0,0.0,0.0,0.0,0.0,0.0,0.0,0.0,0.0,0.0,8.714857e6,0.0,0.0,0.0,0.0,0.0,0.0,0.0,0.0,0.0,0.0,0.0,0.0,0.0,0.0,0.0,0.0,0.0,0.0,0.0,0.0,0.0,0.0,0.0,0.0,0.0,0.0,0.0,0.0,0.0,0.0,0.0,0.0,0.0,0.0,0.0,0.0],"memory":3753760,"params":["Parameters",{"gctrial":true,"time_tolerance":0.05,"samples":10000,"evals":1,"gcsample":false,"seconds":5.0,"overhead":0.0,"memory_tolerance":0.01}],"times":[3.4354525e7,3.3500751e7,3.414346e7,3.4909168e7,3.448819e7,3.384621e7,3.4766524e7,3.3274812e7,3.2960893e7,3.3520873e7,3.3661547e7,3.3493026e7,3.3646267e7,3.4102081e7,3.3535118e7,3.3475929e7,3.3464728e7,3.3601561e7,3.3482867e7,3.3604458e7,3.4297231e7,3.4059054e7,3.341478e7,3.3155913e7,3.3584755e7,3.3671887e7,3.3318432e7,3.3558813e7,3.3240105e7,3.3709995e7,3.3567247e7,3.3490291e7,3.3597198e7,3.3783123e7,3.3669405e7,3.4378698e7,4.3909574e7,3.3956852e7,3.3765924e7,3.376652e7,3.3642799e7,3.3246384e7,3.4055944e7,3.3234518e7,3.3246831e7,3.3351178e7,3.3410038e7,3.3650992e7,3.3344489e7,3.3027231e7,3.3373201e7,3.3371001e7,3.404386e7,3.3955575e7,3.4033185e7,3.3634552e7,3.3526183e7,3.3301134e7,3.31891e7,3.3343498e7,3.3057928e7,3.392952e7,3.3679479e7,3.3158455e7,3.3376053e7,3.3484008e7,3.3089042e7,3.2869141e7,3.38095e7,3.4599588e7,3.3732975e7,3.3610949e7,3.3455277e7,4.3062716e7,3.3481538e7,3.3895426e7,3.4902169e7,3.3628314e7,3.3227914e7,3.3779477e7,3.4072493e7,3.3354907e7,3.3349259e7,3.3719543e7,3.3978332e7,3.4326596e7,3.416632e7,3.3422772e7,3.3113097e7,3.3565765e7,3.3585368e7,3.3522758e7,3.3585031e7,3.3406266e7,3.3236322e7,3.3174775e7,3.3320608e7,3.3310982e7,3.3622837e7,3.3110674e7,3.337503e7,3.4212212e7,3.423805e7,3.3591509e7,3.3595606e7,3.3090558e7,3.3593083e7,3.3539536e7,3.3078923e7,3.3276781e7,3.3321844e7,4.2696446e7,3.3444416e7,3.3766393e7,3.3534332e7,3.3098714e7,3.3280936e7,3.3991632e7,3.4278891e7,3.3805771e7,3.404174e7,3.3688992e7,3.3512259e7,3.3180056e7,3.3407296e7,3.318226e7,3.3124512e7,3.3278625e7,3.3402108e7,3.3587635e7,3.3330517e7,3.3207483e7,3.3255621e7,3.345107e7,3.4171191e7,3.5359337e7,3.3955142e7,3.3407591e7,3.3330287e7,3.363973e7,3.3104211e7,3.3197004e7,3.3022798e7,3.3659947e7,3.3149229e7,3.2921086e7,3.2875753e7,3.3548877e7]}],["Trial",{"allocs":2145,"gctimes":[0.0,0.0,0.0,0.0,0.0,0.0,0.0,0.0,0.0,0.0,0.0,0.0,0.0,0.0,0.0,0.0,0.0,0.0,0.0,0.0,0.0,0.0,0.0,0.0,0.0,0.0,0.0,0.0,0.0,0.0,0.0,0.0,0.0,8.449121e6,0.0,0.0,0.0,0.0,0.0,0.0,0.0,0.0,0.0,0.0,0.0,0.0,0.0,0.0,0.0,0.0,0.0,0.0,0.0,0.0,0.0,0.0,0.0,0.0,0.0,0.0,0.0,0.0,0.0,0.0,0.0,0.0,8.975107e6,0.0,0.0,0.0,0.0,0.0,0.0,0.0,0.0,0.0,0.0,0.0,0.0,0.0,0.0,0.0,0.0,0.0,0.0,0.0,0.0,0.0,0.0,0.0,0.0,0.0,0.0,0.0,0.0,0.0,0.0,0.0,0.0,8.412844e6,0.0,0.0,0.0,0.0,0.0,0.0,0.0,0.0,0.0,0.0,0.0],"memory":4196944,"params":["Parameters",{"gctrial":true,"time_tolerance":0.05,"samples":10000,"evals":1,"gcsample":false,"seconds":5.0,"overhead":0.0,"memory_tolerance":0.01}],"times":[4.6362017e7,4.5782848e7,4.6318944e7,4.509627e7,4.4425256e7,4.4598486e7,4.4537406e7,4.4300826e7,4.4714445e7,4.4472026e7,4.4161778e7,4.4839895e7,4.452809e7,4.4905814e7,4.5569188e7,4.5036438e7,4.5074776e7,4.4679356e7,4.4271271e7,4.4291539e7,4.4341314e7,4.4121081e7,4.4254221e7,4.445981e7,4.4580292e7,4.4692363e7,4.5533663e7,4.6405477e7,4.5552075e7,4.4790406e7,4.4892077e7,4.4447264e7,4.3948728e7,5.3688477e7,4.4480833e7,4.426586e7,4.4407807e7,4.4369401e7,4.6319992e7,4.592839e7,4.4995989e7,4.4400386e7,4.4302498e7,4.4232052e7,4.452947e7,4.4707577e7,4.448591e7,4.4548178e7,4.4323137e7,4.447871e7,4.481531e7,4.6773186e7,4.5321059e7,4.4376693e7,4.5502597e7,4.5116274e7,4.5017975e7,4.4306144e7,4.4407277e7,4.3983013e7,4.4638461e7,4.4761069e7,4.4398521e7,4.5366145e7,4.5438779e7,4.4424636e7,5.3845935e7,4.4879417e7,4.4689712e7,4.4488718e7,4.4620509e7,4.4570806e7,4.4708281e7,4.457393e7,4.4823983e7,4.5015516e7,4.5480711e7,4.424673e7,4.4832261e7,4.4240651e7,4.4565876e7,4.445756e7,4.4822951e7,4.4725761e7,4.4636191e7,4.5156444e7,4.4930179e7,4.5026393e7,4.5832139e7,4.5553371e7,4.4380523e7,4.4418327e7,4.4082791e7,4.4101498e7,4.5878939e7,4.4533151e7,4.4457906e7,4.4441802e7,4.4348031e7,5.3712533e7,4.5828086e7,4.5155189e7,4.5156991e7,4.4254034e7,4.4443528e7,4.4962969e7,4.4552576e7,4.4741815e7,4.444676e7,4.4785953e7,4.4231005e7]}],["Trial",{"allocs":2370,"gctimes":[0.0,0.0,0.0,0.0,0.0,0.0,0.0,0.0,0.0,0.0,0.0,0.0,0.0,0.0,0.0,0.0,0.0,0.0,0.0,0.0,0.0,0.0,0.0,0.0,0.0,0.0,0.0,0.0,0.0,8.462172e6,0.0,0.0,0.0,0.0,0.0,0.0,0.0,0.0,0.0,0.0,0.0,0.0,0.0,0.0,0.0,0.0,0.0,0.0,0.0,0.0,0.0,0.0,0.0,0.0,0.0,0.0,0.0,0.0,0.0,8.485164e6,0.0,0.0,0.0,0.0,0.0,0.0,0.0,0.0,0.0,0.0,0.0,0.0,0.0,0.0,0.0,0.0,0.0,0.0,0.0],"memory":4664992,"params":["Parameters",{"gctrial":true,"time_tolerance":0.05,"samples":10000,"evals":1,"gcsample":false,"seconds":5.0,"overhead":0.0,"memory_tolerance":0.01}],"times":[6.8711477e7,6.801753e7,6.7512006e7,6.4364848e7,6.4266581e7,6.3473225e7,6.3736536e7,6.3483825e7,6.3124934e7,6.4054075e7,6.378415e7,6.4486093e7,6.280551e7,6.2771934e7,6.2562847e7,6.2992255e7,6.3211096e7,6.2647704e7,6.2534259e7,6.3280344e7,6.390313e7,6.3174789e7,6.2246495e7,6.2916385e7,6.3648168e7,6.2351384e7,6.3005048e7,6.2144371e7,6.3940365e7,7.3313193e7,6.3380757e7,6.3462045e7,6.347406e7,6.2899513e7,6.3140579e7,6.2972988e7,6.2634842e7,6.4173094e7,6.3782025e7,6.3066253e7,6.2866472e7,6.2427091e7,6.2842004e7,6.3053112e7,6.3568084e7,6.3471145e7,6.3955467e7,6.2774243e7,6.2332703e7,6.2493723e7,6.234509e7,6.3884063e7,6.2650842e7,6.272283e7,6.3350348e7,6.3754327e7,6.3151848e7,6.2347814e7,6.2564959e7,7.1855542e7,6.2631034e7,6.3420105e7,6.2928751e7,6.500583e7,6.3343102e7,6.2772453e7,6.2410023e7,6.387352e7,6.2522931e7,6.2698789e7,6.2633368e7,6.2693799e7,6.5011824e7,6.2952493e7,6.2364785e7,6.3242821e7,6.2519164e7,6.3260511e7,6.2949528e7]}],["Trial",{"allocs":2774,"gctimes":[0.0,0.0,0.0,0.0,0.0,0.0,0.0,0.0,0.0,0.0,0.0,0.0,0.0,0.0,0.0,0.0,0.0,0.0,0.0,0.0,0.0,0.0,0.0,0.0,0.0,8.416394e6,0.0,0.0,0.0,0.0,0.0,0.0,0.0,0.0,0.0,0.0,0.0,0.0,0.0,0.0,0.0,0.0,0.0,0.0,0.0,0.0,0.0,0.0,0.0,0.0,8.437972e6,0.0,0.0,0.0,0.0,0.0,0.0,0.0,0.0,0.0,0.0,0.0,0.0],"memory":5483776,"params":["Parameters",{"gctrial":true,"time_tolerance":0.05,"samples":10000,"evals":1,"gcsample":false,"seconds":5.0,"overhead":0.0,"memory_tolerance":0.01}],"times":[8.07119e7,8.1590587e7,8.116212e7,7.9403752e7,7.9223592e7,7.9570249e7,7.9876035e7,7.9249327e7,8.1662698e7,8.0557198e7,7.9321121e7,7.9107916e7,8.0363067e7,7.9507233e7,7.9897935e7,8.132162e7,7.9330783e7,7.8958556e7,7.9638284e7,7.9449813e7,7.9505062e7,8.0044635e7,8.0780368e7,7.9412108e7,7.9418781e7,8.8359243e7,8.0655563e7,7.966552e7,7.9171333e7,8.1288223e7,7.9925982e7,7.8916828e7,7.9621698e7,7.8912154e7,7.8495884e7,7.8990149e7,8.109698e7,7.9592836e7,7.8524226e7,7.8926561e7,7.9339404e7,7.8380341e7,7.8622654e7,8.1706666e7,8.1184532e7,8.0040333e7,7.9740173e7,7.8998345e7,7.8381313e7,8.0730859e7,9.0299885e7,7.9821133e7,7.9437607e7,7.8941964e7,7.9240613e7,7.9123546e7,7.9420274e7,8.1662001e7,7.9607922e7,7.9585099e7,7.9027478e7,7.8801563e7,7.9197428e7]}],["Trial",{"allocs":3129,"gctimes":[0.0,0.0,0.0,0.0,0.0,0.0,0.0,0.0,0.0,0.0,0.0,0.0,0.0,0.0,0.0,0.0,0.0,0.0,0.0,0.0,0.0,0.0,8.284014e6,0.0,0.0,0.0,0.0,0.0,0.0,0.0,0.0,0.0,0.0,0.0,0.0,0.0,0.0,0.0,0.0,0.0,0.0,0.0,0.0,0.0,8.511626e6,0.0,0.0,0.0,0.0,0.0,0.0,0.0,0.0],"memory":6271376,"params":["Parameters",{"gctrial":true,"time_tolerance":0.05,"samples":10000,"evals":1,"gcsample":false,"seconds":5.0,"overhead":0.0,"memory_tolerance":0.01}],