{"lengs":[10.0,21.544346900318835,46.41588833612779,100.0,215.44346900318845,464.15888336127773,1000.0],"benchmarks":[["Trial",{"allocs":2466,"gctimes":[0.0,0.0,0.0,0.0,0.0,0.0,0.0,0.0,0.0,0.0,0.0,0.0,0.0,0.0,0.0,0.0,0.0,0.0,0.0,0.0,0.0,0.0,0.0,0.0,0.0,0.0,0.0,0.0,0.0,0.0,0.0,0.0,0.0,0.0,0.0,0.0,0.0,1.0446651e7,0.0,0.0,0.0,0.0,0.0,0.0,0.0,0.0,0.0,0.0,0.0,0.0,0.0,0.0,0.0,0.0,0.0,0.0,0.0,0.0,0.0,0.0,0.0,0.0,0.0,0.0,0.0,0.0,0.0,0.0,0.0,0.0,0.0,0.0,0.0,0.0,1.0333191e7,0.0,0.0,0.0,0.0,0.0,0.0,0.0,0.0,0.0,0.0,0.0,0.0,0.0,0.0,0.0,0.0,0.0,0.0,0.0,0.0,0.0,0.0,0.0,0.0,0.0,0.0,0.0,0.0,0.0,0.0,0.0,0.0,0.0,0.0,0.0,0.0,1.0563785e7,0.0,0.0,0.0,0.0,0.0,0.0,0.0,0.0],"memory":4546608,"params":["Parameters",{"gctrial":true,"time_tolerance":0.05,"samples":10000,"evals":1,"gcsample":false,"seconds":5.0,"overhead":0.0,"memory_tolerance":0.01}],"times":[4.3190504e7,4.2657958e7,4.2468774e7,4.2270183e7,4.1212933e7,4.1170676e7,4.2010625e7,4.1316068e7,4.0754618e7,4.1144241e7,4.1799255e7,4.1050919e7,4.0781176e7,4.1632781e7,4.1372174e7,4.2336951e7,4.2492534e7,4.1415942e7,4.0755579e7,4.0615651e7,4.0851505e7,4.171363e7,4.0589446e7,4.0904989e7,4.1307115e7,4.1810135e7,4.0908631e7,4.0803792e7,4.1218479e7,4.1729984e7,4.1490475e7,4.0623594e7,4.0639912e7,4.0962775e7,4.1217669e7,4.0764621e7,4.1185721e7,5.2914576e7,4.1399328e7,4.1227002e7,4.0548549e7,4.1011869e7,4.1497211e7,4.2420857e7,4.1490433e7,4.0907979e7,4.1136189e7,4.1251151e7,4.1329346e7,4.1500731e7,4.0778077e7,4.0831933e7,4.0629557e7,4.0616106e7,4.0791274e7,4.154515e7,4.2860922e7,4.1513998e7,4.2090497e7,4.1369995e7,4.1966909e7,4.129598e7,4.2417264e7,4.2438433e7,4.2614584e7,4.223107e7,4.2766729e7,4.1367513e7,4.221364e7,4.3671922e7,4.2069044e7,4.2121893e7,4.1299167e7,4.1321799e7,5.2608089e7,4.1214404e7,4.2308934e7,4.0964941e7,4.088613e7,4.0853701e7,4.1330367e7,4.1564955e7,4.3048072e7,4.1432984e7,4.2506668e7,4.1013644e7,4.1265493e7,4.0978651e7,4.0822265e7,4.0461545e7,4.0870443e7,4.1231676e7,4.1072816e7,4.1067728e7,4.1056354e7,4.1862415e7,4.2891555e7,4.1236042e7,4.0732794e7,4.10734e7,4.0863453e7,4.1213017e7,4.0765979e7,4.062935e7,4.0570768e7,4.1049456e7,4.1442643e7,4.0614289e7,4.1276639e7,4.2355604e7,4.2237977e7,5.3409815e7,4.1539676e7,4.1082341e7,4.1230642e7,4.0724924e7,4.1246508e7,4.0982697e7,4.0943728e7,4.1464266e7]}],["Trial",{"allocs":2757,"gctimes":[0.0,0.0,0.0,0.0,0.0,0.0,0.0,0.0,0.0,0.0,0.0,0.0,0.0,0.0,0.0,0.0,0.0,0.0,0.0,0.0,0.0,0.0,0.0,0.0,0.0,0.0,0.0,0.0,0.0,0.0,0.0,0.0,0.0,1.1078559e7,0.0,0.0,0.0,0.0,0.0,0.0,0.0,0.0,0.0,0.0,0.0,0.0,0.0,0.0,0.0,0.0,0.0,0.0,0.0,0.0,0.0,0.0,0.0,0.0,0.0,0.0,0.0,0.0,0.0,0.0,0.0,0.0,0.0,1.2842002e7,0.0,0.0,0.0,0.0,0.0,0.0,0.0,0.0,0.0,0.0,0.0,0.0,0.0,0.0,0.0,0.0,0.0,0.0],"memory":4998800,"params":["Parameters",{"gctrial":true,"time_tolerance":0.05,"samples":10000,"evals":1,"gcsample":false,"seconds":5.0,"overhead":0.0,"memory_tolerance":0.01}],"times":[5.8534789e7,5.6276381e7,5.5360948e7,5.6668959e7,5.7019188e7,5.6996793e7,5.8765952e7,6.0276279e7,5.9450728e7,5.7436246e7,5.8141006e7,5.7239317e7,5.6361543e7,5.7190165e7,5.642273e7,5.5935324e7,5.7399156e7,5.8525922e7,5.5892784e7,5.5375986e7,5.6201044e7,5.6861046e7,5.5821561e7,5.6595441e7,5.6095836e7,5.7123165e7,5.8952914e7,5.7925016e7,5.6637043e7,5.6781591e7,5.6225793e7,5.6327579e7,5.7197846e7,7.0119208e7,5.7064093e7,5.662104e7,5.8185165e7,5.7496349e7,5.7323586e7,5.6823198e7,5.7910169e7,5.6451659e7,5.771068e7,5.8118943e7,5.6132772e7,5.6913267e7,5.7252537e7,5.6201981e7,5.6899982e7,5.6901467e7,5.6325736e7,5.6089627e7,5.5495788e7,5.5932744e7,5.4840029e7,5.6858128e7,5.682263e7,5.6150814e7,5.6196192e7,5.6331089e7,5.6168065e7,5.554099e7,5.5205264e7,5.5975915e7,5.6653178e7,5.9107664e7,6.370059e7,9.0711039e7,5.594389e7,5.5781501e7,5.5311394e7,5.5191467e7,5.5511279e7,5.4561584e7,5.4637184e7,5.5844442e7,5.504194e7,5.5404433e7,5.7654794e7,5.8698881e7,8.5607199e7,7.6259325e7,8.2814039e7,8.4680207e7,7.6846699e7,7.7067369e7]}],["Trial",{"allocs":3126,"gctimes":[0.0,0.0,0.0,0.0,0.0,0.0,0.0,0.0,0.0,0.0,0.0,0.0,0.0,0.0,0.0,0.0,0.0,0.0,0.0,0.0,0.0,0.0,0.0,0.0,0.0,0.0,0.0,0.0,0.0,1.2481349e7,0.0,0.0,0.0,0.0,0.0,0.0,0.0,0.0,0.0,0.0,0.0,0.0,0.0,0.0,0.0,0.0,0.0,0.0,0.0,0.0,0.0,0.0,0.0,0.0,0.0,0.0],"memory":5653984,"params":["Parameters",{"gctrial":true,"time_tolerance":0.05,"samples":10000,"evals":1,"gcsample":false,"seconds":5.0,"overhead":0.0,"memory_tolerance":0.01}],"times":[7.6572971e7,7.5089796e7,7.4721958e7,7.5819604e7,7.6193626e7,7.7788372e7,7.6533792e7,7.6027568e7,7.4825634e7,7.3826272e7,7.3964318e7,7.4503796e7,7.7349994e7,7.5784792e7,7.7389702e7,7.5401354e7,7.3904934e7,7.2955602e7,7.5274574e7,7.6849802e7,7.5994988e7,7.4369607e7,9.8569177e7,1.17916345e8,1.10295863e8,7.6827188e7,7.6720784e7,7.7369507e7,1.05533235e8,1.29310776e8,1.12219869e8,1.07396831e8,1.16324577e8,1.13248679e8,1.11230539e8,9.9017901e7,1.17201969e8,1.12509229e8,7.9506123e7,1.11147205e8,8.6630058e7,1.07673058e8,1.15493294e8,1.06264257e8,1.12153946e8,8.2442957e7,7.4987357e7,7.5849201e7,7.4585585e7,7.3740176e7,7.506737e7,8.0424409e7,1.16911262e8,1.09780959e8,1.12444913e8,1.15196361e8]}],["Trial",{"allocs":3566,"gctimes":[0.0,0.0,0.0,0.0,0.0,0.0,0.0,0.0,0.0,0.0,0.0,0.0,0.0,0.0,0.0,0.0,0.0,0.0,0.0,0.0,0.0,0.0,0.0,0.0,0.0,0.0,1.296131e7,0.0,0.0,0.0,0.0,0.0,0.0,0.0,0.0,0.0,0.0,0.0,0.0,0.0,0.0,0.0],"memory":6491936,"params":["Parameters",{"gctrial":true,"time_tolerance":0.05,"samples":10000,"evals":1,"gcsample":false,"seconds":5.0,"overhead":0.0,"memory_tolerance":0.01}],"times":[9.9853347e7,1.31245611e8,1.38307709e8,1.38932629e8,1.18897417e8,1.12310769e8,1.26371261e8,9.4588646e7,9.5921193e7,9.5603429e7,9.4968549e7,9.6892292e7,9.524649e7,9.4888765e7,1.12473583e8,1.4753002e8,1.47497077e8,1.48664553e8,1.46518439e8,1.48129306e8,1.08954466e8,9.3774114e7,9.4563313e7,9.4938807e7,1.37151941e8,1.44788859e8,1.65933602e8,1.42730643e8,1.4638673e8,1.41926425e8,1.46581939e8,1.47407215e8,1.40988737e8,9.3066659e7,9.4683382e7,9.3487193e7,9.5080147e7,9.7760715e7,9.5515601e7,1.06446339e8,1.40392407e8,1.24463516e8]}],["Trial",{"allocs":3982,"gctimes":[0.0,0.0,0.0,0.0,0.0,0.0,0.0,0.0,0.0,0.0,0.0,0.0,0.0,0.0,0.0,0.0,0.0,0.0,0.0,0.0,0.0,0.0,1.0326008e7,0.0,0.0,0.0,0.0,0.0,0.0,0.0,0.0,0.0,0.0,0.0,0.0,0.0,0.0,0.0,0.0,0.0,0.0,0.0,0.0,0.0],"memory":7352208,"params":["Parameters",{"gctrial":true,"time_tolerance":0.05,"samples":10000,"evals":1,"gcsample":false,"seconds":5.0,"overhead":0.0,"memory_tolerance":0.01}],"times":[1.15948541e8,1.1475076e8,1.12523467e8,1.14039828e8,1.14641509e8,1.14479879e8,1.11502255e8,1.13888155e8,1.12216297e8,1.12964962e8,1.12497747e8,1.12584388e8,1.14941691e8,1.12881406e8,1.13068615e8,1.11896144e8,1.11570807e8,1.11268456e8,1.12026964e8,1.12632993e8,1.1423037e8,1.14346812e8,1.22929849e8,1.13061057e8,1.17106815e8,1.15513563e8,1.11652953e8,1.12195045e8,1.11938368e8,1.17305328e8,1.12579455e8,1.13036058e8,1.1278766e8,1.1497262e8,1.13608694e8,1.12085412e8,1.12447418e8,1.12069925e8,1.14693674e8,1.14060317e8,1.12624897e8,1.15028988e8,1.11571041e8,1.17554874e8]}],["Trial",{"allocs":4607,"gctimes":[0.0,0.0,0.0,0.0,0.0,0.0,0.0,0.0,0.0,0.0,0.0,0.0,0.0,0.0,0.0,0.0,0.0,0.0,0.0,1.0309082e7,0.0,0.0,0.0,0.0,0.0,0.0,0.0,0.0,0.0,0.0,0.0,0.0,0.0,0.0,0.0,0.0,0.0,0.0,1.0685902e7],"memory":8755072,"params":["Parameters",{"gctrial":true,"time_tolerance":0.05,"samples":10000,"evals":1,"gcsample":false,"seconds":5.0,"overhead":0.0,"memory_tolerance":0.01}],"times":[1.3061349e8,1.28187102e8,1.27920567e8,1.27718568e8,1.27379225e8,1.27532773e8,1.28274465e8,1.26182546e8,1.28958209e8,1.27674136e8,1.3016247e8,1.29326522e8,1.2743051e8,1.30489226e8,1.34109562e8,1.28221157e8,1.26422157e8,1.26268279e8,1.28031223e8,1.42800608e8,1.29842618e8,1.29815959e8,1.28355971e8,1.27626665e8,1.27686204e8,1.29661173e8,1.25844272e8,1.29123155e8,1.27315268e8,1.24183992e8,1.26270909e8,1.27786573e8,1.27696313e8,1.27521752e8,1.27118392e8,1.26947469e8,1.32084423e8,1.32116751e8,1.46218941e8]}],["Trial",{"allocs":4674,