{"lengs":[10.0,21.544346900318835,46.41588833612779,100.0,215.44346900318845,464.15888336127773,1000.0],"benchmarks":[["Trial",{"allocs":1202131493,"gctimes":[1.3559426219e10],"memory":111901495264,"params":["Parameters",{"gctrial":true,"time_tolerance":0.05,"samples":10000,"evals":1,"gcsample":false,"seconds":5.0,"overhead":0.0,"memory_tolerance":0.01}],"times":[1.09038209771e11]}],["Trial",{"allocs":1715023057,"gctimes":[1.8644242407e10],"memory":159647353824,"params":["Parameters",{"gctrial":true,"time_tolerance":0.05,"samples":10000,"evals":1,"gcsample":false,"seconds":5.0,"overhead":0.0,"memory_tolerance":0.01}],"times":[1.55661196359e11]}],["Trial",{"allocs":2183502223,"gctimes":[2.4722370557e10],"memory":203258794464,"params":["Parameters",{"gctrial":true,"time_tolerance":0.05,"samples":10000,"evals":1,"gcsample":false,"seconds":5.0,"overhead":0.0,"memory_tolerance":0.01}],"times":[2.01425802713e11]}],["Trial",{"allocs":2332498655,"gctimes":[2.5384907897e10],"memory":217129099744,"params":["Parameters",{"gctrial":true,"time_tolerance":0.05,"samples":10000,"evals":1,"gcsample":false,"seconds":5.0,"overhead":0.0,"memory_tolerance":0.01}],"times":[2.10407033448e11]}],["Trial",{"allocs":2412727503,"gctimes":[2.6698348936e10],"memory":224597725664,"params":["Parameters",{"gctrial":true,"time_tolerance":0.05,"samples":10000,"evals":1,"gcsample":false,"seconds":5.0,"overhead":0.0,"memory_tolerance":0.01}],"times":[2.19603586326e11]}],["Trial",{"allocs":2434217373,"gctimes":[2.6355191409e10],"memory":226598250464,"params":["Parameters",{"gctrial":true,"time_tolerance":0.05,"samples":10000,"evals":1,"gcsample":false,"seconds":5.0,"overhead":0.0,"memory_tolerance":0.01}],"times":[2.27980605213e11]}],["Trial",{"allocs":2437082689,"gctimes":[2.8312344006e10],"memory":226864987104,"params":["Parameters",{"gctrial":true,"time_tolerance":0.05,"samples":10000,"evals":1,"gcsample":false,"seconds":5.0,"overhead":0.0,"memory_tolerance":0.01}],"times":[2.28380777016e11]}]],"medians":[109038.209771,155661.196359,201425.802713,210407.033448,219603.586326,227980.605213,228380.777016]}