{"lengs":[10.0,21.544346900318835,46.41588833612779,100.0,215.44346900318845,464.15888336127773,1000.0],"benchmarks":[["Trial",{"allocs":12907,"gctimes":[0.0,0.0,0.0,0.0,0.0,0.0,0.0,0.0,0.0,0.0,0.0,0.0,0.0,0.0,0.0,0.0,0.0,0.0,0.0,0.0,0.0,0.0,0.0,0.0,0.0,0.0,0.0,0.0,0.0,0.0,0.0,0.0,0.0,0.0,0.0,0.0,0.0,0.0,0.0,0.0,0.0,0.0,9.697576e6,0.0,0.0,0.0,0.0,0.0,0.0,0.0,0.0,0.0,0.0,0.0,0.0,0.0,0.0,0.0,0.0,0.0,0.0,0.0,0.0,0.0,0.0,0.0,0.0,0.0,0.0,0.0,0.0,0.0,0.0,0.0,0.0,0.0,0.0,0.0,0.0,0.0,0.0,0.0,0.0,0.0,0.0,9.092866e6,0.0,0.0],"memory":3985808,"params":["Parameters",{"gctrial":true,"time_tolerance":0.05,"samples":10000,"evals":1,"gcsample":false,"seconds":5.0,"overhead":0.0,"memory_tolerance":0.01}],"times":[5.87885e7,5.8831107e7,5.8072799e7,5.605952e7,5.8357642e7,5.7264961e7,5.5544169e7,5.4754061e7,5.531168e7,5.5054304e7,5.6230655e7,5.5477359e7,5.465679e7,5.465671e7,5.5719239e7,5.7620884e7,5.7811845e7,5.8659351e7,5.7865742e7,5.9089342e7,5.9316338e7,5.751011e7,5.7082852e7,5.7899061e7,5.9248432e7,5.919603e7,5.9448331e7,5.8990913e7,5.8564689e7,5.8591117e7,5.826381e7,5.748158e7,5.8321022e7,5.7304136e7,5.8353722e7,5.6419977e7,5.8348319e7,5.8458402e7,5.6966107e7,5.8705591e7,5.6006591e7,5.7809492e7,6.7201116e7,5.6616574e7,5.5719179e7,5.631792e7,5.5270031e7,5.6560873e7,5.6524405e7,5.6300255e7,5.5425836e7,5.5446439e7,5.6322732e7,5.8547981e7,5.6566552e7,5.6012621e7,5.5295358e7,5.5543949e7,5.6758734e7,5.5585169e7,5.5592271e7,5.5563056e7,5.5103248e7,5.5823322e7,5.544405e7,5.5838574e7,5.5710377e7,5.5008193e7,5.6696211e7,5.7531802e7,5.6163939e7,5.5806241e7,5.6347357e7,5.4766947e7,5.546219e7,5.518867e7,5.5791118e7,5.5438064e7,5.5949629e7,5.6298738e7,5.6228448e7,5.4546752e7,5.4546387e7,5.5110656e7,5.5060471e7,6.556251e7,5.5616798e7,5.5969209e7]}],["Trial",{"allocs":13416,"gctimes":[0.0,0.0,0.0,0.0,0.0,0.0,0.0,0.0,0.0,0.0,0.0,0.0,0.0,0.0,0.0,0.0,0.0,0.0,0.0,0.0,0.0,0.0,0.0,0.0,0.0,0.0,0.0,0.0,0.0,0.0,0.0,0.0,0.0,0.0,0.0,0.0,0.0,0.0,9.375811e6,0.0,0.0,0.0,0.0,0.0,0.0,0.0,0.0,0.0,0.0,0.0,0.0,0.0,0.0,0.0,0.0,0.0,0.0,0.0,0.0,0.0,0.0,0.0,0.0,0.0,0.0,0.0,0.0,0.0,0.0,0.0,0.0,0.0,0.0,0.0,0.0,0.0,0.0,9.344313e6,0.0],"memory":4365616,"params":["Parameters",{"gctrial":true,"time_tolerance":0.05,"samples":10000,"evals":1,"gcsample":false,"seconds":5.0,"overhead":0.0,"memory_tolerance":0.01}],"times":[6.51258e7,6.1813218e7,6.3449003e7,6.2996214e7,6.2712314e7,6.2529108e7,6.3186567e7,6.2180263e7,6.2883662e7,6.2541047e7,6.3210502e7,6.2557707e7,6.3853902e7,6.4593487e7,6.55349e7,6.5071397e7,6.2512281e7,6.5566556e7,6.5561941e7,6.4884854e7,6.4498839e7,6.3979994e7,6.505639e7,6.4332547e7,6.2144806e7,6.4521573e7,6.4129706e7,6.3413034e7,6.2213869e7,6.2102709e7,6.2969969e7,6.348976e7,6.3329165e7,6.2038204e7,6.1611787e7,6.120837e7,6.329954e7,6.1523434e7,7.4649592e7,6.330513e7,6.3124451e7,6.3146029e7,6.2971009e7,6.2720085e7,6.3357165e7,6.2113996e7,6.5145128e7,6.80121e7,6.4093986e7,6.2050954e7,6.2748e7,6.3739218e7,6.1802572e7,6.2496109e7,6.1568041e7,6.4275516e7,6.2720584e7,6.2271218e7,6.2720954e7,6.186334e7,6.3768504e7,6.332411e7,6.2547692e7,6.3942432e7,6.3813619e7,6.3735837e7,6.424067e7,6.302789e7,6.270589e7,6.3468435e7,6.6081691e7,6.5697757e7,6.4319524e7,6.4360842e7,6.5757812e7,6.3010467e7,6.4379186e7,7.2569946e7,6.2278238e7]}],["Trial",{"allocs":15259,"gctimes":[0.0,0.0,0.0,0.0,0.0,0.0,0.0,0.0,0.0,0.0,0.0,0.0,0.0,0.0,0.0,0.0,0.0,0.0,0.0,0.0,0.0,0.0,0.0,0.0,0.0,0.0,0.0,0.0,0.0,0.0,0.0,0.0,0.0,0.0,9.485174e6,0.0,0.0,0.0,0.0,0.0,0.0,0.0,0.0,0.0,0.0,0.0,0.0,0.0,0.0,0.0,0.0,0.0,0.0,0.0,0.0,0.0,0.0,0.0,0.0,0.0,0.0],"memory":4924896,"params":["Parameters",{"gctrial":true,"time_tolerance":0.05,"samples":10000,"evals":1,"gcsample":false,"seconds":5.0,"overhead":0.0,"memory_tolerance":0.01}],"times":[8.2472762e7,7.937741e7,7.9599818e7,7.9161023e7,7.992088e7,8.2169742e7,7.9916229e7,8.0966975e7,8.0304018e7,7.9522364e7,7.9776448e7,7.8921566e7,8.1180579e7,8.0875961e7,8.103634e7,7.9366421e7,7.9916145e7,7.9346433e7,7.9292822e7,8.1368119e7,8.125842e7,8.2227192e7,8.2629126e7,8.4851605e7,8.1664737e7,8.2987912e7,8.4705564e7,8.3643486e7,8.1638296e7,8.1688979e7,8.2287949e7,8.2117489e7,8.4575345e7,8.4235866e7,9.2357134e7,8.1626855e7,8.2389303e7,8.3676994e7,8.5017779e7,8.4052689e7,8.2705844e7,8.0987602e7,8.1276409e7,8.1360816e7,8.2447079e7,8.2584679e7,8.4413893e7,8.6211413e7,8.5479074e7,8.2761044e7,8.2208858e7,8.1132639e7,8.1775948e7,8.0352164e7,8.2580699e7,8.3161794e7,8.3704467e7,8.1551722e7,8.2979666e7,8.2124637e7,8.499454e7]}],["Trial",{"allocs":17540,"gctimes":[0.0,0.0,0.0,0.0,0.0,0.0,0.0,0.0,0.0,0.0,0.0,0.0,0.0,0.0,0.0,0.0,0.0,0.0,0.0,0.0,0.0,0.0,0.0,0.0,0.0,0.0,0.0,0.0,0.0,0.0,0.0,0.0,9.907372e6,0.0,0.0,0.0,0.0,0.0,0.0,0.0,0.0,0.0,0.0,0.0,0.0,0.0,0.0,0.0,0.0,0.0,0.0,0.0],"memory":5308816,"params":["Parameters",{"gctrial":true,"time_tolerance":0.05,"samples":10000,"evals":1,"gcsample":false,"seconds":5.0,"overhead":0.0,"memory_tolerance":0.01}],"times":[9.7565147e7,9.5142052e7,9.6397472e7,9.6827273e7,9.5622895e7,9.7487616e7,9.6148801e7,9.6647198e7,9.7872102e7,9.5903611e7,9.638238e7,9.6104114e7,9.7125102e7,9.6446905e7,9.6980443e7,9.6070682e7,9.6609913e7,9.8140212e7,9.480778e7,9.6910871e7,9.3091327e7,9.3969291e7,9.2499113e7,9.3054144e7,9.7502342e7,9.6648099e7,9.4716617e7,9.6331593e7,9.5975737e7,9.7005029e7,9.6738922e7,9.6699138e7,1.05189497e8,9.5411215e7,9.6902129e7,9.5917828e7,9.7315254e7,9.5976255e7,9.7031078e7,9.5032352e7,1.00115494e8,9.8553834e7,9.8441174e7,9.6335811e7,9.482529e7,9.414312e7,9.7631215e7,9.944014e7,9.6866277e7,9.7413432e7,9.7219634e7,9.4936542e7]}],["Trial",{"allocs":18910,"gctimes":[0.0,0.0,0.0,0.0,0.0,0.0,0.0,0.0,0.0,0.0,0.0,0.0,0.0,0.0,0.0,0.0,0.0,0.0,0.0,0.0,0.0,0.0,0.0,0.0,0.0,0.0,0.0,0.0,0.0,0.0,1.0459546e7,0.0,0.0,0.0,0.0,0.0,0.0,0.0,0.0,0.0,0.0,0.0,0.0,0.0,0.0,0.0,0.0,0.0,0.0,0.0],"memory":5551600,"params":["Parameters",{"gctrial":true,"time_tolerance":0.05,"samples":10000,"evals":1,"gcsample":false,"seconds":5.0,"overhead":0.0,"memory_tolerance":0.01}],"times":[1.02590188e8,9.9051607e7,1.0159196e8,9.9974149e7,1.00926911e8,1.0017349e8,1.02474901e8,9.9455797e7,1.00547904e8,1.00828479e8,1.01496849e8,1.00333438e8,1.03240984e8,9.974311e7,1.00194802e8,1.01091458e8,1.03939908e8,9.985951e7,1.00113989e8,1.01405244e8,9.9592568e7,1.00703013e8,1.01202267e8,1.00631381e8,9.9874098e7,1.01031291e8,1.01182873e8,1.00582067e8,1.00227504e8,9.9147212e7,1.12159247e8,9.8924142e7,1.03525441e8,1.02710702e8,1.02947547e8,9.9519726e7,1.01134326e8,1.01118495e8,1.01399065e8,9.8915262e7,1.01032179e8,9.9419832e7,1.0064882e8,1.01998922e8,1.00498317e8,1.00962587e8,9.8984434e7,9.899063e7,1.02402711e8,1.00210192e8]}],["Trial",{"allocs":21037,"gctimes":[0.0,0.0,0.0,0.0,0.0,0.0,0.0,0.0,0.0,0.0,0.0,0.0,0.0,0.0,0.0,0.0,0.0,0.0,0.0,0.0,0.0,0.0,0.0,0.0,0.0,0.0,0.0,0.0,0.0,1.0562919e7,0.0,0.0,0.0,0.0,0.0,0.0,0.0,0.0,0.0,0.0,0.0,0.0,0.0,0.0,0.0,0.0],"memory":5714384,"params":["Parameters",{"gctrial":true,"time_tolerance":0.05,"samples":10000,"evals":1,"gcsample":false,"seconds":5.0,"overhead":0.0,"memory_tolerance":0.01}],"times":[1.10928862e8,1.12966426e8,1.09001011e8,1.10348412e8,1.09505656e8,1.09216914e8,1.09709555e8,1.09583432e8,1.09337098e8,1.08372174e8,1.09105844e8,1.07677274e8,1.10948482e8,1.1069317e8,1.07827934e8,1.08099656e8,1.08618136e8,1.07565161e8,1.09840367e8,1.10348519e8,1.11777706e8,1.14116697e8,1.09936417e8,1.13043589e8,1.13637937e8,1.14486129e8,1.1171051e8,1.12173285e8,1.13628905e8,1.21492742e8,1.10007516e8,1.12177753e8,1.15635677e8,1.16412634e8,1.13316926e8,1.10999388e8,1.08411117e8,1.14256004e8,1.13109149e8,1.07882004e8,1.10494909e8,1.08829191e8,1.08081035e8,1.09768977e8,1.08260074e8,1.0850557e8]}],["Trial",{"allocs":21627,"gctimes":[0.0,0.0,0.0,0.0,0.0,0.0,0.0,0.0,0.0,0.0,0.0,0.0,0.0,0.0,0.0,0.0,0.0,0.0,0.0,0.0,0.0,0.0,0.0,0.0,0.0,0.0,0.0,0.0,0.0,1.0280954e7,0.0,0.0,0.0,0.0,0.0,0.0,0.0,0.0,0.0,0.0,0.0,0.0,0.0,0.0,0.0],"memory":5742256,"params":["Parameters",{"gctrial":true,"time_tolerance":0.05,"samples":10000,"evals":1,"gcsample":false,"seconds":5.0,"overhead":0.0,"memory_tolerance":0.01}],