{"lengs":[10.0,31.622776601683793,100.0,316.2277660168379,1000.0,3162.2776601683795,10000.0],"benchmarks":[["Trial",{"allocs":10,"gctimes":[0.0,0.0,0.0,0.0,0.0,0.0,0.0,0.0,0.0,0.0,0.0,0.0,0.0,0.0,0.0,0.0,0.0,0.0,0.0,0.0,0.0,0.0,0.0,0.0,0.0,0.0,0.0,0.0,0.0,0.0,0.0,0.0,0.0,0.0,0.0,0.0,0.0,0.0,0.0,0.0,0.0,0.0,0.0,0.0,0.0,0.0,0.0,0.0,0.0,0.0,0.0,0.0,0.0,0.0,0.0,0.0,0.0,0.0,0.0,0.0,0.0,0.0,0.0,0.0,0.0,0.0,0.0,0.0,0.0,0.0,0.0,0.0,0.0,0.0,0.0,0.0,0.0,0.0,0.0,0.0,0.0,0.0,0.0,0.0,0.0,0.0,0.0,0.0,0.0,0.0,0.0,0.0,0.0,0.0,0.0,0.0,0.0,0.0,0.0,0.0,0.0,0.0,0.0,0.0,0.0,0.0,0.0,0.0,0.0,0.0,0.0,0.0,0.0,0.0,0.0,0.0,0.0,0.0,0.0,0.0,0.0,0.0,0.0,0.0,0.0,0.0,0.0,0.0,0.0,0.0,0.0,0.0,0.0,0.0,0.0,0.0,0.0,0.0,0.0,0.0,0.0,0.0,0.0,0.0,0.0,0.0,0.0,0.0,0.0],"memory":2816,"params":["Parameters",{"gctrial":true,"time_tolerance":0.05,"samples":10000,"evals":1,"gcsample":false,"seconds":5.0,"overhead":0.0,"memory_tolerance":0.01}],"times":[3.3742046e7,3.3877413e7,3.3834571e7,3.3868629e7,3.3707051e7,3.4171443e7,3.4080405e7,3.4320587e7,3.3617875e7,3.3874791e7,3.3081409e7,3.3009775e7,3.3231971e7,3.3153957e7,3.3561799e7,3.4003313e7,3.3355165e7,3.3542349e7,3.4085406e7,3.374008e7,3.3440875e7,3.368543e7,3.3644884e7,3.3453261e7,3.3657004e7,3.3528519e7,3.3530389e7,3.3544054e7,3.3829954e7,3.3874651e7,3.3216448e7,3.3188089e7,3.3452278e7,3.336213e7,3.3503351e7,3.3510167e7,3.3554972e7,3.3645494e7,3.3163727e7,3.3323189e7,3.3300504e7,3.3658513e7,3.3413453e7,3.3603203e7,3.3501363e7,3.352012e7,3.2865843e7,3.3531204e7,3.3201998e7,3.3319997e7,3.3109797e7,3.3454811e7,3.3883029e7,3.3739066e7,3.4202463e7,3.4534198e7,3.34413e7,3.3247478e7,3.2984283e7,3.3461354e7,3.3159871e7,3.3572296e7,3.3624569e7,3.376627e7,3.3450188e7,3.3323555e7,3.2984731e7,3.3726743e7,3.3757766e7,3.3580727e7,3.3373408e7,3.3458399e7,3.3382911e7,3.3016746e7,3.3253628e7,3.3467252e7,3.3468436e7,3.3992021e7,3.3732718e7,3.3192195e7,3.3733382e7,3.377374e7,3.3646518e7,3.3658196e7,3.4055308e7,3.4039996e7,3.3739202e7,3.4059744e7,3.3836812e7,3.3886417e7,3.3992454e7,3.3437155e7,3.4007688e7,3.3828994e7,3.348029e7,3.3341311e7,3.3736901e7,3.3861803e7,3.3714421e7,3.3390354e7,3.3226153e7,3.3472549e7,3.3602849e7,3.3365736e7,3.2916697e7,3.3147154e7,3.3619819e7,3.3130995e7,3.3792587e7,3.3424231e7,3.3040985e7,3.3819964e7,3.3866762e7,3.3150625e7,3.3353733e7,3.3376186e7,3.3469079e7,3.3903024e7,3.3902766e7,3.3439147e7,3.3557046e7,3.3686037e7,3.3418978e7,3.3393309e7,3.375973e7,3.3461514e7,3.3649068e7,3.3146038e7,3.3908939e7,3.3535821e7,3.2967156e7,3.3124368e7,3.3325981e7,3.3169402e7,3.3370012e7,3.3337229e7,3.406911e7,3.3044116e7,3.3379997e7,3.396064e7,3.3520043e7,3.3506897e7,3.3296405e7,3.3631329e7,3.3705307e7,3.3922423e7,3.3956812e7,3.4053042e7,3.4099466e7]}],["Trial",{"allocs":10,"gctimes":[0.0,0.0,0.0,0.0,0.0,0.0,0.0,0.0,0.0,0.0,0.0,0.0,0.0,0.0,0.0,0.0,0.0,0.0,0.0,0.0,0.0,0.0,0.0,0.0,0.0,0.0,0.0,0.0,0.0,0.0,0.0,0.0,0.0,0.0,0.0,0.0,0.0,0.0,0.0,0.0,0.0,0.0,0.0,0.0,0.0,0.0,0.0,0.0,0.0,0.0,0.0],"memory":2816,"params":["Parameters",{"gctrial":true,"time_tolerance":0.05,"samples":10000,"evals":1,"gcsample":false,"seconds":5.0,"overhead":0.0,"memory_tolerance":0.01}],"times":[1.00149812e8,9.834829e7,9.9075948e7,9.998401e7,1.01987996e8,1.01434819e8,1.01736198e8,1.00969279e8,9.9938441e7,1.0046565e8,9.849742e7,9.8773208e7,9.9201244e7,9.8401303e7,9.9409048e7,9.9894934e7,9.8084305e7,9.8044878e7,9.9643166e7,9.9051905e7,9.8323323e7,1.00081427e8,9.8102001e7,9.8355514e7,9.8145162e7,9.9677696e7,1.04352354e8,1.00950622e8,9.7188198e7,9.8637513e7,9.8651468e7,9.8435251e7,9.8510344e7,9.9173398e7,1.02853537e8,9.9673649e7,9.9032795e7,9.7251521e7,9.6903157e7,9.7378033e7,9.8709654e7,9.7603669e7,9.6586187e7,9.8724557e7,9.8284123e7,9.8933771e7,9.9944126e7,9.7876152e7,9.7533836e7,9.8395323e7,9.8027266e7]}],["Trial",{"allocs":10,"gctimes":[0.0,0.0,0.0,0.0,0.0,0.0,0.0,0.0,0.0,0.0,0.0,0.0,0.0,0.0,0.0,0.0],"memory":2816,"params":["Parameters",{"gctrial":true,"time_tolerance":0.05,"samples":10000,"evals":1,"gcsample":false,"seconds":5.0,"overhead":0.0,"memory_tolerance":0.01}],"times":[3.13323154e8,3.07653922e8,3.08572694e8,3.14045702e8,3.15905705e8,3.14467926e8,3.12743194e8,3.10780005e8,3.14016718e8,3.13303932e8,3.11031601e8,3.17075398e8,3.1472879e8,3.27554548e8,3.2018623e8,3.20412225e8]}],["Trial",{"allocs":10,"gctimes":[0.0,0.0,0.0,0.0,0.0,0.0],"memory":2816,"params":["Parameters",{"gctrial":true,"time_tolerance":0.05,"samples":10000,"evals":1,"gcsample":false,"seconds":5.0,"overhead":0.0,"memory_tolerance":0.01}],"times":[9.51931801e8,9.38654752e8,9.33458883e8,9.40650621e8,9.49525713e8,9.45865736e8]}],["Trial",{"allocs":10,"gctimes":[0.0,0.0],"memory":2816,"params":["Parameters",{"gctrial":true,"time_tolerance":0.05,"samples":10000,"evals":1,"gcsample":false,"seconds":5.0,"overhead":0.0,"memory_tolerance":0.01}],"times":[3.038183425e9,2.925455548e9]}],["Trial",{"allocs":10,"gctimes":[0.0],"memory":2816,"params":["Parameters",{"gctrial":true,"time_tolerance":0.05,"samples":10000,"evals":1,"gcsample":false,"seconds":5.0,"overhead":0.0,"memory_tolerance":0.01}],"times":[9.671246848e9]}],["Trial",{"allocs":10,"gctimes":[0.0],"memory":2816,"params":["Parameters",{"gctrial":true,"time_tolerance":0.05,"samples":10000,"evals":1,"gcsample":false,"seconds":5.0,"overhead":0.0,"memory_tolerance":0.01}],"times":[3.0082418017e10]}]],"medians":[33.531204,98.724557,314.03121,943.2581785,2981.8194865,9671.246848,30082.418017]}