{"lengs":[10.0,100.0,1000.0],"benchmarks":[["Trial",{"allocs":11632,"gctimes":[0.0,0.0,0.0,0.0,3.721398e6,0.0,0.0,0.0,3.945276e6,0.0,0.0,0.0,0.0,0.0,4.096732e6,0.0,0.0,0.0,0.0,0.0,4.028887e6,0.0,0.0,0.0,0.0,0.0,4.202442e6,0.0,0.0,0.0,0.0,0.0,4.251011e6,0.0,0.0,0.0,0.0,0.0,0.0,4.343955e6,0.0,0.0,0.0,0.0,0.0,4.249357e6,0.0,0.0,0.0,0.0,0.0,0.0,4.479803e6,0.0,0.0,0.0],"memory":30327720,"params":["Parameters",{"gctrial":true,"time_tolerance":0.05,"samples":10000,"evals":1,"gcsample":false,"seconds":5.0,"overhead":0.0,"memory_tolerance":0.01}],"times":[9.2983625e7,9.0367915e7,8.9605795e7,8.9199225e7,9.3933475e7,8.8513801e7,8.8046724e7,8.8740532e7,9.3258527e7,8.8723608e7,8.9212682e7,8.9059722e7,8.9573098e7,8.8538359e7,9.4967544e7,8.886418e7,8.8674684e7,8.8373033e7,8.7375451e7,8.7269418e7,9.346661e7,8.8049573e7,8.7534927e7,8.7425298e7,8.7969399e7,8.7118434e7,9.7413333e7,8.8460129e7,8.8607727e7,8.9953473e7,8.8182806e7,8.9518329e7,9.608929e7,9.0113069e7,9.0738941e7,8.9462483e7,8.9380287e7,8.8998266e7,8.7846589e7,9.8779357e7,9.1012402e7,8.8342935e7,8.8165764e7,8.791213e7,8.9300213e7,9.5061534e7,8.8800025e7,8.92966e7,8.8799072e7,8.813082e7,8.7574143e7,8.9037451e7,9.4487023e7,8.8624777e7,8.8547018e7,8.7190651e7]}],["Trial",{"allocs":25867,"gctimes":[0.0,0.0,0.0,4.082242e6,0.0,0.0,4.262646e6,0.0,0.0,0.0,4.607264e6,0.0,0.0,0.0,4.525129e6,0.0,0.0,0.0,0.0,5.054655e6,0.0,0.0,0.0,4.702101e6,0.0,0.0,0.0,0.0,4.764752e6,0.0,0.0,0.0,4.703521e6,0.0,0.0],"memory":42284464,"params":["Parameters",{"gctrial":true,"time_tolerance":0.05,"samples":10000,"evals":1,"gcsample":false,"seconds":5.0,"overhead":0.0,"memory_tolerance":0.01}],"times":[1.44291405e8,1.43924948e8,1.42577034e8,1.47042252e8,1.41982891e8,1.41693392e8,1.47866991e8,1.42630192e8,1.42177099e8,1.42604679e8,1.49417536e8,1.43316462e8,1.41884354e8,1.41937838e8,1.48663428e8,1.43328706e8,1.4270693e8,1.42514868e8,1.43830534e8,1.51627678e8,1.42638206e8,1.43362768e8,1.42665428e8,1.50412465e8,1.43359905e8,1.44741871e8,1.46090561e8,1.4322908e8,1.50956466e8,1.42821293e8,1.45533051e8,1.43552139e8,1.51058607e8,1.44882422e8,1.43097023e8]}],["Trial",{"allocs":28991,"gctimes":[0.0,0.0,4.195223e6,0.0,0.0,4.447021e6,0.0,0.0,4.805004e6,0.0,0.0,0.0,4.419846e6,0.0,0.0,0.0,4.542275e6,0.0,0.0,4.570799e6,0.0,0.0,0.0,4.609965e6,0.0,0.0,0.0,4.613713e6,0.0,0.0],"memory":50568056,"params":["Parameters",{"gctrial":true,"time_tolerance":0.05,"samples":10000,"evals":1,"gcsample":false,"seconds":5.0,"overhead":0.0,"memory_tolerance":0.01}],"times":[1.68277662e8,1.68250897e8,1.73910667e8,1.67857899e8,1.67809254e8,1.73084521e8,1.66391962e8,1.66707523e8,1.7239313e8,1.67394203e8,1.66819345e8,1.66708823e8,1.72790449e8,1.66670651e8,1.66839261e8,1.67503963e8,1.73454468e8,1.66973331e8,1.6592433e8,1.73240534e8,1.66718337e8,1.70635619e8,1.65274742e8,1.74137572e8,1.68157673e8,1.67965491e8,1.68092195e8,1.75570571e8,1.679022e8,1.68777871e8]}]],"medians":[88.8321025,143.359905,167.9338455]}