{"lengs":[10.0,21.544346900318835,46.41588833612779,100.0,215.44346900318845,464.15888336127773,1000.0],"benchmarks":[["Trial",{"allocs":8769,"gctimes":[0.0,0.0,0.0,0.0,0.0,0.0,0.0,0.0,0.0,0.0,0.0,0.0,0.0,0.0,0.0,0.0,0.0,0.0,0.0,0.0,0.0,0.0,0.0,0.0,0.0,0.0,0.0,0.0,0.0,0.0,0.0,0.0,0.0,0.0,0.0,0.0,0.0,0.0,0.0,0.0,0.0,0.0,0.0,8.81903e6,0.0,0.0,0.0,0.0,0.0,0.0,0.0,0.0,0.0,0.0,0.0,0.0,0.0,0.0,0.0,0.0,0.0,0.0,0.0,0.0,0.0,0.0,0.0,0.0,0.0,0.0,0.0,0.0,0.0,0.0,0.0,0.0,0.0,0.0,0.0,0.0,0.0,0.0,0.0,0.0,0.0,0.0,8.617399e6,0.0,0.0,0.0,0.0,0.0,0.0,0.0,0.0,0.0,0.0,0.0,0.0,0.0,0.0,0.0,0.0,0.0,0.0,0.0,0.0,0.0,0.0,0.0,0.0,0.0,0.0,0.0,0.0,0.0,0.0],"memory":3946560,"params":["Parameters",{"gctrial":true,"time_tolerance":0.05,"samples":10000,"evals":1,"gcsample":false,"seconds":5.0,"overhead":0.0,"memory_tolerance":0.01}],"times":[4.581305e7,4.3287466e7,4.2968491e7,4.2792589e7,4.3594183e7,4.2975166e7,4.2341364e7,4.2221108e7,4.2364796e7,4.2492244e7,4.2405553e7,4.3768067e7,4.4018131e7,4.2672265e7,4.4394632e7,4.2112133e7,4.2099899e7,4.3317681e7,4.2606946e7,4.3006152e7,4.1684246e7,4.3147664e7,4.3246561e7,4.4536445e7,4.6309643e7,4.4051294e7,4.2275958e7,4.3076341e7,4.3701527e7,4.2287795e7,4.4866314e7,5.378736e7,4.6656135e7,4.4817502e7,4.5559117e7,4.4045163e7,4.3261158e7,4.3524263e7,4.4276841e7,4.2891408e7,4.2001607e7,4.234315e7,4.2333339e7,5.2028346e7,4.2528157e7,4.4671006e7,4.2472681e7,4.1151411e7,4.2320992e7,4.2572172e7,4.2968591e7,4.2119316e7,4.25452e7,4.1222763e7,4.1573148e7,4.3444594e7,4.3220474e7,4.289875e7,4.1999571e7,4.209077e7,4.211869e7,4.1671199e7,4.2396454e7,4.244344e7,4.1500861e7,4.2400402e7,4.1986893e7,4.1345593e7,4.1050486e7,4.0946836e7,4.1930287e7,4.1154941e7,4.1229127e7,4.0635928e7,4.2394834e7,4.2027256e7,4.1871629e7,4.2029561e7,4.165366e7,4.1019099e7,4.0819626e7,4.1105319e7,4.0956793e7,4.1502817e7,4.116945e7,4.0702049e7,5.1455284e7,4.2595911e7,4.3629625e7,4.3992052e7,4.3087556e7,4.1768129e7,4.1994473e7,4.2171213e7,4.2461672e7,4.206743e7,4.2294302e7,4.4828201e7,4.429754e7,4.2720874e7,4.2681968e7,4.150226e7,4.2120637e7,4.4870501e7,4.2274575e7,4.2664896e7,4.1788469e7,4.2580897e7,4.2867188e7,4.101187e7,4.095357e7,4.0557059e7,4.1890685e7,4.0873058e7,4.1393628e7,4.1824248e7,4.1466426e7]}],["Trial",{"allocs":9690,"gctimes":[0.0,0.0,0.0,0.0,0.0,0.0,0.0,0.0,0.0,0.0,0.0,0.0,0.0,0.0,0.0,0.0,0.0,0.0,0.0,0.0,0.0,0.0,0.0,0.0,0.0,0.0,0.0,0.0,0.0,0.0,0.0,0.0,0.0,0.0,0.0,0.0,0.0,0.0,0.0,8.919195e6,0.0,0.0,0.0,0.0,0.0,0.0,0.0,0.0,0.0,0.0,0.0,0.0,0.0,0.0,0.0,0.0,0.0,0.0,0.0,0.0,0.0,0.0,0.0,0.0,0.0,0.0,0.0,0.0,0.0,0.0,0.0,0.0,0.0,0.0,0.0,0.0,0.0,0.0,0.0,9.064704e6,0.0,0.0,0.0,0.0,0.0,0.0,0.0,0.0,0.0,0.0,0.0,0.0,0.0,0.0,0.0,0.0,0.0,0.0,0.0,0.0,0.0],"memory":4257248,"params":["Parameters",{"gctrial":true,"time_tolerance":0.05,"samples":10000,"evals":1,"gcsample":false,"seconds":5.0,"overhead":0.0,"memory_tolerance":0.01}],"times":[5.1346909e7,4.986771e7,5.0695806e7,4.9419915e7,4.9175881e7,4.7249983e7,4.8943864e7,4.9746542e7,5.0159239e7,4.9250353e7,4.9608192e7,4.9412828e7,4.9784899e7,4.9623472e7,5.0914798e7,4.9898092e7,4.9651731e7,5.047743e7,4.9964626e7,4.9766481e7,4.9965989e7,5.1235838e7,5.0989316e7,4.922434e7,4.8207501e7,4.8360315e7,4.9095199e7,4.9658258e7,4.9286838e7,4.8689371e7,5.0433347e7,4.8808889e7,4.7607591e7,4.8702529e7,4.7376078e7,4.8555019e7,4.7751375e7,4.9006787e7,4.7809738e7,5.9248104e7,4.8567258e7,4.8504405e7,4.9002767e7,4.8517344e7,4.8141833e7,4.8574615e7,4.8667726e7,5.0001313e7,4.862177e7,4.8634034e7,4.9129514e7,4.9281562e7,4.9978573e7,4.7887524e7,4.8915726e7,4.8392526e7,4.852734e7,4.8010241e7,4.9369382e7,5.0094745e7,4.9744299e7,4.983918e7,5.116237e7,5.0921463e7,4.9061634e7,5.0339515e7,4.9232964e7,5.0158276e7,4.9753941e7,4.9505393e7,4.8348973e7,4.8022872e7,4.7921649e7,4.7925117e7,4.9261341e7,4.9437471e7,4.7897972e7,4.878712e7,4.7514193e7,5.8615869e7,4.8670972e7,4.8730877e7,4.8446838e7,5.0863915e7,4.8176174e7,5.0148826e7,4.9314123e7,4.8142046e7,4.9480617e7,5.1861971e7,5.1189076e7,5.0767238e7,4.9590173e7,5.105179e7,5.0346652e7,4.9879653e7,5.2681487e7,5.0709744e7,4.9446595e7,5.1298528e7,5.1558945e7]}],["Trial",{"allocs":11016,"gctimes":[0.0,0.0,0.0,0.0,0.0,0.0,0.0,0.0,0.0,0.0,0.0,0.0,0.0,0.0,0.0,0.0,0.0,0.0,0.0,0.0,0.0,0.0,0.0,0.0,0.0,0.0,0.0,0.0,0.0,0.0,0.0,0.0,0.0,0.0,0.0,0.0,9.15811e6,0.0,0.0,0.0,0.0,0.0,0.0,0.0,0.0,0.0,0.0,0.0,0.0,0.0,0.0,0.0,0.0,0.0,0.0,0.0,0.0,0.0,0.0,0.0,0.0,0.0,0.0,0.0,0.0,0.0,0.0,0.0,0.0,0.0,0.0,0.0,9.484403e6,0.0,0.0,0.0,0.0,0.0,0.0],"memory":4694976,"params":["Parameters",{"gctrial":true,"time_tolerance":0.05,"samples":10000,"evals":1,"gcsample":false,"seconds":5.0,"overhead":0.0,"memory_tolerance":0.01}],"times":[6.3189519e7,6.3201234e7,6.3210747e7,6.1668381e7,6.3030398e7,6.1188367e7,6.1880586e7,6.1990162e7,6.1816466e7,6.3492582e7,6.4056023e7,6.1508142e7,6.1643136e7,6.211738e7,6.3437527e7,6.0879958e7,6.1960927e7,6.1976444e7,6.3962883e7,6.3422536e7,6.2730102e7,6.4210225e7,6.4409268e7,6.1957457e7,6.5465238e7,6.2773539e7,6.3175474e7,6.4015806e7,6.326332e7,6.2125341e7,6.4242413e7,6.3518838e7,6.3054765e7,6.3745282e7,6.1803779e7,6.2540058e7,7.5365571e7,6.520245e7,6.2671866e7,6.3493959e7,6.4980862e7,6.2976504e7,6.2825175e7,6.4260803e7,6.6545198e7,6.6211915e7,6.3253376e7,6.3330533e7,6.3014273e7,6.4270771e7,6.5168508e7,6.1516793e7,6.4035268e7,6.5801538e7,6.5122761e7,6.3906493e7,6.2581536e7,6.4726802e7,6.4169307e7,6.3724867e7,6.3166562e7,6.3185271e7,6.3028109e7,6.2985819e7,6.3376004e7,6.2722816e7,6.3151534e7,6.2067147e7,6.4463731e7,6.4416902e7,6.2741917e7,6.2473952e7,7.3295605e7,6.1835692e7,6.2055401e7,6.142694e7,6.5479601e7,6.1996136e7,6.5657832e7]}],["Trial",{"allocs":13139,"gctimes":[0.0,0.0,0.0,0.0,0.0,0.0,0.0,0.0,0.0,0.0,0.0,0.0,0.0,0.0,0.0,0.0,0.0,0.0,0.0,0.0,0.0,0.0,0.0,0.0,0.0,0.0,0.0,0.0,0.0,0.0,0.0,0.0,0.0,9.656895e6,0.0,0.0,0.0,0.0,0.0,0.0,0.0,0.0,0.0,0.0,0.0,0.0,0.0,0.0,0.0,0.0,0.0,0.0,0.0,0.0,0.0,0.0,0.0,0.0,0.0,0.0,0.0,0.0,0.0],"memory":5054256,"params":["Parameters",{"gctrial":true,"time_tolerance":0.05,"samples":10000,"evals":1,"gcsample":false,"seconds":5.0,"overhead":0.0,"memory_tolerance":0.01}],"times":[8.3102509e7,8.0781835e7,7.9070445e7,7.9719495e7,8.038037e7,7.6895887e7,7.7222766e7,7.9102099e7,7.9606958e7,7.9766984e7,8.0171687e7,8.1358977e7,7.9552748e7,7.9010144e7,7.9782375e7,7.8446307e7,7.9334849e7,8.1037884e7,7.8326864e7,7.8891583e7,8.1111037e7,8.1440714e7,7.9284869e7,8.178484e7,8.4703318e7,7.8998725e7,7.9244975e7,7.8406949e7,7.7562289e7,7.8332284e7,7.8999199e7,8.0528724e7,7.7898746e7,8.9669821e7,7.8207829e7,7.7721915e7,7.8007975e7,8.0599843e7,7.9627377e7,7.89781e7,7.9564439e7,8.0161498e7,7.8482177e7,7.803138e7,7.9246087e7,7.9714706e7,8.0372316e7,7.9187237e7,7.9877038e7,7.8753882e7,7.8628052e7,7.8643754e7,7.9143264e7,7.9087665e7,7.9691373e7,8.205021e7,8.0745129e7,7.9336914e7,8.0010158e7,7.9466002e7,7.8418632e7,7.7130858e7,7.7936865e7]}],["Trial",{"allocs":14186,"gctimes":[0.0,0.0,0.0,0.0,0.0,0.0,0.0,0.0,0.0,0.0,0.0,0.0,0.0,0.0,0.0,0.0,0.0,0.0,0.0,0.0,0.0,0.0,0.0,0.0,0.0,0.0,0.0,0.0,0.0,0.0,0.0,0.0,9.862524e6,0.0,0.0,0.0,0.0,0.0,0.0,0.0,0.0,0.0,0.0,0.0,0.0,0.0,0.0,0.0,0.0,0.0,0.0,0.0,0.0,0.0,0.0,0.0,0.0],"memory":5273376,"params":["Parameters",{"gctrial":true,"time_tolerance":0.05,"samples":10000,"evals":1,"gcsample":false,"seconds":5.0,"overhead":0.0,"memory_tolerance":0.01}],"times":[9.201784e7,9.0308461e7,1.16331341e8,1.30814105e8,9.0820583e7,8.7613886e7,8.3836107e7,8.3745425e7,8.4827074e7,8.3860218e7,8.4253001e7,8.3436431e7,8.5815154e7,8.4243772e7,8.4467188e7,8.1419683e7,8.1856403e7,8.4114564e7,8.4086916e7,8.1779357e7,8.2410031e7,8.2650159e7,8.234677e7,8.4117785e7,8.4633788e7,8.5311684e7,8.367098e7,8.4563684e7,8.4161016e7,8.4098556e7,8.4422138e7,8.4680465e7,9.7119298e7,8.4587022e7,8.2143667e7,8.3421726e7,8.7695765e7,8.4290294e7,8.5633805e7,8.5538132e7,1.12135682e8,8.4147149e7,8.3826953e7,8.5640719e7,8.7484888e7,8.4411471e7,8.5432764e7,8.2718911e7,1.19186751e8,1.27418676e8,1.20970933e8,8.8040009e7,8.4011529e7,8.2823201e7,8.3994355e7,8.3480663e7,8.6368629e7]}],["Trial",{"allocs":14898,