{"lengs":[10.0,21.544346900318835,46.41588833612779,100.0,215.44346900318845,464.15888336127773,1000.0],"benchmarks":[["Trial",{"allocs":9813,"gctimes":[0.0,0.0,0.0,0.0,5.167185e6,0.0,0.0,0.0,5.967944e6,0.0,0.0,0.0,0.0,0.0,5.799249e6,0.0,0.0,0.0,0.0,0.0,5.708567e6,0.0,0.0,0.0,0.0,0.0,0.0,5.688111e6,0.0,0.0,0.0,0.0,0.0,5.436849e6,0.0,0.0,0.0,0.0,0.0,0.0,5.887865e6,0.0,0.0,0.0,0.0,0.0,5.721116e6,0.0,0.0,0.0,0.0,0.0],"memory":29910472,"params":["Parameters",{"gctrial":true,"time_tolerance":0.05,"samples":10000,"evals":1,"gcsample":false,"seconds":5.0,"overhead":0.0,"memory_tolerance":0.01}],"times":[9.4964812e7,9.9440127e7,9.8864729e7,9.971506e7,1.08168011e8,1.02274197e8,9.2898674e7,9.398529e7,1.02214136e8,9.3749718e7,9.2036464e7,9.338983e7,9.2886492e7,9.2556797e7,1.34228653e8,9.1959913e7,9.7899743e7,1.05145148e8,9.9365225e7,9.4834257e7,1.02654643e8,1.04170981e8,1.00744187e8,9.8551406e7,9.3223409e7,9.3645683e7,9.5994112e7,1.03946162e8,9.3221657e7,9.2945703e7,9.2537945e7,9.3409169e7,9.5544332e7,1.03572717e8,9.6492636e7,9.469215e7,9.4703187e7,1.00915912e8,1.0326403e8,1.05565914e8,1.10270216e8,9.9285306e7,9.1247818e7,9.0703043e7,9.2070091e7,9.1567909e7,1.00562627e8,9.2435236e7,9.2841296e7,9.4369762e7,9.2117318e7,9.2634424e7]}],["Trial",{"allocs":12150,"gctimes":[0.0,0.0,0.0,0.0,5.141224e6,0.0,0.0,0.0,5.503415e6,0.0,0.0,0.0,0.0,5.775206e6,0.0,0.0,0.0,0.0,0.0,5.700426e6,0.0,0.0,0.0,0.0,5.741242e6,0.0,0.0,0.0,0.0,0.0,5.458051e6,0.0,0.0,0.0,0.0,0.0,5.348642e6,0.0,0.0,0.0,0.0,0.0,5.829209e6,0.0,0.0,0.0,0.0],"memory":32520856,"params":["Parameters",{"gctrial":true,"time_tolerance":0.05,"samples":10000,"evals":1,"gcsample":false,"seconds":5.0,"overhead":0.0,"memory_tolerance":0.01}],"times":[1.03279739e8,1.052856e8,1.03434091e8,1.05027983e8,1.12963436e8,1.11199979e8,1.04677979e8,1.05275321e8,1.12800742e8,1.03853424e8,1.05385194e8,1.0243289e8,1.02440759e8,1.11339657e8,1.01935079e8,1.02998405e8,1.03539754e8,1.02599596e8,1.13952914e8,1.2131055e8,1.141561e8,1.12902596e8,1.14342398e8,1.15829019e8,1.12854883e8,1.02454861e8,1.0257323e8,1.03670358e8,1.04580202e8,1.04380053e8,1.11139183e8,1.0245641e8,1.02215354e8,1.03595108e8,1.04389018e8,1.03530006e8,1.13305324e8,1.06642806e8,1.03054095e8,1.04818933e8,1.03325099e8,1.03346408e8,1.11778485e8,1.03596019e8,1.02343235e8,1.04032291e8,1.04082024e8]}],["Trial",{"allocs":17833,"gctimes":[0.0,0.0,0.0,5.075911e6,0.0,0.0,0.0,5.956744e6,0.0,0.0,0.0,0.0,5.733018e6,0.0,0.0,0.0,0.0,5.690137e6,0.0,0.0,0.0,0.0,5.7153e6,0.0,0.0,0.0,0.0,0.0,5.626107e6,0.0,0.0,0.0,0.0,6.527491e6,0.0,0.0,0.0,0.0,0.0,5.753663e6],"memory":35488024,"params":["Parameters",{"gctrial":true,"time_tolerance":0.05,"samples":10000,"evals":1,"gcsample":false,"seconds":5.0,"overhead":0.0,"memory_tolerance":0.01}],"times":[1.21099881e8,1.2079092e8,1.23176225e8,1.30824634e8,1.24353811e8,1.22695897e8,1.23827173e8,1.30025075e8,1.22029061e8,1.22212076e8,1.21883325e8,1.22852259e8,1.36148397e8,1.24606229e8,1.20799912e8,1.22174359e8,1.24674381e8,1.32943948e8,1.21777027e8,1.23017977e8,1.22893488e8,1.22469752e8,1.3076476e8,1.21816818e8,1.22593503e8,1.25033011e8,1.23834651e8,1.26172144e8,1.32589489e8,1.23982187e8,1.23444661e8,1.21842074e8,1.22392041e8,1.34180192e8,1.21487462e8,1.23815758e8,1.24196035e8,1.23199621e8,1.31053174e8,1.33578494e8]}],["Trial",{"allocs":23530,"gctimes":[0.0,0.0,0.0,6.006137e6,0.0,0.0,5.642174e6,0.0,0.0,0.0,5.929472e6,0.0,0.0,0.0,6.055164e6,0.0,0.0,0.0,0.0,6.009149e6,0.0,0.0,0.0,0.0,5.719087e6,0.0,0.0,0.0,5.541218e6,0.0,0.0,0.0,0.0],"memory":41599200,"params":["Parameters",{"gctrial":true,"time_tolerance":0.05,"samples":10000,"evals":1,"gcsample":false,"seconds":5.0,"overhead":0.0,"memory_tolerance":0.01}],"times":[1.54482943e8,1.51073132e8,1.51450466e8,1.58589421e8,1.49048792e8,1.50796024e8,1.59235019e8,1.50401769e8,1.50990513e8,1.51708718e8,1.58001145e8,1.48937792e8,1.52256967e8,1.50335793e8,1.59166758e8,1.50249425e8,1.51055353e8,1.5055249e8,1.49518203e8,1.59424861e8,1.50318758e8,1.50820401e8,1.50587845e8,1.50065009e8,1.597783e8,1.52095345e8,1.50135417e8,1.48962549e8,1.57002137e8,1.49864788e8,1.7082747e8,1.68114502e8,1.68952268e8]}],["Trial",{"allocs":24712,"gctimes":[0.0,0.0,5.420068e6,0.0,0.0,6.114739e6,0.0,0.0,0.0,6.475038e6,0.0,0.0,0.0,6.809252e6,0.0,0.0,0.0,0.0,5.990174e6,0.0,0.0,0.0,5.526239e6,0.0,0.0,0.0,5.88646e6,0.0,0.0,0.0,6.524951e6],"memory":45112488,"params":["Parameters",{"gctrial":true,"time_tolerance":0.05,"samples":10000,"evals":1,"gcsample":false,"seconds":5.0,"overhead":0.0,"memory_tolerance":0.01}],"times":[1.67310642e8,1.61013688e8,1.71373937e8,1.61316683e8,1.64174375e8,1.72241288e8,1.646878e8,1.65059576e8,1.65302486e8,1.73944316e8,1.64442447e8,1.64234071e8,1.65823445e8,1.74833689e8,1.64060851e8,1.64034632e8,1.60122571e8,1.63210994e8,1.72053699e8,1.60636837e8,1.60741377e8,1.63043684e8,1.71728002e8,1.65324145e8,1.6102055e8,1.62949998e8,1.72376003e8,1.64026366e8,1.80578944e8,1.61107978e8,1.7086142e8]}],["Trial",{"allocs":25565,"gctimes":[0.0,0.0,5.380034e6,0.0,0.0,5.825556e6,0.0,0.0,0.0,6.49739e6,0.0,0.0,0.0,6.056426e6,0.0,0.0,0.0,5.908652e6,0.0,0.0,0.0,5.932012e6,0.0,0.0,0.0,5.841159e6,0.0,0.0,0.0],"memory":47480008,"params":["Parameters",{"gctrial":true,"time_tolerance":0.05,"samples":10000,"evals":1,"gcsample":false,"seconds":5.0,"overhead":0.0,"memory_tolerance":0.01}],"times":[1.69723112e8,1.6684055e8,1.74355418e8,1.69588501e8,1.69436406e8,1.75403286e8,1.70970874e8,1.68279853e8,1.8613548e8,1.9258717e8,1.79654226e8,1.78970774e8,1.71231025e8,1.81512958e8,1.69405981e8,1.7132835e8,1.7003783e8,1.83194719e8,1.69719383e8,1.72903168e8,1.69272803e8,1.79807634e8,1.72502016e8,1.69786688e8,1.73201674e8,1.80358087e8,1.69916473e8,1.721214e8,1.72682287e8]}],["Trial",{"allocs":26015,"gctimes":[0.0,0.0,6.092729e6,0.0,0.0,7.116107e6,0.0,0.0,7.149368e6,0.0,0.0,0.0,6.972188e6,0.0,0.0,0.0,7.071917e6,0.0,0.0,0.0,6.917458e6,0.0,0.0,0.0,7.53599e6,0.0,0.0,0.0],"memory":49729368,"params":["Parameters",{"gctrial":true,"time_tolerance":0.05,"samples":10000,"evals":1,"gcsample":false,"seconds":5.0,"overhead":0.0,"memory_tolerance":0.01}],"times":[1.80002022e8,1.80360697e8,1.85111177e8,1.78012493e8,1.79461455e8,1.8909057e8,1.78513807e8,1.81427022e8,1.9331075e8,1.79177597e8,1.81203286e8,1.80533778e8,1.87797564e8,1.7940394e8,1.79523962e8,1.78545343e8,1.88721889e8,1.80012596e8,1.87160368e8,1.7856089e8,1.8873277e8,1.80097844e8,1.78573027e8,1.78581924e8,1.944134e8,1.78807455e8,1.80981506e8,1.80300154e8]}]],"medians":[94.8995345,104.380053,123.322141,151.055353,164.442447,172.1214,180.198999]}