{"lengs":[10.0,21.544346900318835,46.41588833612779,100.0,215.44346900318845,464.15888336127773,1000.0],"benchmarks":[["Trial",{"allocs":9457,"gctimes":[4.748619e6,4.809235e6,0.0,4.922918e6],"memory":337203968,"params":["Parameters",{"gctrial":true,"time_tolerance":0.05,"samples":10000,"evals":1,"gcsample":false,"seconds":5.0,"overhead":0.0,"memory_tolerance":0.01}],"times":[1.57020895e9,1.569490343e9,1.564042263e9,1.571952169e9]}],["Trial",{"allocs":10119,"gctimes":[4.73206e6,4.884035e6,0.0,5.017755e6],"memory":351319744,"params":["Parameters",{"gctrial":true,"time_tolerance":0.05,"samples":10000,"evals":1,"gcsample":false,"seconds":5.0,"overhead":0.0,"memory_tolerance":0.01}],"times":[1.636486526e9,1.634055242e9,1.633431355e9,1.64166846e9]}],["Trial",{"allocs":10808,"gctimes":[4.821253e6,4.890511e6,0.0],"memory":365446352,"params":["Parameters",{"gctrial":true,"time_tolerance":0.05,"samples":10000,"evals":1,"gcsample":false,"seconds":5.0,"overhead":0.0,"memory_tolerance":0.01}],"times":[1.739048276e9,1.734965778e9,1.730078945e9]}],["Trial",{"allocs":12601,"gctimes":[4.783108e6,5.257149e6,4.996538e6],"memory":386542864,"params":["Parameters",{"gctrial":true,"time_tolerance":0.05,"samples":10000,"evals":1,"gcsample":false,"seconds":5.0,"overhead":0.0,"memory_tolerance":0.01}],"times":[1.811584975e9,1.811948217e9,1.812103496e9]}],["Trial",{"allocs":13253,"gctimes":[4.721662e6,4.858499e6,5.04097e6],"memory":393781184,"params":["Parameters",{"gctrial":true,"time_tolerance":0.05,"samples":10000,"evals":1,"gcsample":false,"seconds":5.0,"overhead":0.0,"memory_tolerance":0.01}],"times":[1.848890239e9,1.857481036e9,1.876158695e9]}],["Trial",{"allocs":14103,"gctimes":[4.758602e6,4.934106e6,5.001025e6],"memory":421753952,"params":["Parameters",{"gctrial":true,"time_tolerance":0.05,"samples":10000,"evals":1,"gcsample":false,"seconds":5.0,"overhead":0.0,"memory_tolerance":0.01}],"times":[1.983625357e9,1.981437307e9,1.987500073e9]}],["Trial",{"allocs":14670,"gctimes":[4.978252e6,5.294857e6,5.468224e6],"memory":435817968,"params":["Parameters",{"gctrial":true,"time_tolerance":0.05,"samples":10000,"evals":1,"gcsample":false,"seconds":5.0,"overhead":0.0,"memory_tolerance":0.01}],"times":[2.070135705e9,2.062673707e9,2.070000991e9]}]],"medians":[1569.8496465,1635.270884,1734.965778,1811.948217,1857.481036,1983.625357,2070.000991]}