{"lengs":[10.0,21.544346900318835,46.41588833612779,100.0,215.44346900318845,464.15888336127773,1000.0],"benchmarks":[["Trial",{"allocs":3782,"gctimes":[0.0,0.0,0.0,0.0,0.0,0.0,0.0,0.0,0.0,0.0],"memory":17436304,"params":["Parameters",{"gctrial":true,"time_tolerance":0.05,"samples":10000,"evals":1,"gcsample":false,"seconds":5.0,"overhead":0.0,"memory_tolerance":0.01}],"times":[5.16787369e8,5.1462188e8,5.23015517e8,5.15058221e8,5.12410432e8,5.16651812e8,5.12517587e8,5.18844564e8,5.2002727e8,5.12714017e8]}],["Trial",{"allocs":4359,"gctimes":[0.0,0.0,0.0,0.0,0.0,0.0,0.0],"memory":21636880,"params":["Parameters",{"gctrial":true,"time_tolerance":0.05,"samples":10000,"evals":1,"gcsample":false,"seconds":5.0,"overhead":0.0,"memory_tolerance":0.01}],"times":[7.7406945e8,7.71183776e8,7.75776424e8,7.68237178e8,7.73546737e8,7.66054615e8,7.67138571e8]}],["Trial",{"allocs":4871,"gctimes":[0.0,0.0,0.0,0.0,0.0],"memory":25929856,"params":["Parameters",{"gctrial":true,"time_tolerance":0.05,"samples":10000,"evals":1,"gcsample":false,"seconds":5.0,"overhead":0.0,"memory_tolerance":0.01}],"times":[1.098194339e9,1.089320869e9,1.091428101e9,1.089893364e9,1.093633464e9]}],["Trial",{"allocs":5639,"gctimes":[0.0,0.0,0.0,0.0],"memory":32705840,"params":["Parameters",{"gctrial":true,"time_tolerance":0.05,"samples":10000,"evals":1,"gcsample":false,"seconds":5.0,"overhead":0.0,"memory_tolerance":0.01}],"times":[1.496340683e9,1.489465651e9,1.487600693e9,1.483896153e9]}],["Trial",{"allocs":6416,"gctimes":[0.0,0.0,0.0],"memory":39433376,"params":["Parameters",{"gctrial":true,"time_tolerance":0.05,"samples":10000,"evals":1,"gcsample":false,"seconds":5.0,"overhead":0.0,"memory_tolerance":0.01}],"times":[2.16654524e9,2.22612652e9,2.086084691e9]}],["Trial",{"allocs":7287,"gctimes":[0.0,0.0],"memory":48014208,"params":["Parameters",{"gctrial":true,"time_tolerance":0.05,"samples":10000,"evals":1,"gcsample":false,"seconds":5.0,"overhead":0.0,"memory_tolerance":0.01}],"times":[2.551005715e9,2.532440679e9]}],["Trial",{"allocs":8267,"gctimes":[0.0,0.0],"memory":57563184,"params":["Parameters",{"gctrial":true,"time_tolerance":0.05,"samples":10000,"evals":1,"gcsample":false,"seconds":5.0,"overhead":0.0,"memory_tolerance":0.01}],"times":[3.174571697e9,3.15701133e9]}]],"medians":[515.8550165,771.183776,1091.428101,1488.533172,2166.54524,2541.723197,3165.7915135]}