{"lengs":[10.0,31.622776601683793,100.0,316.2277660168379,1000.0,3162.2776601683795,10000.0,31622.776601683792,100000.0],"benchmarks":[["Trial",{"allocs":10,"gctimes":[0.0,0.0,0.0,0.0,0.0,0.0,0.0,0.0,0.0,0.0,0.0,0.0,0.0,0.0,0.0,0.0],"memory":2816,"params":["Parameters",{"gctrial":true,"time_tolerance":0.05,"samples":10000,"evals":1,"gcsample":false,"seconds":5.0,"overhead":0.0,"memory_tolerance":0.01}],"times":[3.14404063e8,3.13735047e8,3.14190232e8,3.16289199e8,3.1454036e8,3.162423e8,3.13984643e8,3.1480029e8,3.14775177e8,3.15610954e8,3.15524374e8,3.15897383e8,3.14214594e8,3.14580097e8,3.15464058e8,3.14750749e8]}],["Trial",{"allocs":10,"gctimes":[0.0,0.0,0.0,0.0,0.0,0.0],"memory":2816,"params":["Parameters",{"gctrial":true,"time_tolerance":0.05,"samples":10000,"evals":1,"gcsample":false,"seconds":5.0,"overhead":0.0,"memory_tolerance":0.01}],"times":[9.17996528e8,9.19665185e8,9.14683232e8,9.17970033e8,9.17049132e8,9.13564744e8]}],["Trial",{"allocs":10,"gctimes":[0.0,0.0],"memory":2816,"params":["Parameters",{"gctrial":true,"time_tolerance":0.05,"samples":10000,"evals":1,"gcsample":false,"seconds":5.0,"overhead":0.0,"memory_tolerance":0.01}],"times":[2.833333744e9,2.828877182e9]}],["Trial",{"allocs":10,"gctimes":[0.0],"memory":2816,"params":["Parameters",{"gctrial":true,"time_tolerance":0.05,"samples":10000,"evals":1,"gcsample":false,"seconds":5.0,"overhead":0.0,"memory_tolerance":0.01}],"times":[8.855037123e9]}],["Trial",{"allocs":10,"gctimes":[0.0],"memory":2816,"params":["Parameters",{"gctrial":true,"time_tolerance":0.05,"samples":10000,"evals":1,"gcsample":false,"seconds":5.0,"overhead":0.0,"memory_tolerance":0.01}],"times":[2.7954238224e10]}],["Trial",{"allocs":10,"gctimes":[0.0],"memory":2816,"params":["Parameters",{"gctrial":true,"time_tolerance":0.05,"samples":10000,"evals":1,"gcsample":false,"seconds":5.0,"overhead":0.0,"memory_tolerance":0.01}],"times":[8.8416060901e10]}],["Trial",{"allocs":10,"gctimes":[0.0],"memory":2816,"params":["Parameters",{"gctrial":true,"time_tolerance":0.05,"samples":10000,"evals":1,"gcsample":false,"seconds":5.0,"overhead":0.0,"memory_tolerance":0.01}],"times":[2.83617773746e11]}],["Trial",{"allocs":10,"gctimes":[0.0],"memory":2816,"params":["Parameters",{"gctrial":true,"time_tolerance":0.05,"samples":10000,"evals":1,"gcsample":false,"seconds":5.0,"overhead":0.0,"memory_tolerance":0.01}],"times":[8.9439256261e11]}],["Trial",{"allocs":10,"gctimes":[0.0],"memory":2816,"params":["Parameters",{"gctrial":true,"time_tolerance":0.05,"samples":10000,"evals":1,"gcsample":false,"seconds":5.0,"overhead":0.0,"memory_tolerance":0.01}],"times":[2.734603434021e12]}]],"medians":[314.762963,917.5095825,2831.105463,8855.037123,27954.238224,88416.060901,283617.773746,894392.56261,2.734603434021e6]}