{"lengs":[10.0,21.544346900318835,46.41588833612779,100.0,215.44346900318845,464.15888336127773,1000.0],"benchmarks":[["Trial",{"allocs":24804,"gctimes":[0.0,0.0,7.58134e6],"memory":92197456,"params":["Parameters",{"gctrial":true,"time_tolerance":0.05,"samples":10000,"evals":1,"gcsample":false,"seconds":5.0,"overhead":0.0,"memory_tolerance":0.01}],"times":[1.723150416e9,1.74593543e9,1.733073405e9]}],["Trial",{"allocs":27790,"gctimes":[0.0,0.0,7.310639e6],"memory":109489296,"params":["Parameters",{"gctrial":true,"time_tolerance":0.05,"samples":10000,"evals":1,"gcsample":false,"seconds":5.0,"overhead":0.0,"memory_tolerance":0.01}],"times":[2.208181829e9,2.200909625e9,2.212523802e9]}],["Trial",{"allocs":31464,"gctimes":[0.0,8.045751e6],"memory":134272016,"params":["Parameters",{"gctrial":true,"time_tolerance":0.05,"samples":10000,"evals":1,"gcsample":false,"seconds":5.0,"overhead":0.0,"memory_tolerance":0.01}],"times":[2.913985574e9,2.986142397e9]}],["Trial",{"allocs":36266,"gctimes":[0.0,7.66426e6],"memory":169614352,"params":["Parameters",{"gctrial":true,"time_tolerance":0.05,"samples":10000,"evals":1,"gcsample":false,"seconds":5.0,"overhead":0.0,"memory_tolerance":0.01}],"times":[4.056663171e9,4.036073862e9]}],["Trial",{"allocs":41199,"gctimes":[0.0],"memory":212106000,"params":["Parameters",{"gctrial":true,"time_tolerance":0.05,"samples":10000,"evals":1,"gcsample":false,"seconds":5.0,"overhead":0.0,"memory_tolerance":0.01}],"times":[5.474762365e9]}],["Trial",{"allocs":46115,"gctimes":[7.392474e6],"memory":260482192,"params":["Parameters",{"gctrial":true,"time_tolerance":0.05,"samples":10000,"evals":1,"gcsample":false,"seconds":5.0,"overhead":0.0,"memory_tolerance":0.01}],"times":[7.20151209e9]}],["Trial",{"allocs":52931,"gctimes":[7.428823e6],"memory":330510864,"params":["Parameters",{"gctrial":true,"time_tolerance":0.05,"samples":10000,"evals":1,"gcsample":false,"seconds":5.0,"overhead":0.0,"memory_tolerance":0.01}],"times":[9.871023349e9]}]],"medians":[1733.073405,2208.181829,2950.0639855,4046.3685165,5474.762365,7201.51209,9871.023349]}