{"lengs":[10.0,100.0,1000.0,10000.0],"benchmarks":[["Trial",{"allocs":61540,"gctimes":[0.0,0.0,0.0,0.0,0.0,5.633115e6,0.0,0.0,0.0,0.0,6.82181e6,0.0,0.0,0.0,0.0,0.0,0.0,7.147846e6,0.0,0.0,0.0,0.0,0.0,7.12263e6,0.0,0.0,0.0,0.0,0.0,0.0,6.894369e6,0.0,0.0,0.0,0.0,0.0,6.907061e6,0.0,0.0,0.0,0.0,0.0,0.0,6.943626e6,0.0,0.0,0.0,0.0,0.0,0.0,6.90816e6,0.0,0.0,0.0,0.0,0.0,7.11675e6,0.0,0.0,0.0,0.0,0.0,0.0,6.982049e6,0.0,0.0,0.0,0.0,0.0,0.0,7.668731e6,0.0,0.0,0.0,0.0,0.0,0.0,7.039208e6,0.0,0.0,0.0,0.0,0.0,7.059826e6,0.0,0.0,0.0,0.0,0.0,0.0,6.907152e6,0.0,0.0,0.0,0.0,0.0,0.0,7.163008e6,0.0,0.0,0.0,0.0,0.0,7.803882e6,0.0,0.0,0.0,0.0,0.0,0.0,7.268707e6,0.0,0.0,0.0,0.0,0.0,0.0,7.161019e6,0.0,0.0,0.0,0.0,0.0,0.0,7.329446e6,0.0,0.0,0.0,0.0,0.0,7.121945e6,0.0,0.0,0.0,0.0,0.0,0.0,7.166863e6,0.0,0.0,0.0,0.0,0.0,0.0,7.184965e6,0.0,0.0,0.0,0.0,0.0,7.079048e6,0.0,0.0,0.0,0.0,0.0,0.0,7.198509e6,0.0,0.0,0.0,0.0,0.0,0.0,7.110126e6,0.0,0.0,0.0,0.0,0.0,0.0],"memory":19515720,"params":["Parameters",{"gctrial":true,"time_tolerance":0.05,"samples":10000,"evals":1,"gcsample":false,"seconds":5.0,"overhead":0.0,"memory_tolerance":0.01}],"times":[2.8426782e7,2.9235077e7,2.8833298e7,2.8199419e7,2.823024e7,4.1092293e7,2.7087416e7,2.7815787e7,2.7938847e7,2.7265583e7,4.1445182e7,2.7071349e7,2.7618701e7,2.7517997e7,2.6693048e7,2.7328167e7,2.8155199e7,4.4357442e7,2.8075275e7,2.7772062e7,2.734507e7,2.7952779e7,2.7572687e7,4.3487709e7,2.6407173e7,2.6867241e7,2.6634885e7,2.6550179e7,2.5918747e7,2.6205007e7,4.1912467e7,2.669558e7,2.6466632e7,2.6272245e7,2.7102094e7,2.7109322e7,4.4449244e7,2.8191431e7,2.7731148e7,2.7066202e7,2.6520179e7,2.6153825e7,2.6140617e7,4.2594533e7,2.7095223e7,2.6384938e7,2.6485853e7,2.6301215e7,2.6021135e7,2.5861925e7,4.1829389e7,2.7716026e7,2.75278e7,2.7458241e7,2.7523852e7,2.6640886e7,4.3690579e7,2.6653014e7,2.6358705e7,2.7093986e7,2.639586e7,2.6045883e7,2.6310725e7,4.1851822e7,2.669602e7,2.6183913e7,2.6559366e7,2.6472186e7,2.6274676e7,2.7186109e7,4.4490668e7,2.8772038e7,2.7816977e7,2.715713e7,2.633216e7,2.5961206e7,2.6111146e7,4.2189731e7,2.6735953e7,2.6556505e7,2.6331249e7,2.9018843e7,2.6820803e7,4.1778335e7,2.6926787e7,2.7419778e7,2.736478e7,2.7746858e7,2.7260671e7,2.7808314e7,4.2764184e7,2.6202392e7,2.6658896e7,2.6833976e7,2.6488355e7,2.6364031e7,2.622539e7,4.3282653e7,2.692998e7,2.6528077e7,2.6260316e7,2.6380588e7,2.6041874e7,4.5228314e7,2.8158068e7,2.763341e7,2.7312982e7,2.6914592e7,2.6585343e7,2.5979718e7,4.279817e7,2.6888789e7,2.6608823e7,2.6633516e7,2.6333929e7,2.6157237e7,2.5984221e7,4.3002276e7,2.6747398e7,2.6684003e7,2.7196106e7,2.7275976e7,2.6821205e7,2.6583631e7,4.4220615e7,2.7038927e7,2.6415596e7,2.6865326e7,2.7145009e7,2.6503681e7,4.2810512e7,2.6766122e7,2.6680104e7,2.6595217e7,2.6354633e7,2.6323574e7,2.6110467e7,4.4089156e7,2.7674446e7,2.714692e7,2.7317867e7,2.7160642e7,2.6161773e7,2.6286488e7,4.2970021e7,2.6746465e7,2.6845471e7,2.6214429e7,2.659922e7,2.5980116e7,4.2603301e7,2.690019e7,2.6685279e7,2.6688509e7,2.7150746e7,2.6876933e7,2.7053408e7,4.401027e7,2.7525644e7,2.7344206e7,2.6915027e7,2.6943123e7,2.7082011e7,2.655863e7,4.3612191e7,2.7540348e7,2.7095868e7,2.6820915e7,2.6996362e7,2.6896801e7,2.6642343e7]}],["Trial",{"allocs":62103,"gctimes":[0.0,0.0,0.0,0.0,0.0,6.521238e6,0.0,0.0,0.0,0.0,7.284819e6,0.0,0.0,0.0,0.0,0.0,6.935732e6,0.0,0.0,0.0,0.0,0.0,0.0,7.065141e6,0.0,0.0,0.0,0.0,0.0,6.882977e6,0.0,0.0,0.0,0.0,0.0,0.0,8.115751e6,0.0,0.0,0.0,0.0,0.0,0.0,8.500912e6,0.0,0.0,0.0,0.0,0.0,8.191448e6,0.0,0.0,0.0,0.0,0.0,0.0,7.747499e6,0.0,0.0,0.0,0.0,0.0,7.495957e6,0.0,0.0,0.0,0.0,0.0,0.0,7.684848e6,0.0,0.0,0.0,0.0,0.0,0.0,7.397942e6,0.0,0.0,0.0,0.0,0.0,7.153308e6,0.0,0.0,0.0,0.0,0.0,0.0,8.029843e6,0.0,0.0,0.0,0.0,0.0,0.0,8.032361e6,0.0,0.0,0.0,0.0,0.0,8.65474e6,0.0,0.0,0.0,0.0,0.0,0.0,8.208896e6,0.0,0.0,0.0,0.0,0.0,7.199447e6,0.0,0.0,0.0,0.0,0.0,0.0,7.127795e6,0.0,0.0,0.0,0.0,0.0,0.0,7.187963e6,0.0,0.0,0.0,0.0,0.0,7.13521e6,0.0,0.0,0.0,0.0,0.0,0.0,7.192065e6,0.0,0.0,0.0,0.0,0.0,0.0,7.148626e6,0.0,0.0,0.0,0.0,0.0,7.100548e6,0.0,0.0],"memory":19767952,"params":["Parameters",{"gctrial":true,"time_tolerance":0.05,"samples":10000,"evals":1,"gcsample":false,"seconds":5.0,"overhead":0.0,"memory_tolerance":0.01}],"times":[3.1731155e7,3.0977356e7,3.0793229e7,3.0768974e7,3.0661203e7,4.3569672e7,2.9904245e7,3.0197768e7,2.9823188e7,2.892092e7,4.5076318e7,3.0106207e7,2.970934e7,2.9715685e7,2.8979472e7,2.9829888e7,4.7460933e7,3.0022623e7,2.9031633e7,2.982292e7,2.9895556e7,2.9592947e7,2.9163827e7,4.6047525e7,3.0393819e7,3.0546796e7,3.0534338e7,2.8993719e7,2.9142605e7,4.6512726e7,3.0261207e7,2.9765157e7,2.8882544e7,2.9212087e7,2.9366708e7,2.9516113e7,4.6694068e7,3.0045817e7,2.9491681e7,2.9886211e7,3.0050155e7,2.8472037e7,2.9277736e7,4.8393611e7,3.0401253e7,3.0146818e7,2.8636517e7,2.9515854e7,2.9541454e7,4.7944684e7,3.0290075e7,2.9194705e7,2.9973098e7,2.9870551e7,2.9837595e7,2.8829899e7,4.7918085e7,3.0502544e7,2.9955544e7,2.9777895e7,2.9590151e7,2.8683287e7,4.781062e7,3.0950689e7,3.0472161e7,2.9887162e7,2.9252692e7,2.9531671e7,2.9920267e7,4.8404601e7,3.021806e7,2.941834e7,3.0028008e7,2.9413203e7,2.9758672e7,2.9243753e7,4.6932277e7,2.9484077e7,2.9898466e7,2.9831632e7,2.8610593e7,2.8993477e7,4.7431104e7,3.0333132e7,3.0160456e7,2.9097225e7,2.923582e7,2.9488201e7,3.0084805e7,4.8547452e7,2.931262e7,2.9851787e7,2.9806724e7,3.0009792e7,2.9910682e7,2.8255791e7,4.8019896e7,2.9986349e7,3.0183725e7,2.943827e7,2.8795536e7,2.9176953e7,4.7940477e7,3.0304378e7,2.95039e7,2.869453e7,2.9627851e7,2.9804095e7,2.9913135e7,4.7362281e7,3.0021475e7,2.9850191e7,2.9830084e7,2.9825275e7,2.8406347e7,4.4627414e7,2.7321328e7,2.6966816e7,2.6842341e7,2.6971007e7,2.6663742e7,2.6549109e7,4.3352337e7,2.7207683e7,2.7269502e7,2.6484207e7,2.8462657e7,2.9492677e7,2.8430861e7,4.8115471e7,2.9679511e7,2.778906e7,2.6464933e7,2.6938425e7,2.664428e7,4.2880244e7,2.7088835e7,2.730282e7,2.6770648e7,2.69566e7,2.6331372e7,2.6562301e7,4.3885971e7,2.9588664e7,3.0133327e7,3.0041032e7,2.9433631e7,2.8638318e7,2.6787981e7,4.3754253e7,2.6792888e7,2.7532508e7,2.8176818e7,2.7021179e7,2.639004e7,4.2907467e7,2.7573905e7,2.8442566e7]}],["Trial",{"allocs":62453,"gctimes":[0.0,0.0,0.0,0.0,0.0,5.724118e6,0.0,0.0,0.0,0.0,6.568034e6,0.0,0.0,0.0,0.0,0.0,7.170012e6,0.0,0.0,0.0,0.0,0.0,0.0,7.344497e6,0.0,0.0,0.0,0.0,0.0,7.259178e6,0.0,0.0,0.0,0.0,0.0,0.0,7.20568e6,0.0,0.0,0.0,0.0,0.0,7.370265e6,0.0,0.0,0.0,0.0,0.0,0.0,7.115579e6,0.0,0.0,0.0,0.0,0.0,7.83584e6,0.0,0.0,0.0,0.0,0.0,0.0,8.029457e6,0.0,0.0,0.0,0.0,0.0,7.787096e6,0.0,0.0,0.0,0.0,0.0,0.0,7.256687e6,0.0,0.0,0.0,0.0,0.0,0.0,8.010689e6,0.0,0.0,0.0,0.0,0.0,7.254939e6,0.0,0.0,0.0,0.0,0.0,0.0,7.111176e6,0.0,0.0,0.0,0.0,0.0,7.86825e6,0.0,0.0,0.0,0.0,0.0,0.0,7.06356e6,0.0,0.0,0.0,0.0,0.0,7.121948e6,0.0,0.0,0.0,0.0,0.0,0.0,7.17434e6,0.0,0.0,0.0,0.0,0.0,0.0,7.195656e6,0.0,0.0,0.0,0.0,0.0,7.706748e6,0.0,0.0,0.0,0.0,0.0,0.0,7.08002e6,0.0,0.0,0.0,0.0,0.0,7.882526e6,0.0,0.0,0.0,0.0,0.0,0.0,6.963267e6,0.0,0.0,0.0,0.0,0.0,0.0,6.97416e6,0.0],"memory":19934208,"params":["Parameters",{"gctrial":true,"time_tolerance":0.05,"samples":10000,"evals":1,"gcsample":false,"seconds":5.0,"overhead":0.0,"memory_tolerance":0.01}],