{"lengs":[10.0,100.0,1000.0],"benchmarks":[["Trial",{"allocs":10771,"gctimes":[0.0,0.0,3.862254e6,0.0,3.9681e6,0.0,4.021349e6],"memory":148613920,"params":["Parameters",{"gctrial":true,"time_tolerance":0.05,"samples":10000,"evals":1,"gcsample":false,"seconds":5.0,"overhead":0.0,"memory_tolerance":0.01}],"times":[8.01478376e8,8.0082984e8,8.06153493e8,8.0092761e8,8.05143723e8,8.11771586e8,8.05980652e8]}],["Trial",{"allocs":15111,"gctimes":[0.0,3.855771e6,0.0,3.974792e6,0.0],"memory":190628544,"params":["Parameters",{"gctrial":true,"time_tolerance":0.05,"samples":10000,"evals":1,"gcsample":false,"seconds":5.0,"overhead":0.0,"memory_tolerance":0.01}],"times":[1.047955647e9,1.051634917e9,1.044236376e9,1.007248525e9,1.002819461e9]}],["Trial",{"allocs":24220,"gctimes":[0.0,3.873069e6,4.0336e6,0.0],"memory":233211792,"params":["Parameters",{"gctrial":true,"time_tolerance":0.05,"samples":10000,"evals":1,"gcsample":false,"seconds":5.0,"overhead":0.0,"memory_tolerance":0.01}],"times":[1.302194344e9,1.306023566e9,1.307437899e9,1.303448707e9]}]],"medians":[805.143723,1044.236376,1304.7361365]}