{"lengs":[10.0,21.544346900318835,46.41588833612779,100.0,215.44346900318845,464.15888336127773,1000.0],"benchmarks":[["Trial",{"allocs":2517,"gctimes":[0.0,0.0,0.0,0.0,0.0,0.0,0.0,0.0,0.0,0.0,0.0],"memory":12021776,"params":["Parameters",{"gctrial":true,"time_tolerance":0.05,"samples":10000,"evals":1,"gcsample":false,"seconds":5.0,"overhead":0.0,"memory_tolerance":0.01}],"times":[4.77323379e8,4.73548195e8,4.71884073e8,4.74261205e8,4.70635979e8,4.73910755e8,4.71400235e8,4.75433441e8,4.75083439e8,4.67537598e8,4.69090002e8]}],["Trial",{"allocs":3026,"gctimes":[0.0,0.0,0.0,0.0,0.0,0.0,0.0,0.0],"memory":15730416,"params":["Parameters",{"gctrial":true,"time_tolerance":0.05,"samples":10000,"evals":1,"gcsample":false,"seconds":5.0,"overhead":0.0,"memory_tolerance":0.01}],"times":[6.50597007e8,6.47021875e8,6.45018209e8,6.40231723e8,6.37442175e8,6.20561121e8,6.12704954e8,6.13010044e8]}],["Trial",{"allocs":3240,"gctimes":[0.0,0.0,0.0,0.0,0.0,0.0],"memory":17188816,"params":["Parameters",{"gctrial":true,"time_tolerance":0.05,"samples":10000,"evals":1,"gcsample":false,"seconds":5.0,"overhead":0.0,"memory_tolerance":0.01}],"times":[9.08945029e8,8.99102738e8,8.98101988e8,8.93331003e8,8.92496238e8,8.89259306e8]}],["Trial",{"allocs":3602,"gctimes":[0.0,0.0,0.0,0.0,0.0],"memory":20443088,"params":["Parameters",{"gctrial":true,"time_tolerance":0.05,"samples":10000,"evals":1,"gcsample":false,"seconds":5.0,"overhead":0.0,"memory_tolerance":0.01}],"times":[1.21367527e9,1.204688016e9,1.203846311e9,1.207013477e9,1.211391223e9]}],["Trial",{"allocs":4159,"gctimes":[0.0,0.0,0.0,0.0],"memory":25312656,"params":["Parameters",{"gctrial":true,"time_tolerance":0.05,"samples":10000,"evals":1,"gcsample":false,"seconds":5.0,"overhead":0.0,"memory_tolerance":0.01}],"times":[1.62298281e9,1.611749514e9,1.61553415e9,1.590368133e9]}],["Trial",{"allocs":4739,"gctimes":[0.0,0.0,0.0],"memory":30872912,"params":["Parameters",{"gctrial":true,"time_tolerance":0.05,"samples":10000,"evals":1,"gcsample":false,"seconds":5.0,"overhead":0.0,"memory_tolerance":0.01}],"times":[2.063900485e9,2.086296752e9,2.093321111e9]}],["Trial",{"allocs":5453,"gctimes":[0.0,0.0],"memory":38635024,"params":["Parameters",{"gctrial":true,"time_tolerance":0.05,"samples":10000,"evals":1,"gcsample":false,"seconds":5.0,"overhead":0.0,"memory_tolerance":0.01}],"times":[2.680176915e9,2.626331033e9]}]],"medians":[473.548195,638.836949,895.7164955,1207.013477,1613.641832,2086.296752,2653.253974]}