{"lengs":[10.0,21.544346900318835,46.41588833612779,100.0,215.44346900318845,464.15888336127773,1000.0],"benchmarks":[["Trial",{"allocs":73491742,"gctimes":[4.15225947e8],"memory":3141839088,"params":["Parameters",{"gctrial":true,"time_tolerance":0.05,"samples":10000,"evals":1,"gcsample":false,"seconds":5.0,"overhead":0.0,"memory_tolerance":0.01}],"times":[5.091496972e9]}],["Trial",{"allocs":97062330,"gctimes":[5.0467497e8],"memory":3640231728,"params":["Parameters",{"gctrial":true,"time_tolerance":0.05,"samples":10000,"evals":1,"gcsample":false,"seconds":5.0,"overhead":0.0,"memory_tolerance":0.01}],"times":[6.534322581e9]}],["Trial",{"allocs":133178028,"gctimes":[6.35656084e8],"memory":4689153504,"params":["Parameters",{"gctrial":true,"time_tolerance":0.05,"samples":10000,"evals":1,"gcsample":false,"seconds":5.0,"overhead":0.0,"memory_tolerance":0.01}],"times":[8.772050189e9]}],["Trial",{"allocs":151756979,"gctimes":[6.94918072e8],"memory":5002618008,"params":["Parameters",{"gctrial":true,"time_tolerance":0.05,"samples":10000,"evals":1,"gcsample":false,"seconds":5.0,"overhead":0.0,"memory_tolerance":0.01}],"times":[9.929578418e9]}],["Trial",{"allocs":163868243,"gctimes":[6.93573279e8],"memory":5214261200,"params":["Parameters",{"gctrial":true,"time_tolerance":0.05,"samples":10000,"evals":1,"gcsample":false,"seconds":5.0,"overhead":0.0,"memory_tolerance":0.01}],"times":[1.0752397567e10]}],["Trial",{"allocs":169120869,"gctimes":[7.0218837e8],"memory":5308077720,"params":["Parameters",{"gctrial":true,"time_tolerance":0.05,"samples":10000,"evals":1,"gcsample":false,"seconds":5.0,"overhead":0.0,"memory_tolerance":0.01}],"times":[1.0997891501e10]}],["Trial",{"allocs":170423328,"gctimes":[7.19386945e8],"memory":5336718576,"params":["Parameters",{"gctrial":true,"time_tolerance":0.05,"samples":10000,"evals":1,"gcsample":false,"seconds":5.0,"overhead":0.0,"memory_tolerance":0.01}],"times":[1.1077514677e10]}]],"medians":[5091.496972,6534.322581,8772.050189,9929.578418,10752.397567,10997.891501,11077.514677]}