{"lengs":[10.0,21.544346900318835,46.41588833612779,100.0,215.44346900318845,464.15888336127773,1000.0],"benchmarks":[["Trial",{"allocs":2097,"gctimes":[0.0,0.0,0.0,0.0,0.0,0.0,0.0,0.0,0.0,0.0,0.0,0.0,0.0,0.0,0.0,0.0,0.0,0.0,0.0,0.0,0.0,0.0,0.0,0.0,0.0,0.0,0.0],"memory":3668752,"params":["Parameters",{"gctrial":true,"time_tolerance":0.05,"samples":10000,"evals":1,"gcsample":false,"seconds":5.0,"overhead":0.0,"memory_tolerance":0.01}],"times":[1.87321821e8,1.87356708e8,2.0133535e8,1.87837933e8,1.87494654e8,1.88441133e8,1.87864784e8,1.85782337e8,1.81530117e8,1.84306177e8,1.85996842e8,1.88013576e8,1.93555244e8,1.84850921e8,1.83543193e8,1.88286049e8,1.84377905e8,1.87661139e8,1.89310448e8,1.9226422e8,1.90804768e8,1.92766569e8,1.87535412e8,1.97854119e8,1.87679809e8,1.89536783e8,1.8737558e8]}],["Trial",{"allocs":2194,"gctimes":[0.0,0.0,0.0,0.0,0.0,0.0,0.0,0.0,0.0,0.0,0.0,0.0,0.0,0.0,0.0,0.0,0.0,0.0,0.0,0.0,0.0],"memory":3871904,"params":["Parameters",{"gctrial":true,"time_tolerance":0.05,"samples":10000,"evals":1,"gcsample":false,"seconds":5.0,"overhead":0.0,"memory_tolerance":0.01}],"times":[2.34944695e8,2.48596647e8,2.35048184e8,2.4606002e8,2.37897791e8,2.37735946e8,2.39227375e8,2.38988732e8,2.35581162e8,2.34333507e8,2.40198157e8,2.47101416e8,2.36145271e8,2.45195886e8,2.38697478e8,2.43580847e8,2.45586564e8,2.43825492e8,2.44332429e8,2.42036346e8,2.39282793e8]}],["Trial",{"allocs":2335,"gctimes":[0.0,0.0,0.0,0.0,0.0,0.0,0.0,0.0,0.0,0.0,0.0,0.0,0.0,0.0,0.0,0.0],"memory":4175024,"params":["Parameters",{"gctrial":true,"time_tolerance":0.05,"samples":10000,"evals":1,"gcsample":false,"seconds":5.0,"overhead":0.0,"memory_tolerance":0.01}],"times":[3.20425247e8,3.19161902e8,3.23191573e8,3.17708425e8,3.17311569e8,3.1822743e8,3.22663408e8,3.20669437e8,3.1751447e8,3.21348084e8,3.15924078e8,3.25101345e8,3.26870516e8,3.33804604e8,3.32560921e8,3.1587409e8]}],["Trial",{"allocs":2736,"gctimes":[0.0,0.0,0.0,0.0,0.0,0.0,0.0,0.0,0.0,0.0,0.0,0.0],"memory":5001680,"params":["Parameters",{"gctrial":true,"time_tolerance":0.05,"samples":10000,"evals":1,"gcsample":false,"seconds":5.0,"overhead":0.0,"memory_tolerance":0.01}],"times":[4.45495426e8,4.43195607e8,4.40371056e8,4.20466432e8,4.18470008e8,4.16849816e8,4.14375202e8,4.20421829e8,4.19449654e8,4.17231489e8,4.26921286e8,4.2115274e8]}],["Trial",{"allocs":2974,"gctimes":[0.0,0.0,0.0,0.0,0.0,0.0,0.0,0.0,0.0,0.0],"memory":5525056,"params":["Parameters",{"gctrial":true,"time_tolerance":0.05,"samples":10000,"evals":1,"gcsample":false,"seconds":5.0,"overhead":0.0,"memory_tolerance":0.01}],"times":[5.18651009e8,5.12729453e8,5.13963646e8,5.16875718e8,5.14972708e8,5.21134938e8,5.17281609e8,5.18676007e8,5.17348528e8,5.44525429e8]}],["Trial",{"allocs":3207,"gctimes":[0.0,0.0,0.0,0.0,0.0,0.0,0.0,0.0,0.0,0.0],"memory":6039024,"params":["Parameters",{"gctrial":true,"time_tolerance":0.05,"samples":10000,"evals":1,"gcsample":false,"seconds":5.0,"overhead":0.0,"memory_tolerance":0.01}],"times":[5.46736473e8,5.50827929e8,5.39961364e8,5.28920712e8,5.24152174e8,5.30884894e8,5.25515102e8,5.25353006e8,5.24331667e8,5.2916073e8]}],["Trial",{"allocs":3395,"gctimes":[0.0,0.0,0.0,0.0,0.0,0.0,0.0,0.0,0.0],"memory":6435424,"params":["Parameters",{"gctrial":true,"time_tolerance":0.05,"samples":10000,"evals":1,"gcsample":false,"seconds":5.0,"overhead":0.0,"memory_tolerance":0.01}],"times":[5.56449999e8,5.54496308e8,5.56438554e8,5.54488631e8,5.87549505e8,5.5920944e8,5.74333706e8,5.57001982e8,5.53607626e8]}]],"medians":[187.679809,239.282793,320.547342,420.4441305,517.3150685,529.040721,556.449999]}