{"lengs":[10.0,31.622776601683793,100.0,316.2277660168379,1000.0,3162.2776601683795,10000.0,31622.776601683792,100000.0],"benchmarks":[["Trial",{"allocs":35048192,"gctimes":[2.57488722e8,2.74808352e8],"memory":2850646056,"params":["Parameters",{"gctrial":true,"time_tolerance":0.05,"samples":10000,"evals":1,"gcsample":false,"seconds":5.0,"overhead":0.0,"memory_tolerance":0.01}],"times":[2.54911211e9,2.547781591e9]}],["Trial",{"allocs":35074856,"gctimes":[2.56537678e8,2.73506838e8],"memory":2852815120,"params":["Parameters",{"gctrial":true,"time_tolerance":0.05,"samples":10000,"evals":1,"gcsample":false,"seconds":5.0,"overhead":0.0,"memory_tolerance":0.01}],"times":[2.546244427e9,2.543460799e9]}],["Trial",{"allocs":35101558,"gctimes":[2.67378076e8,2.6602166e8],"memory":2854986616,"params":["Parameters",{"gctrial":true,"time_tolerance":0.05,"samples":10000,"evals":1,"gcsample":false,"seconds":5.0,"overhead":0.0,"memory_tolerance":0.01}],"times":[2.559593395e9,2.566361106e9]}],["Trial",{"allocs":35128222,"gctimes":[2.66049055e8,2.64197263e8],"memory":2857155680,"params":["Parameters",{"gctrial":true,"time_tolerance":0.05,"samples":10000,"evals":1,"gcsample":false,"seconds":5.0,"overhead":0.0,"memory_tolerance":0.01}],"times":[2.559309116e9,2.544752219e9]}],["Trial",{"allocs":35128222,"gctimes":[2.6604535e8,2.60892601e8],"memory":2857155680,"params":["Parameters",{"gctrial":true,"time_tolerance":0.05,"samples":10000,"evals":1,"gcsample":false,"seconds":5.0,"overhead":0.0,"memory_tolerance":0.01}],"times":[2.552939995e9,2.534665417e9]}],["Trial",{"allocs":35154884,"gctimes":[2.65553851e8,2.62334078e8],"memory":2859324616,"params":["Parameters",{"gctrial":true,"time_tolerance":0.05,"samples":10000,"evals":1,"gcsample":false,"seconds":5.0,"overhead":0.0,"memory_tolerance":0.01}],"times":[2.560728377e9,2.539352844e9]}],["Trial",{"allocs":35154884,"gctimes":[2.66763957e8,2.62737078e8],"memory":2859324616,"params":["Parameters",{"gctrial":true,"time_tolerance":0.05,"samples":10000,"evals":1,"gcsample":false,"seconds":5.0,"overhead":0.0,"memory_tolerance":0.01}],"times":[2.559737166e9,2.543728839e9]}],["Trial",{"allocs":35181548,"gctimes":[2.67308565e8,2.62914067e8],"memory":2861493680,"params":["Parameters",{"gctrial":true,"time_tolerance":0.05,"samples":10000,"evals":1,"gcsample":false,"seconds":5.0,"overhead":0.0,"memory_tolerance":0.01}],"times":[2.561169185e9,2.547860251e9]}],["Trial",{"allocs":35208212,"gctimes":[2.66427022e8,2.61421999e8],"memory":2863662744,"params":["Parameters",{"gctrial":true,"time_tolerance":0.05,"samples":10000,"evals":1,"gcsample":false,"seconds":5.0,"overhead":0.0,"memory_tolerance":0.01}],"times":[2.562386781e9,2.544657898e9]}]],"medians":[2548.4468505,2544.852613,2562.9772505,2552.0306675,2543.802706,2550.0406105,2551.7330025,2554.514718,2553.5223395]}