{"lengs":[10.0,21.544346900318835,46.41588833612779,100.0,215.44346900318845,464.15888336127773,1000.0],"benchmarks":[["Trial",{"allocs":3771,"gctimes":[0.0,0.0,0.0,0.0,0.0,0.0,0.0,0.0,0.0,0.0,0.0,0.0,0.0,0.0,0.0,0.0],"memory":6199360,"params":["Parameters",{"gctrial":true,"time_tolerance":0.05,"samples":10000,"evals":1,"gcsample":false,"seconds":5.0,"overhead":0.0,"memory_tolerance":0.01}],"times":[3.26395856e8,3.28347126e8,3.27552817e8,3.27079524e8,3.22892887e8,3.22666677e8,3.23347228e8,3.24275494e8,3.28193626e8,3.26209429e8,3.22263978e8,3.29844575e8,3.28006206e8,3.28196843e8,3.38444605e8,3.3841573e8]}],["Trial",{"allocs":4278,"gctimes":[0.0,0.0,0.0,0.0,0.0,0.0,0.0,0.0,0.0,0.0,0.0,0.0,0.0],"memory":6775600,"params":["Parameters",{"gctrial":true,"time_tolerance":0.05,"samples":10000,"evals":1,"gcsample":false,"seconds":5.0,"overhead":0.0,"memory_tolerance":0.01}],"times":[4.09415414e8,4.10830397e8,4.21307361e8,4.34718775e8,4.16534262e8,4.14084922e8,4.17421947e8,4.05551987e8,4.11446519e8,4.0894131e8,4.02964546e8,4.08545225e8,4.0603616e8]}],["Trial",{"allocs":5432,"gctimes":[0.0,0.0,0.0,0.0,0.0,0.0,0.0,0.0,0.0],"memory":8087488,"params":["Parameters",{"gctrial":true,"time_tolerance":0.05,"samples":10000,"evals":1,"gcsample":false,"seconds":5.0,"overhead":0.0,"memory_tolerance":0.01}],"times":[5.84930424e8,5.85596229e8,5.92646025e8,5.82211656e8,5.83906571e8,5.83305741e8,5.81972401e8,5.90299875e8,5.97887654e8]}],["Trial",{"allocs":6684,"gctimes":[0.0,0.0,0.0,0.0,0.0,0.0,0.0],"memory":9506752,"params":["Parameters",{"gctrial":true,"time_tolerance":0.05,"samples":10000,"evals":1,"gcsample":false,"seconds":5.0,"overhead":0.0,"memory_tolerance":0.01}],"times":[8.10501219e8,8.13969611e8,8.23299334e8,8.14780191e8,8.09733927e8,8.13092131e8,8.06112695e8]}],["Trial",{"allocs":7913,"gctimes":[0.0,0.0,0.0,0.0,0.0],"memory":10895456,"params":["Parameters",{"gctrial":true,"time_tolerance":0.05,"samples":10000,"evals":1,"gcsample":false,"seconds":5.0,"overhead":0.0,"memory_tolerance":0.01}],"times":[1.035009136e9,1.042052664e9,1.037144649e9,1.02779477e9,1.037998476e9]}],["Trial",{"allocs":8460,"gctimes":[0.0,0.0,0.0,0.0,0.0],"memory":11487744,"params":["Parameters",{"gctrial":true,"time_tolerance":0.05,"samples":10000,"evals":1,"gcsample":false,"seconds":5.0,"overhead":0.0,"memory_tolerance":0.01}],"times":[1.120120818e9,1.115756256e9,1.140886136e9,1.126824699e9,1.143235704e9]}],["Trial",{"allocs":8507,"gctimes":[0.0,0.0,0.0,0.0,0.0],"memory":11542864,"params":["Parameters",{"gctrial":true,"time_tolerance":0.05,"samples":10000,"evals":1,"gcsample":false,"seconds":5.0,"overhead":0.0,"memory_tolerance":0.01}],"times":[1.144643285e9,1.141855911e9,1.145132253e9,1.181597513e9,1.140528126e9]}]],"medians":[327.3161705,410.830397,584.930424,813.092131,1037.144649,1126.824699,1144.643285]}