{"lengs":[10.0,21.544346900318835,46.41588833612779,100.0,215.44346900318845,464.15888336127773,1000.0],"benchmarks":[["Trial",{"allocs":16173,"gctimes":[0.0,0.0,0.0,0.0,0.0,0.0,0.0,0.0,0.0,0.0,0.0,0.0,0.0,0.0,0.0,0.0,0.0,0.0,0.0,0.0,0.0,0.0,0.0,0.0,0.0,0.0,0.0,0.0,0.0,0.0,0.0,0.0,0.0,1.2195867e7,0.0,0.0,0.0,0.0,0.0,0.0,0.0,0.0,0.0,0.0,0.0,0.0,0.0,0.0,0.0,0.0,0.0,0.0,0.0,0.0,0.0,0.0,0.0,0.0,0.0,0.0,0.0,0.0,0.0,0.0,0.0,0.0,1.2110103e7,0.0,0.0,0.0,0.0,0.0,0.0,0.0,0.0,0.0,0.0,0.0,0.0],"memory":4518072,"params":["Parameters",{"gctrial":true,"time_tolerance":0.05,"samples":10000,"evals":1,"gcsample":false,"seconds":5.0,"overhead":0.0,"memory_tolerance":0.01}],"times":[6.4477641e7,6.2618571e7,6.3013632e7,6.1401448e7,6.0640916e7,6.1533494e7,6.1923777e7,6.4064802e7,6.2684287e7,6.2013998e7,6.1670176e7,7.9872531e7,7.2457174e7,6.3155268e7,6.4528836e7,6.4169503e7,6.6077158e7,6.3610512e7,6.3512479e7,6.1127036e7,6.0866279e7,6.3244413e7,6.3394421e7,6.0684456e7,6.0521531e7,6.3624268e7,6.1916044e7,6.2218443e7,6.399898e7,6.2572704e7,6.2603001e7,6.2984423e7,6.3500366e7,7.7634468e7,6.2979956e7,6.2389449e7,6.1942107e7,6.3860801e7,6.55693e7,6.2338816e7,6.2277842e7,6.1765689e7,6.2649459e7,6.3522979e7,6.1135413e7,6.0671243e7,5.9874028e7,6.0380613e7,6.2027248e7,6.5008545e7,6.2945753e7,6.1772865e7,6.3725635e7,6.3815595e7,6.3159521e7,6.2610073e7,6.1887139e7,6.2467143e7,6.6344372e7,6.2455258e7,6.0950262e7,6.3604589e7,6.2129783e7,6.3394254e7,6.4975293e7,6.2743524e7,7.6729945e7,6.4462425e7,6.2855677e7,6.444281e7,6.4785716e7,6.284093e7,6.1606958e7,6.2706269e7,6.6989151e7,6.246215e7,6.0806817e7,6.1529124e7,5.9612534e7]}],["Trial",{"allocs":20426,"gctimes":[0.0,0.0,0.0,0.0,0.0,0.0,0.0,0.0,0.0,0.0,0.0,0.0,0.0,0.0,0.0,0.0,0.0,0.0,0.0,0.0,0.0,0.0,0.0,0.0,0.0,0.0,0.0,0.0,0.0,1.238892e7,0.0,0.0,0.0,0.0,0.0,0.0,0.0,0.0,0.0,0.0,0.0,0.0,0.0,0.0,0.0,0.0,0.0,0.0,0.0,0.0,0.0,0.0,0.0,0.0,0.0,0.0,0.0,0.0,1.2160223e7,0.0,0.0,0.0,0.0,0.0,0.0,0.0,0.0,0.0,0.0,0.0,0.0,0.0],"memory":5130264,"params":["Parameters",{"gctrial":true,"time_tolerance":0.05,"samples":10000,"evals":1,"gcsample":false,"seconds":5.0,"overhead":0.0,"memory_tolerance":0.01}],"times":[7.1075127e7,6.951392e7,6.823168e7,6.9551073e7,7.0196993e7,6.9510442e7,6.8878182e7,7.0861782e7,7.0216023e7,6.9528235e7,6.8448132e7,6.6394362e7,6.8236049e7,6.8356464e7,6.8891984e7,6.8888031e7,7.1375956e7,6.9122199e7,6.9693795e7,6.9986512e7,6.9237169e7,6.9683053e7,6.9478807e7,6.848631e7,7.1260007e7,6.8301094e7,7.161369e7,7.1073393e7,6.9798015e7,8.5084731e7,6.9872309e7,7.016695e7,6.9061987e7,6.9132174e7,6.8937031e7,6.8749685e7,6.8664998e7,6.8001953e7,6.7800851e7,6.7613094e7,6.8200749e7,6.8954603e7,6.8802218e7,6.7861412e7,6.7705529e7,6.807021e7,6.8382629e7,6.939767e7,7.256159e7,7.0585858e7,6.8805225e7,6.7713162e7,6.6760753e7,6.7844556e7,6.8287624e7,6.8059974e7,7.122658e7,6.9082448e7,8.1134425e7,6.9367093e7,6.8478556e7,6.9861637e7,7.003917e7,6.8293169e7,7.045497e7,6.7749439e7,6.7890533e7,6.7021226e7,6.8908455e7,6.9551766e7,7.1581332e7,6.9610417e7]}],["Trial",{"allocs":31139,"gctimes":[0.0,0.0,0.0,0.0,0.0,0.0,0.0,0.0,0.0,0.0,0.0,0.0,0.0,0.0,0.0,0.0,0.0,0.0,0.0,0.0,0.0,0.0,0.0,1.3130186e7,0.0,0.0,0.0,0.0,0.0,0.0,0.0,0.0,0.0,0.0,0.0,0.0,0.0,0.0,0.0,0.0,0.0,0.0,0.0,0.0,0.0,0.0,0.0,1.3385772e7,0.0,0.0,0.0,0.0,0.0,0.0,0.0,0.0,0.0,0.0,0.0],"memory":6351128,"params":["Parameters",{"gctrial":true,"time_tolerance":0.05,"samples":10000,"evals":1,"gcsample":false,"seconds":5.0,"overhead":0.0,"memory_tolerance":0.01}],"times":[8.6304292e7,8.4561771e7,8.8650665e7,8.4245798e7,8.7044398e7,8.4492011e7,8.5470243e7,8.4424431e7,8.7020044e7,8.4908899e7,8.3423779e7,8.7328927e7,8.4809227e7,8.4389397e7,8.4372881e7,8.4574029e7,8.5002822e7,8.554632e7,8.4213494e7,8.4963957e7,8.5520209e7,8.4927043e7,8.5738955e7,9.8796513e7,8.3499199e7,8.5455719e7,8.4277402e7,8.4930069e7,8.5270418e7,8.4755584e7,8.3115777e7,8.4057062e7,8.3981969e7,8.2973309e7,8.391001e7,8.3889677e7,8.5117122e7,8.3755392e7,8.4420269e7,8.5437822e7,8.375831e7,8.3445182e7,8.6499569e7,8.6269849e7,8.4153358e7,8.3758868e7,8.4854661e7,9.8165476e7,8.4106141e7,8.8208425e7,8.5476002e7,8.4112597e7,8.4919083e7,8.6078148e7,8.7045532e7,8.4476437e7,8.4126324e7,8.3770759e7,8.4643461e7]}],["Trial",{"allocs":41662,"gctimes":[0.0,0.0,0.0,0.0,0.0,0.0,0.0,0.0,0.0,0.0,0.0,0.0,0.0,0.0,0.0,0.0,0.0,0.0,0.0,0.0,1.4042242e7,0.0,0.0,0.0,0.0,0.0,0.0,0.0,0.0,0.0,0.0,0.0,0.0,0.0,0.0,0.0,0.0,0.0,0.0,0.0,1.3912211e7,0.0,0.0,0.0,0.0,0.0,0.0],"memory":7469736,"params":["Parameters",{"gctrial":true,"time_tolerance":0.05,"samples":10000,"evals":1,"gcsample":false,"seconds":5.0,"overhead":0.0,"memory_tolerance":0.01}],"times":[1.07461089e8,1.09428616e8,1.05300377e8,1.09590829e8,1.05348298e8,1.05052483e8,1.03570242e8,1.05138854e8,1.07202505e8,1.08168204e8,1.08095492e8,1.0549104e8,1.04766562e8,1.06155926e8,1.05634749e8,1.05732894e8,1.04556942e8,1.07008454e8,1.06387276e8,1.0484414e8,1.21961233e8,1.03578506e8,1.08645825e8,1.07393699e8,1.04803751e8,1.03690912e8,1.03676243e8,1.06250323e8,1.06952905e8,1.06002825e8,1.02609346e8,1.05085993e8,1.05684894e8,1.05844273e8,1.05601382e8,1.03228507e8,1.04783777e8,1.06954103e8,1.0479547e8,1.03363091e8,1.21177833e8,1.03574072e8,1.07962961e8,1.05608916e8,1.05202495e8,1.06076298e8,1.03504657e8]}],["Trial",{"allocs":43612,"gctimes":[0.0,0.0,0.0,0.0,0.0,0.0,0.0,0.0,0.0,0.0,0.0,0.0,0.0,0.0,0.0,0.0,0.0,0.0,0.0,1.3772027e7,0.0,0.0,0.0,0.0,0.0,0.0,0.0,0.0,0.0,0.0,0.0,0.0,0.0,0.0,0.0,0.0,0.0,0.0,1.4187478e7,0.0,0.0,0.0,0.0,0.0,0.0],"memory":7815384,"params":["Parameters",{"gctrial":true,"time_tolerance":0.05,"samples":10000,"evals":1,"gcsample":false,"seconds":5.0,"overhead":0.0,"memory_tolerance":0.01}],"times":[1.13445897e8,1.12503073e8,1.09731025e8,1.16282617e8,1.15380989e8,1.11443277e8,1.12643383e8,1.13802464e8,1.12840041e8,1.11659753e8,1.0958383e8,1.11770102e8,1.14015356e8,1.12580478e8,1.10707282e8,1.10375712e8,1.12855572e8,1.11888562e8,1.10704075e8,1.26903653e8,1.09962148e8,1.13598735e8,1.15912274e8,1.11796383e8,1.12037353e8,1.13262204e8,1.11082185e8,1.10769891e8,1.09284381e8,1.1069459e8,1.11458914e8,1.10907637e8,1.10902567e8,1.11916099e8,1.12621967e8,1.09871034e8,1.10900811e8,1.10619755e8,1.26741273e8,1.11402048e8,1.11771283e8,1.12034551e8,1.14871598e8,1.1420676e8,1.10980325e8]}],["Trial",{"allocs":45031,"gctimes":[0.0,0.0,0.0,0.0,0.0,0.0,0.0,0.0,0.0,0.0,0.0,0.0,0.0,0.0,0.0,0.0,0.0,0.0,1.4040317e7,0.0,0.0,0.0,0.0,0.0,0.0,0.0,0.0,0.0,0.0,0.0,0.0,0.0,0.0,0.0,0.0,0.0,0.0,1.4350642e7,0.0,0.0,0.0,0.0],"memory":8075512,"params":["Parameters",{"gctrial":true,"time_tolerance":0.05,"samples":10000,"evals":1,"gcsample":false,"seconds":5.0,"overhead":0.0,"memory_tolerance":0.01}],"times":[1.1940713e8,1.19249448e8,1.16354004e8,1.18406822e8,1.21561314e8,1.18253469e8,1.2001197e8,1.19442077e8,1.19084097e8,1.1633403e8,1.18405838e8,1.21053835e8,1.19763866e8,1.19869311e8,1.17387649e8,1.20778885e8,1.18860757e8,1.18316809e8,1.33902888e8,1.19232583e8,1.18322499e8,1.184266e8,1.2103944e8,1.17992756e8,1.18500074e8,1.20300049e8,1.190544e8,1.18212441e8,1.17628406e8,1.17048484e8,1.21047855e8,1.19756019e8,1.16694033e8,1.16515477e8,1.17099922e8,1.18058731e8,1.17237527e8,1.3455531e8,1.15322253e8,1.19569753e8,1.19723903e8,1.1653e8]}],["Trial",{"allocs":45705,"gctimes":[0.0,0.0,0.0,0.0,0.0,0.0,0.0,0.0,0.0,0.0,0.0,0.0,0.0,0.0,0.0,0.0,0.0,0.0,1.3864615e7,0.0,0.0,0.0,0.0,0.0,0.0,0.0,0.0,0.0,0.0,0.0,0.0,0.0,0.0,0.0,0.0,0.0,1.5004437e7,0.0,0.0,0.0,0.0,0.0],"memory":8189816,"params":["Parameters",{"gctrial":true,"time_tolerance":0.05,"samples":10000,"evals":1,"gcsample":false,"seconds":5.0,"overhead":0.0,"memory_tolerance":0.01}],