{"lengs":[10.0,21.544346900318835,46.41588833612779,100.0,215.44346900318845,464.15888336127773,1000.0],"benchmarks":[["Trial",{"allocs":2007,"gctimes":[0.0,0.0,0.0,0.0,0.0,0.0,0.0,0.0,0.0,0.0,0.0,0.0,0.0,0.0,0.0],"memory":4258448,"params":["Parameters",{"gctrial":true,"time_tolerance":0.05,"samples":10000,"evals":1,"gcsample":false,"seconds":5.0,"overhead":0.0,"memory_tolerance":0.01}],"times":[3.40625334e8,3.3829174e8,3.3713494e8,3.37038405e8,3.3969873e8,3.3869024e8,3.34523026e8,3.4297531e8,3.40334832e8,3.41596537e8,3.46981064e8,3.41987733e8,3.4190708e8,3.61068678e8,3.47401142e8]}],["Trial",{"allocs":2060,"gctimes":[0.0,0.0,0.0,0.0,0.0,0.0,0.0,0.0,0.0,0.0,0.0,0.0,0.0,0.0],"memory":4379600,"params":["Parameters",{"gctrial":true,"time_tolerance":0.05,"samples":10000,"evals":1,"gcsample":false,"seconds":5.0,"overhead":0.0,"memory_tolerance":0.01}],"times":[3.60258034e8,3.67610747e8,3.78317007e8,3.63648165e8,3.58311022e8,3.56885121e8,3.62059587e8,3.59833168e8,3.54960481e8,3.55515896e8,3.61775818e8,3.62943771e8,3.60096721e8,3.75689062e8]}],["Trial",{"allocs":2190,"gctimes":[0.0,0.0,0.0,0.0,0.0,0.0,0.0,0.0,0.0,0.0,0.0,0.0],"memory":4634512,"params":["Parameters",{"gctrial":true,"time_tolerance":0.05,"samples":10000,"evals":1,"gcsample":false,"seconds":5.0,"overhead":0.0,"memory_tolerance":0.01}],"times":[4.26691695e8,4.24824841e8,4.24592121e8,4.2176127e8,4.32201121e8,4.32031057e8,4.20119985e8,4.20240668e8,4.1658033e8,4.14455467e8,4.18788786e8,4.1737338e8]}],["Trial",{"allocs":2288,"gctimes":[0.0,0.0,0.0,0.0,0.0,0.0,0.0,0.0,0.0,0.0,0.0],"memory":4804768,"params":["Parameters",{"gctrial":true,"time_tolerance":0.05,"samples":10000,"evals":1,"gcsample":false,"seconds":5.0,"overhead":0.0,"memory_tolerance":0.01}],"times":[4.60190326e8,4.51151509e8,4.59420694e8,4.53696604e8,4.66536056e8,4.73415433e8,4.74713217e8,4.58382001e8,4.54470159e8,4.53859754e8,4.52012301e8]}],["Trial",{"allocs":2358,"gctimes":[0.0,0.0,0.0,0.0,0.0,0.0,0.0,0.0,0.0,0.0,0.0],"memory":4932368,"params":["Parameters",{"gctrial":true,"time_tolerance":0.05,"samples":10000,"evals":1,"gcsample":false,"seconds":5.0,"overhead":0.0,"memory_tolerance":0.01}],"times":[4.78074044e8,4.72105371e8,4.78537215e8,5.00998252e8,4.80977839e8,4.79073902e8,5.09227323e8,4.79306285e8,4.7239734e8,4.8326888e8,4.7801629e8]}],["Trial",{"allocs":2414,"gctimes":[0.0,0.0,0.0,0.0,0.0,0.0,0.0,0.0,0.0,0.0,0.0],"memory":5017680,"params":["Parameters",{"gctrial":true,"time_tolerance":0.05,"samples":10000,"evals":1,"gcsample":false,"seconds":5.0,"overhead":0.0,"memory_tolerance":0.01}],"times":[4.84992682e8,4.89048526e8,4.9318752e8,4.82600033e8,4.75899351e8,4.80963607e8,4.88361607e8,4.93073729e8,4.81666387e8,4.79745507e8,4.85087446e8]}],["Trial",{"allocs":2444,"gctimes":[0.0,0.0,0.0,0.0,0.0,0.0,0.0,0.0,0.0,0.0,0.0],"memory":5054400,"params":["Parameters",{"gctrial":true,"time_tolerance":0.05,"samples":10000,"evals":1,"gcsample":false,"seconds":5.0,"overhead":0.0,"memory_tolerance":0.01}],"times":[4.92893863e8,5.02254471e8,4.91213837e8,4.91327084e8,4.91481212e8,4.86702813e8,4.94316788e8,4.87632772e8,4.77372855e8,4.81734212e8,4.84237203e8]}]],"medians":[340.625334,361.016926,421.000969,458.382001,479.073902,484.992682,491.213837]}