{"lengs":[10.0,31.622776601683793,100.0,316.2277660168379,1000.0,3162.2776601683795,10000.0,31622.776601683792,100000.0],"benchmarks":[["Trial",{"allocs":10,"gctimes":[0.0,0.0,0.0,0.0,0.0,0.0,0.0,0.0,0.0,0.0,0.0,0.0,0.0,0.0,0.0,0.0,0.0,0.0,0.0,0.0,0.0,0.0,0.0,0.0,0.0,0.0,0.0,0.0,0.0,0.0,0.0,0.0,0.0,0.0,0.0,0.0,0.0,0.0,0.0,0.0,0.0,0.0,0.0,0.0,0.0,0.0,0.0,0.0,0.0,0.0,0.0,0.0,0.0,0.0,0.0,0.0,0.0,0.0,0.0,0.0,0.0,0.0,0.0,0.0,0.0,0.0,0.0,0.0,0.0,0.0,0.0,0.0],"memory":2816,"params":["Parameters",{"gctrial":true,"time_tolerance":0.05,"samples":10000,"evals":1,"gcsample":false,"seconds":5.0,"overhead":0.0,"memory_tolerance":0.01}],"times":[7.0632227e7,7.1822055e7,7.0977648e7,7.1301352e7,7.1169318e7,6.9604604e7,6.9812549e7,7.0463095e7,7.0414517e7,7.0874957e7,7.0075511e7,7.0309728e7,7.0013861e7,7.0776446e7,7.0439807e7,7.1063941e7,6.9596455e7,7.0881192e7,6.9967848e7,7.0723239e7,6.9432108e7,7.0290578e7,6.9962125e7,6.9950023e7,7.0577533e7,6.9538862e7,7.1062155e7,6.9349937e7,7.1004141e7,7.1547132e7,6.9831335e7,7.0625002e7,7.0243515e7,7.0347683e7,7.0396202e7,6.9246866e7,6.9726105e7,6.95511e7,7.0884626e7,7.0163385e7,7.0165166e7,7.0442974e7,6.9473781e7,7.0760978e7,7.011769e7,7.0632709e7,7.0887852e7,7.0028729e7,7.0134396e7,6.9885481e7,6.9745014e7,7.0707564e7,6.9720776e7,7.0223133e7,7.0470411e7,7.0740622e7,7.0252919e7,6.9997095e7,6.9773059e7,6.9720759e7,7.0630458e7,7.0330765e7,7.0688388e7,7.0662168e7,7.1041721e7,7.2551583e7,7.1052301e7,7.085135e7,7.0552363e7,7.0262682e7,7.013236e7,7.0547063e7]}],["Trial",{"allocs":10,"gctimes":[0.0,0.0,0.0,0.0,0.0,0.0,0.0,0.0,0.0,0.0,0.0,0.0,0.0,0.0,0.0,0.0,0.0,0.0,0.0,0.0,0.0,0.0,0.0],"memory":2816,"params":["Parameters",{"gctrial":true,"time_tolerance":0.05,"samples":10000,"evals":1,"gcsample":false,"seconds":5.0,"overhead":0.0,"memory_tolerance":0.01}],"times":[2.18477311e8,2.21564484e8,2.21774303e8,2.20102282e8,2.20231368e8,2.17545883e8,2.1881056e8,2.18926708e8,2.2000522e8,2.16922277e8,2.18067295e8,2.17868947e8,2.21357629e8,2.18135542e8,2.19403905e8,2.18176908e8,2.1984138e8,2.18732324e8,2.19164302e8,2.23158588e8,2.19829837e8,2.18831316e8,2.18777236e8]}],["Trial",{"allocs":10,"gctimes":[0.0,0.0,0.0,0.0,0.0,0.0,0.0,0.0],"memory":2816,"params":["Parameters",{"gctrial":true,"time_tolerance":0.05,"samples":10000,"evals":1,"gcsample":false,"seconds":5.0,"overhead":0.0,"memory_tolerance":0.01}],"times":[6.87003775e8,6.88327335e8,6.87022801e8,6.87159803e8,6.85382705e8,6.87794059e8,6.90123014e8,6.9187911e8]}],["Trial",{"allocs":10,"gctimes":[0.0,0.0,0.0],"memory":2816,"params":["Parameters",{"gctrial":true,"time_tolerance":0.05,"samples":10000,"evals":1,"gcsample":false,"seconds":5.0,"overhead":0.0,"memory_tolerance":0.01}],"times":[2.152839803e9,2.16537228e9,2.159643347e9]}],["Trial",{"allocs":10,"gctimes":[0.0],"memory":2816,"params":["Parameters",{"gctrial":true,"time_tolerance":0.05,"samples":10000,"evals":1,"gcsample":false,"seconds":5.0,"overhead":0.0,"memory_tolerance":0.01}],"times":[6.778655608e9]}],["Trial",{"allocs":10,"gctimes":[0.0],"memory":2816,"params":["Parameters",{"gctrial":true,"time_tolerance":0.05,"samples":10000,"evals":1,"gcsample":false,"seconds":5.0,"overhead":0.0,"memory_tolerance":0.01}],"times":[2.1538521412e10]}],["Trial",{"allocs":10,"gctimes":[0.0],"memory":2816,"params":["Parameters",{"gctrial":true,"time_tolerance":0.05,"samples":10000,"evals":1,"gcsample":false,"seconds":5.0,"overhead":0.0,"memory_tolerance":0.01}],"times":[6.823865527e10]}],["Trial",{"allocs":10,"gctimes":[0.0],"memory":2816,"params":["Parameters",{"gctrial":true,"time_tolerance":0.05,"samples":10000,"evals":1,"gcsample":false,"seconds":5.0,"overhead":0.0,"memory_tolerance":0.01}],"times":[2.13600004588e11]}],["Trial",{"allocs":10,"gctimes":[0.0],"memory":2816,"params":["Parameters",{"gctrial":true,"time_tolerance":0.05,"samples":10000,"evals":1,"gcsample":false,"seconds":5.0,"overhead":0.0,"memory_tolerance":0.01}],"times":[6.7778818029e11]}]],"medians":[70.3719425,218.926708,687.476931,2159.643347,6778.655608,21538.521412,68238.65527,213600.004588,677788.18029]}