{"lengs":[10.0,21.544346900318835,46.41588833612779,100.0,215.44346900318845,464.15888336127773,1000.0],"benchmarks":[["Trial",{"allocs":28864213,"gctimes":[5.1812767e7,7.1445974e7,5.3854373e7,7.2784723e7],"memory":491987832,"params":["Parameters",{"gctrial":true,"time_tolerance":0.05,"samples":10000,"evals":1,"gcsample":false,"seconds":5.0,"overhead":0.0,"memory_tolerance":0.01}],"times":[1.616755686e9,1.642374832e9,1.619598409e9,1.631460786e9]}],["Trial",{"allocs":36506410,"gctimes":[7.0398273e7,8.9859782e7,7.2079129e7],"memory":615862560,"params":["Parameters",{"gctrial":true,"time_tolerance":0.05,"samples":10000,"evals":1,"gcsample":false,"seconds":5.0,"overhead":0.0,"memory_tolerance":0.01}],"times":[2.029266851e9,2.055859121e9,2.014082373e9]}],["Trial",{"allocs":51487092,"gctimes":[1.05519417e8,1.07482951e8],"memory":858533136,"params":["Parameters",{"gctrial":true,"time_tolerance":0.05,"samples":10000,"evals":1,"gcsample":false,"seconds":5.0,"overhead":0.0,"memory_tolerance":0.01}],"times":[2.843392866e9,2.834637385e9]}],["Trial",{"allocs":64415126,"gctimes":[1.24090624e8,1.43999169e8],"memory":1072538592,"params":["Parameters",{"gctrial":true,"time_tolerance":0.05,"samples":10000,"evals":1,"gcsample":false,"seconds":5.0,"overhead":0.0,"memory_tolerance":0.01}],"times":[3.577490471e9,3.582844461e9]}],["Trial",{"allocs":68366613,"gctimes":[1.41698402e8,1.44088108e8],"memory":1139334648,"params":["Parameters",{"gctrial":true,"time_tolerance":0.05,"samples":10000,"evals":1,"gcsample":false,"seconds":5.0,"overhead":0.0,"memory_tolerance":0.01}],"times":[3.771750529e9,3.955503346e9]}],["Trial",{"allocs":70971990,"gctimes":[1.41032476e8,1.61927972e8],"memory":1184491216,"params":["Parameters",{"gctrial":true,"time_tolerance":0.05,"samples":10000,"evals":1,"gcsample":false,"seconds":5.0,"overhead":0.0,"memory_tolerance":0.01}],"times":[3.899444464e9,3.92730236e9]}],["Trial",{"allocs":72274639,"gctimes":[1.42727613e8,1.62960997e8],"memory":1206527992,"params":["Parameters",{"gctrial":true,"time_tolerance":0.05,"samples":10000,"evals":1,"gcsample":false,"seconds":5.0,"overhead":0.0,"memory_tolerance":0.01}],"times":[3.98788113e9,3.993551907e9]}]],"medians":[1625.5295975,2029.266851,2839.0151255,3580.167466,3863.6269375,3913.373412,3990.7165185]}