{"lengs":[10.0,21.544346900318835,46.41588833612779,100.0,215.44346900318845,464.15888336127773,1000.0],"benchmarks":[["Trial",{"allocs":1004,"gctimes":[0.0,0.0,0.0,0.0,0.0,0.0,0.0,0.0,0.0,0.0,0.0,0.0,0.0,0.0,0.0,0.0,0.0,0.0,0.0,0.0,0.0,0.0,0.0,0.0,0.0,0.0,0.0,0.0,0.0,0.0,0.0,0.0,0.0,0.0,0.0,0.0,0.0,0.0,0.0,8.430182e6,0.0,0.0,0.0,0.0,0.0,0.0,0.0,0.0,0.0,0.0,0.0,0.0,0.0,0.0,0.0,0.0,0.0,0.0,0.0,0.0,0.0,0.0,0.0,0.0,0.0,0.0,0.0,0.0,0.0,0.0,0.0,0.0,0.0,0.0,0.0,0.0,0.0,0.0,0.0,7.805656e6,0.0,0.0,0.0,0.0,0.0,0.0,0.0,0.0,0.0,0.0,0.0,0.0,0.0,0.0,0.0,0.0,0.0,0.0,0.0,0.0,0.0,0.0,0.0,0.0,0.0,0.0],"memory":3868672,"params":["Parameters",{"gctrial":true,"time_tolerance":0.05,"samples":10000,"evals":1,"gcsample":false,"seconds":5.0,"overhead":0.0,"memory_tolerance":0.01}],"times":[4.685328e7,4.6318058e7,4.9139205e7,4.9586657e7,4.8284536e7,4.6194832e7,4.6680054e7,4.5172525e7,4.753332e7,4.7396808e7,4.7430555e7,4.7224108e7,4.664769e7,4.7762875e7,4.8455634e7,4.8957093e7,4.8510735e7,4.835828e7,4.7538586e7,4.8230449e7,4.8515196e7,4.893819e7,4.8158762e7,4.8197333e7,4.745416e7,4.7066437e7,5.0681349e7,4.7154095e7,4.6261278e7,4.7807629e7,4.7579402e7,4.613876e7,4.64257e7,4.647668e7,4.6816978e7,4.6356768e7,4.6609649e7,4.6958126e7,4.8191053e7,5.7447778e7,4.7486938e7,4.9617405e7,5.0105046e7,4.8389696e7,4.6140387e7,4.5876991e7,4.6009927e7,4.6394129e7,4.6497536e7,4.6271931e7,4.6431543e7,4.6324976e7,4.7544409e7,4.6330115e7,4.6978768e7,4.6919463e7,4.6868292e7,4.707572e7,4.6649657e7,4.595312e7,4.6016671e7,4.6060436e7,4.597809e7,4.6059992e7,4.5803557e7,4.8472614e7,4.5392598e7,4.5711167e7,4.5653669e7,4.6806248e7,4.5451213e7,4.7354936e7,4.8220091e7,4.7694535e7,4.5779961e7,4.6779108e7,4.6804982e7,4.6620956e7,4.6532208e7,5.8488749e7,4.6522046e7,4.8594732e7,4.8725347e7,4.7467406e7,4.6444208e7,4.6661402e7,4.6731147e7,4.7576343e7,4.6654806e7,4.6077116e7,4.5982975e7,4.6313589e7,4.6342205e7,4.6205162e7,4.6221257e7,4.6674265e7,4.7590083e7,4.6357856e7,4.6979069e7,4.667882e7,4.6288425e7,4.6838308e7,4.6814343e7,4.6648979e7,4.6391541e7,5.0540008e7]}],["Trial",{"allocs":1147,"gctimes":[0.0,0.0,0.0,0.0,0.0,0.0,0.0,0.0,0.0,0.0,0.0,0.0,0.0,0.0,0.0,0.0,0.0,0.0,0.0,0.0,0.0,0.0,0.0,0.0,0.0,0.0,0.0,0.0,0.0,0.0,0.0,0.0,0.0,0.0,0.0,0.0,8.137479e6,0.0,0.0,0.0,0.0,0.0,0.0,0.0,0.0,0.0,0.0,0.0,0.0,0.0,0.0,0.0,0.0,0.0,0.0,0.0,0.0,0.0,0.0,0.0,0.0,0.0,0.0,0.0,0.0,0.0,0.0,0.0,0.0,0.0,0.0,0.0,0.0,8.57883e6,0.0,0.0,0.0,0.0,0.0,0.0,0.0,0.0,0.0,0.0,0.0,0.0,0.0,0.0,0.0],"memory":4165984,"params":["Parameters",{"gctrial":true,"time_tolerance":0.05,"samples":10000,"evals":1,"gcsample":false,"seconds":5.0,"overhead":0.0,"memory_tolerance":0.01}],"times":[5.9448065e7,5.745422e7,5.9296538e7,5.812115e7,5.5754891e7,5.4594522e7,5.4852384e7,5.5231985e7,5.6447421e7,5.6672159e7,5.4895003e7,5.5131077e7,5.5275218e7,5.4727756e7,5.566958e7,5.6748253e7,5.5693099e7,5.5424535e7,5.5541477e7,5.7058392e7,5.851508e7,5.4975517e7,5.6000307e7,5.5635964e7,5.5753865e7,5.5597919e7,5.8571267e7,5.5251509e7,5.4971004e7,5.482383e7,5.6327975e7,5.5690207e7,5.5429981e7,5.5944358e7,5.4958809e7,5.3863649e7,6.5391761e7,5.5242806e7,5.6286231e7,5.6276607e7,5.7240277e7,5.6529566e7,5.5705758e7,5.4844201e7,5.5944213e7,5.5994641e7,5.4821828e7,5.5208204e7,5.488543e7,5.5117074e7,5.6019351e7,5.6842165e7,5.6843508e7,5.6623364e7,5.6595853e7,5.7767495e7,5.6562025e7,5.6699333e7,5.782917e7,5.7140282e7,5.5255152e7,5.4758349e7,6.0343445e7,5.5725551e7,5.4693901e7,5.5661692e7,5.5532554e7,5.4437763e7,5.5932717e7,5.5949048e7,5.5460149e7,5.4746267e7,5.5470306e7,6.7598017e7,5.604091e7,5.8258604e7,5.7569398e7,5.7198927e7,5.520131e7,5.4967429e7,5.5876126e7,5.5467344e7,5.5761058e7,5.5296064e7,5.5103761e7,5.4611142e7,5.5473467e7,5.6088941e7,5.6310712e7]}],["Trial",{"allocs":1349,"gctimes":[0.0,0.0,0.0,0.0,0.0,0.0,0.0,0.0,0.0,0.0,0.0,0.0,0.0,0.0,0.0,0.0,0.0,0.0,0.0,0.0,0.0,0.0,0.0,0.0,0.0,0.0,0.0,0.0,0.0,0.0,0.0,0.0,0.0,9.224629e6,0.0,0.0,0.0,0.0,0.0,0.0,0.0,0.0,0.0,0.0,0.0,0.0,0.0,0.0,0.0,0.0,0.0,0.0,0.0,0.0,0.0,0.0,0.0,0.0,0.0,0.0,0.0,0.0,0.0,0.0,0.0,0.0,0.0,8.834077e6],"memory":4573728,"params":["Parameters",{"gctrial":true,"time_tolerance":0.05,"samples":10000,"evals":1,"gcsample":false,"seconds":5.0,"overhead":0.0,"memory_tolerance":0.01}],"times":[7.7191501e7,7.2860445e7,7.4816546e7,7.4556155e7,7.4592929e7,7.3991115e7,7.2399332e7,7.279701e7,7.3070628e7,7.2390859e7,7.1402705e7,7.1417663e7,7.1405935e7,7.2859213e7,7.3021457e7,7.4025832e7,7.3059469e7,7.3318293e7,7.4167139e7,7.4562879e7,7.3039242e7,7.3818974e7,7.3608156e7,7.3974055e7,7.3863618e7,7.2541395e7,7.8207821e7,7.4199039e7,7.340207e7,7.3254596e7,7.2868943e7,7.211746e7,7.4332738e7,8.6743732e7,7.3817332e7,7.6929245e7,7.6526073e7,7.5161559e7,7.4804559e7,7.4033469e7,7.3731775e7,7.4642136e7,7.4073233e7,7.3744818e7,7.3550114e7,7.1882786e7,7.3921186e7,7.6467436e7,7.5019618e7,7.643448e7,7.5696628e7,7.4317478e7,7.2664446e7,7.1471545e7,7.2111483e7,7.3374902e7,8.2740218e7,8.4275838e7,7.7813936e7,7.9428174e7,7.3700483e7,7.3297041e7,7.2339379e7,7.3881089e7,7.5429815e7,7.6974663e7,7.5121302e7,8.7337857e7]}],["Trial",{"allocs":1523,"gctimes":[0.0,0.0,0.0,0.0,0.0,0.0,0.0,0.0,0.0,0.0,0.0,0.0,0.0,0.0,0.0,0.0,0.0,0.0,0.0,0.0,0.0,0.0,0.0,0.0,0.0,0.0,0.0,0.0,0.0,0.0,0.0,9.305198e6,0.0,0.0,0.0,0.0,0.0,0.0,0.0,0.0,0.0,0.0,0.0,0.0,0.0,0.0,0.0,0.0,0.0,0.0,0.0,0.0,0.0,0.0],"memory":4899376,"params":["Parameters",{"gctrial":true,"time_tolerance":0.05,"samples":10000,"evals":1,"gcsample":false,"seconds":5.0,"overhead":0.0,"memory_tolerance":0.01}],"times":[9.3801816e7,9.0984605e7,9.6762647e7,1.01699626e8,9.4975005e7,9.2395573e7,8.9379593e7,8.8368911e7,9.1223974e7,8.9899683e7,9.0453799e7,9.2414268e7,9.2464607e7,9.1501253e7,9.1066731e7,9.1555503e7,9.5008818e7,9.6116724e7,9.3614581e7,9.2334507e7,9.3593317e7,9.4160419e7,9.1988843e7,9.2061111e7,9.235015e7,8.9616956e7,9.6765963e7,9.0793713e7,9.0174333e7,9.0396896e7,9.1053748e7,1.0368993e8,9.2635557e7,9.5944183e7,9.6042405e7,9.3451411e7,9.1113058e7,9.0558677e7,9.3312949e7,8.9983138e7,9.2959429e7,9.3465829e7,9.2653087e7,9.2479625e7,9.247754e7,9.282979e7,8.9643541e7,9.298119e7,9.3175569e7,8.8796749e7,8.9516798e7,9.1142845e7,9.3117375e7,1.37736859e8]}],["Trial",{"allocs":1637,"gctimes":[0.0,0.0,0.0,0.0,0.0,0.0,0.0,0.0,0.0,0.0,0.0,0.0,0.0,0.0,0.0,0.0,0.0,0.0,0.0,0.0,0.0,0.0,0.0,0.0,0.0,0.0,0.0,0.0,0.0,0.0,9.584656e6,0.0,0.0,0.0,0.0,0.0,0.0,0.0,0.0,0.0,0.0,0.0,0.0,0.0,0.0,0.0,0.0,0.0,0.0,0.0,0.0],"memory":5109664,"params":["Parameters",{"gctrial":true,"time_tolerance":0.05,"samples":10000,"evals":1,"gcsample":false,"seconds":5.0,"overhead":0.0,"memory_tolerance":0.01}],"times":[9.8971667e7,9.5890086e7,9.9885182e7,1.04159002e8,9.8740036e7,9.9057222e7,9.9617528e7,1.00147006e8,1.01361034e8,9.775899e7,9.6383834e7,9.807308e7,9.7920658e7,9.8612563e7,9.8593492e7,9.9032961e7,9.8168221e7,1.00422571e8,9.9039669e7,9.7995707e7,9.7489204e7,9.8491323e7,9.5918039e7,9.7961799e7,9.9768005e7,9.7721977e7,1.04725413e8,9.8099386e7,9.3325771e7,9.6256711e7,1.09755881e8,9.9715178e7,9.8061677e7,1.03839047e8,9.7306385e7,9.9486487e7,9.7897545e7,9.9264027e7,9.910173e7,9.8402397e7,9.778689e7,9.7847296e7,9.9369952e7,9.9081202e7,9.7196711e7,9.8464332e7,9.819681e7,9.9893873e7,9.7836822e7,9.8513709e7,9.6347116e7]}],["Trial",{"allocs":1721,"gctimes":[0.0,0.0,0.0,0.0,0.0,0.0,0.0,0.0,0.0,0.0,0.0,0.0,0.0,0.0,0.0,0.0,0.0,0.0,0.0,0.0,0.0,0.0,0.0,0.0,0.0,0.0,0.0,0.0,0.0,9.487079e6,0.0,0.0,0.0,0.0,0.0,0.0,0.0,0.0,0.0,0.0,0.0,0.0,0.0,0.0,0.0,0.0,0.0,0.0,0.0],"memory":5270912,"params":["Parameters",{"gctrial":true,"time_tolerance":0.05,"samples":10000,"evals":1,"gcsample":false,"seconds":5.0,"overhead":0.0,"memory_tolerance":0.01}],