{"lengs":[10.0,31.622776601683793,100.0,316.2277660168379,1000.0,3162.2776601683795,10000.0,31622.776601683792,100000.0],"benchmarks":[["Trial",{"allocs":1113105,"gctimes":[0.0,1.3425803e7,0.0,1.4413233e7,1.4296602e7,0.0,1.4189709e7,1.4011941e7,0.0,1.4404211e7,0.0,1.402512e7,1.4118969e7,0.0,1.4012848e7,0.0,1.3873874e7,1.4002393e7,0.0,1.3962706e7,1.432985e7,0.0,1.4063993e7,0.0,1.4027082e7,1.4044129e7,0.0,1.391101e7,1.3975015e7,0.0,1.4223004e7,0.0,1.4198197e7,1.4339408e7,0.0,1.4181506e7,0.0,1.4001587e7,1.371685e7,0.0,1.4032725e7,1.4285005e7,0.0,1.4008557e7,0.0,1.4573193e7,1.3768299e7,0.0,1.3754833e7,1.3907138e7,0.0,1.424793e7,0.0,1.4272858e7,1.3922425e7],"memory":71418792,"params":["Parameters",{"gctrial":true,"time_tolerance":0.05,"samples":10000,"evals":1,"gcsample":false,"seconds":5.0,"overhead":0.0,"memory_tolerance":0.01}],"times":[9.4901086e7,1.00761779e8,8.2186062e7,9.3276709e7,1.0087291e8,7.7995491e7,9.8400055e7,1.00842697e8,7.5506851e7,1.01792952e8,8.2399327e7,9.4445419e7,1.02631223e8,7.6649489e7,9.9304534e7,8.6781611e7,9.096347e7,1.00468054e8,8.0206027e7,9.6831512e7,1.01261603e8,7.5272707e7,1.00755665e8,8.385536e7,9.2579794e7,1.0059954e8,7.8910964e7,9.7127314e7,1.00743597e8,7.5435144e7,1.00314429e8,8.2372285e7,9.3963415e7,1.04328949e8,7.7524738e7,9.9078823e7,8.7576013e7,9.0571915e7,1.00123252e8,8.1115515e7,9.5326303e7,1.00758393e8,7.6694814e7,1.00042125e8,8.5442965e7,9.3123232e7,1.01566867e8,7.9174342e7,9.6504451e7,1.01697919e8,7.5624451e7,1.00427698e8,8.3059704e7,9.3331733e7,1.02054914e8]}],["Trial",{"allocs":1114521,"gctimes":[0.0,1.3678098e7,0.0,1.4209772e7,1.4371467e7,0.0,1.403299e7,1.4490779e7,0.0,1.4215295e7,0.0,1.459811e7,1.3896376e7,0.0,1.4044579e7,0.0,1.3855275e7,1.363496e7,0.0,1.4417458e7,1.3978301e7,0.0,1.4418704e7,0.0,1.3877695e7,1.3978718e7,0.0,1.4255305e7,1.3967991e7,0.0,1.4075409e7,0.0,1.4222776e7,1.3960661e7,0.0,1.395124e7,1.4123103e7,0.0,1.4075404e7,0.0,1.4056198e7,1.3732383e7,0.0,1.3996175e7,0.0,1.3778347e7,1.367591e7,0.0,1.3808236e7,1.4034116e7,0.0,1.4217679e7,0.0,1.3879776e7,1.3552915e7],"memory":71509416,"params":["Parameters",{"gctrial":true,"time_tolerance":0.05,"samples":10000,"evals":1,"gcsample":false,"seconds":5.0,"overhead":0.0,"memory_tolerance":0.01}],"times":[9.1476139e7,1.01685915e8,8.2274183e7,9.3164059e7,1.00786998e8,7.8517984e7,9.758126e7,1.01270547e8,7.6040234e7,1.0099891e8,8.2504158e7,9.4715722e7,1.01880736e8,7.6943956e7,9.9102473e7,8.6872298e7,9.04594e7,9.9871888e7,8.063502e7,9.5876423e7,1.00445176e8,7.6844135e7,1.00166295e8,8.4301177e7,9.2074485e7,1.00503267e8,7.9759706e7,9.7023814e7,1.00329929e8,7.5721799e7,1.00029048e8,8.3780018e7,9.4608366e7,1.05324987e8,7.8254798e7,9.7808223e7,1.03274404e8,7.5714898e7,1.00552059e8,8.3591486e7,9.4368172e7,1.00305788e8,7.6871993e7,9.9870526e7,8.5341341e7,9.0412976e7,1.01751748e8,8.0413474e7,9.5256949e7,1.02549904e8,7.584833e7,9.991358e7,8.5687333e7,9.1581272e7,9.9679214e7]}],["Trial",{"allocs":1114521,"gctimes":[0.0,1.4401415e7,0.0,1.4092161e7,1.4981416e7,0.0,1.393225e7,1.430644e7,0.0,1.4194728e7,0.0,1.4108131e7,1.409883e7,0.0,1.4340162e7,0.0,1.4242505e7,1.4224092e7,0.0,1.3912974e7,1.4185586e7,0.0,1.4000872e7,0.0,1.4334494e7,1.3759065e7,0.0,1.4108066e7,1.3953519e7,0.0,1.405648e7,0.0,1.4078953e7,1.4248005e7,0.0,1.3888092e7,1.3998163e7,0.0,1.409619e7,0.0,1.450672e7,1.3841725e7,0.0,1.4081081e7,0.0,1.3919934e7,1.3701115e7,0.0,1.4260753e7,1.3972015e7,0.0,1.3893648e7,0.0,1.3834307e7,1.3814738e7],"memory":71509416,"params":["Parameters",{"gctrial":true,"time_tolerance":0.05,"samples":10000,"evals":1,"gcsample":false,"seconds":5.0,"overhead":0.0,"memory_tolerance":0.01}],"times":[9.1191362e7,1.0248743e8,8.2089385e7,9.2486732e7,1.01399075e8,7.7882839e7,9.7266615e7,1.04272253e8,7.5042212e7,1.01325062e8,8.1923021e7,9.3628523e7,1.00824267e8,7.7984896e7,9.9174487e7,8.5019648e7,9.0773077e7,1.00347712e8,8.0349844e7,9.4667237e7,9.9982099e7,7.561103e7,9.9223628e7,8.5389185e7,9.1856902e7,1.0033076e8,7.9282519e7,9.6035362e7,9.9926786e7,7.4864589e7,1.00341311e8,8.2962819e7,9.2940814e7,1.00906638e8,7.7547925e7,9.7414522e7,1.00150593e8,7.5207301e7,9.9907823e7,8.1519337e7,9.4562678e7,9.9655773e7,7.6307011e7,9.8937222e7,8.4721463e7,9.0351184e7,9.96866e7,7.9940081e7,9.6154193e7,1.0002831e8,7.5741129e7,9.9336157e7,8.3702868e7,9.1077105e7,9.9965258e7]}],["Trial",{"allocs":1115229,"gctimes":[0.0,1.3480569e7,0.0,1.4033819e7,1.4399595e7,0.0,1.4408554e7,1.4001941e7,0.0,1.450046e7,0.0,1.4108789e7,1.4026743e7,0.0,1.4440721e7,0.0,1.3925347e7,1.366533e7,0.0,1.385362e7,1.4075886e7,0.0,1.4323523e7,0.0,1.4304076e7,1.3667556e7,0.0,1.4203975e7,1.3855516e7,0.0,1.439064e7,0.0,1.3865736e7,1.3701323e7,0.0,1.3880392e7,1.4210871e7,0.0,1.4450027e7,0.0,1.3945278e7,1.3939175e7,0.0,1.4307298e7,0.0,1.458595e7,1.4059324e7,0.0,1.398004e7,1.4411355e7,0.0,1.3844442e7,0.0,1.3660106e7,1.3736535e7],"memory":71554728,"params":["Parameters",{"gctrial":true,"time_tolerance":0.05,"samples":10000,"evals":1,"gcsample":false,"seconds":5.0,"overhead":0.0,"memory_tolerance":0.01}],"times":[9.0713451e7,1.01953627e8,8.2454414e7,9.2696604e7,1.01473256e8,7.8375787e7,9.8985753e7,1.01115629e8,7.5150651e7,1.00872165e8,8.287833e7,9.3940214e7,9.9997485e7,7.7318847e7,9.9040779e7,8.5101149e7,9.0071401e7,1.00359237e8,8.0532018e7,9.4487576e7,1.00633955e8,7.5798835e7,9.938641e7,8.5110964e7,9.136385e7,9.9991145e7,7.9702046e7,9.6086078e7,1.00384581e8,7.4967833e7,1.00356469e8,8.3548821e7,9.2118849e7,9.9701723e7,7.8255819e7,9.7450455e7,1.01492628e8,7.5610488e7,1.01066206e8,8.227284e7,9.4184689e7,1.01455547e8,7.7393892e7,9.8676169e7,8.6260095e7,9.0591884e7,1.0045981e8,8.2861835e7,9.481098e7,1.00867546e8,7.6697875e7,9.855921e7,8.4618435e7,9.0412334e7,1.00291548e8]}],["Trial",{"allocs":1115229,"gctimes":[0.0,1.3486957e7,0.0,1.4187494e7,1.4503637e7,0.0,1.418283e7,1.4041984e7,0.0,1.4254863e7,0.0,1.4049072e7,1.4044046e7,0.0,1.4443932e7,0.0,1.3926983e7,1.3724723e7,0.0,1.3730032e7,1.3996988e7,0.0,1.4139055e7,0.0,1.409167e7,1.3707808e7,0.0,1.3998009e7,1.3914684e7,0.0,1.4130899e7,0.0,1.4400739e7,1.3846297e7,0.0,1.474048e7,1.3910279e7,0.0,1.4327492e7,0.0,1.4084962e7,1.3883301e7,0.0,1.3961311e7,0.0,1.4016232e7,1.3572994e7,0.0,1.3619283e7,1.4013086e7,0.0,1.4235803e7,0.0,1.3964796e7,1.3821268e7],"memory":71554728,"params":["Parameters",{"gctrial":true,"time_tolerance":0.05,"samples":10000,"evals":1,"gcsample":false,"seconds":5.0,"overhead":0.0,"memory_tolerance":0.01}],"times":[9.1186667e7,1.02358643e8,8.1761777e7,9.2636219e7,1.02840435e8,7.798375e7,9.8041689e7,1.02391848e8,7.5046886e7,1.00675259e8,8.3950676e7,9.3864187e7,1.00473793e8,7.6712577e7,9.9211987e7,8.5174645e7,8.9991234e7,1.01844546e8,8.0942347e7,9.4344722e7,1.01894616e8,7.9231356e7,9.9154473e7,8.6203694e7,9.1275534e7,1.00361718e8,8.0160143e7,9.5578718e7,1.00675144e8,7.4753227e7,1.00107488e8,8.4645966e7,9.2457339e7,1.00029719e8,7.8218312e7,9.7733958e7,1.00599116e8,7.4725093e7,1.00339342e8,8.233253e7,9.3405564e7,1.01890407e8,7.7196764e7,9.7887371e7,8.7368148e7,9.0092785e7,1.00016415e8,8.1435089e7,9.4007047e7,9.9980266e7,7.5878447e7,9.9017676e7,8.5018694e7,9.0627906e7,1.00478454e8]}],["Trial",{"allocs":1115937,"gctimes":[0.0,1.3528167e7,0.0,1.4346577e7,1.4839764e7,0.0,1.4251151e7,1.4126274e7,0.0,1.4152419e7,0.0,1.4300444e7,1.4464607e7,0.0,1.4169342e7,0.0,1.4359836e7,1.3756577e7,0.0,1.4093168e7,1.4120302e7,0.0,1.3965215e7,0.0,1.3858307e7,1.4349529e7,0.0,1.3992041e7,1.4100711e7,0.0,1.4203138e7,0.0,1.4298113e7,1.383433e7,0.0,1.4191763e7,1.4468442e7,0.0,1.4270075e7,0.0,1.4443694e7,1.3819575e7,0.0,1.4049182e7,0.0,0.0,1.4079985e7,0.0,1.4010149e7,1.4006945e7,0.0,1.4022699e7,0.0,1.389423e7,1.3629196e7],"memory":71600040,"params":["Parameters",{"gctrial":true,"time_tolerance":0.05,"samples":10000,"evals":1,"gcsample":false,"seconds":5.0,"overhead":0.0,"memory_tolerance":0.01}],