{"lengs":[10.0,21.544346900318835,46.41588833612779,100.0,215.44346900318845,464.15888336127773,1000.0],"benchmarks":[["Trial",{"allocs":13,"gctimes":[0.0,0.0,0.0,0.0,0.0,0.0,0.0,0.0],"memory":90944,"params":["Parameters",{"gctrial":true,"time_tolerance":0.05,"samples":10000,"evals":1,"gcsample":false,"seconds":5.0,"overhead":0.0,"memory_tolerance":0.01}],"times":[6.9440702e7,4.81458151e8,7.12636594e8,5.26922934e8,7.39279891e8,8.29377836e8,1.305241109e9,1.153252933e9]}],["Trial",{"allocs":13,"gctimes":[0.0],"memory":90944,"params":["Parameters",{"gctrial":true,"time_tolerance":0.05,"samples":10000,"evals":1,"gcsample":false,"seconds":5.0,"overhead":0.0,"memory_tolerance":0.01}],"times":[5.379949008e9]}],["Trial",{"allocs":13,"gctimes":[0.0],"memory":90944,"params":["Parameters",{"gctrial":true,"time_tolerance":0.05,"samples":10000,"evals":1,"gcsample":false,"seconds":5.0,"overhead":0.0,"memory_tolerance":0.01}],"times":[2.1774507453e10]}],["Trial",{"allocs":13,"gctimes":[0.0],"memory":90944,"params":["Parameters",{"gctrial":true,"time_tolerance":0.05,"samples":10000,"evals":1,"gcsample":false,"seconds":5.0,"overhead":0.0,"memory_tolerance":0.01}],"times":[5.3986254146e10]}],["Trial",{"allocs":13,"gctimes":[0.0],"memory":90944,"params":["Parameters",{"gctrial":true,"time_tolerance":0.05,"samples":10000,"evals":1,"gcsample":false,"seconds":5.0,"overhead":0.0,"memory_tolerance":0.01}],"times":[1.29784532347e11]}],["Trial",{"allocs":13,"gctimes":[0.0],"memory":90944,"params":["Parameters",{"gctrial":true,"time_tolerance":0.05,"samples":10000,"evals":1,"gcsample":false,"seconds":5.0,"overhead":0.0,"memory_tolerance":0.01}],"times":[2.85854304015e11]}],["Trial",{"allocs":13,"gctimes":[0.0],"memory":90944,"params":["Parameters",{"gctrial":true,"time_tolerance":0.05,"samples":10000,"evals":1,"gcsample":false,"seconds":5.0,"overhead":0.0,"memory_tolerance":0.01}],"times":[6.47251234195e11]}]],"medians":[725.9582425,5379.949008,21774.507453,53986.254146,129784.532347,285854.304015,647251.234195]}