{"lengs":[10.0,21.544346900318835,46.41588833612779,100.0,215.44346900318845,464.15888336127773,1000.0],"benchmarks":[["Trial",{"allocs":820,"gctimes":[0.0,0.0,0.0,0.0,0.0,0.0,0.0,0.0,0.0,0.0,0.0,0.0,0.0,0.0,0.0,0.0,0.0,0.0,0.0,0.0,0.0,0.0,0.0,0.0,0.0,0.0,0.0,0.0,0.0,0.0,0.0,0.0,0.0,0.0,0.0,0.0,0.0,0.0,0.0],"memory":2944880,"params":["Parameters",{"gctrial":true,"time_tolerance":0.05,"samples":10000,"evals":1,"gcsample":false,"seconds":5.0,"overhead":0.0,"memory_tolerance":0.01}],"times":[1.30994997e8,1.34182853e8,1.36680792e8,1.38814515e8,1.27283542e8,1.37481519e8,1.24515136e8,1.19096151e8,1.21953419e8,1.29821682e8,1.31396723e8,1.30446519e8,1.23196804e8,1.24946535e8,1.30016526e8,1.28140407e8,1.20173214e8,1.17957734e8,1.2803024e8,1.37338572e8,1.2743554e8,1.22626274e8,1.25656299e8,1.30071612e8,1.33182472e8,1.29984384e8,1.29872676e8,1.28834299e8,1.33193996e8,1.24622203e8,1.30653715e8,1.34970112e8,1.27017671e8,1.22109712e8,1.30068717e8,1.30509196e8,1.28606129e8,1.3203539e8,1.24670713e8]}],["Trial",{"allocs":872,"gctimes":[0.0,0.0,0.0,0.0,0.0,0.0,0.0,0.0,0.0,0.0,0.0,0.0,0.0,0.0,0.0,0.0,0.0,0.0,0.0,0.0,0.0,0.0,0.0,0.0,0.0,0.0,0.0,0.0,0.0,0.0,0.0,0.0,0.0,0.0,0.0,0.0],"memory":3063024,"params":["Parameters",{"gctrial":true,"time_tolerance":0.05,"samples":10000,"evals":1,"gcsample":false,"seconds":5.0,"overhead":0.0,"memory_tolerance":0.01}],"times":[1.47178141e8,1.50648007e8,1.47881884e8,1.46371431e8,1.41931712e8,1.54252779e8,1.43361609e8,1.42292263e8,1.40664755e8,1.38558939e8,1.46100571e8,1.58034569e8,1.37293245e8,1.38978747e8,1.45823332e8,1.39210285e8,1.35318427e8,1.4049662e8,1.34831005e8,1.38474728e8,1.39794504e8,1.40415241e8,1.43844744e8,1.40436858e8,1.47793104e8,1.42006208e8,1.39343262e8,1.49122214e8,1.37345909e8,1.40013235e8,1.38621601e8,1.4201208e8,1.4358675e8,1.44109259e8,1.4185791e8,1.40997169e8]}],["Trial",{"allocs":1000,"gctimes":[0.0,0.0,0.0,0.0,0.0,0.0,0.0,0.0,0.0,0.0,0.0,0.0,0.0,0.0,0.0,0.0,0.0,0.0,0.0,0.0,0.0,0.0,0.0,0.0,0.0,0.0,0.0,0.0,0.0,0.0],"memory":3311920,"params":["Parameters",{"gctrial":true,"time_tolerance":0.05,"samples":10000,"evals":1,"gcsample":false,"seconds":5.0,"overhead":0.0,"memory_tolerance":0.01}],"times":[1.76957375e8,1.76295333e8,1.74120066e8,1.73918477e8,1.66961743e8,1.76500338e8,1.6982652e8,1.68678174e8,1.67322163e8,1.63920534e8,1.69880835e8,1.87961321e8,1.67051172e8,1.67932287e8,1.74827875e8,1.695397e8,1.6580896e8,1.70719824e8,1.68123374e8,1.6771478e8,1.664793e8,1.65129299e8,1.71732487e8,1.70178662e8,1.73790171e8,1.65330512e8,1.69220857e8,1.80493091e8,1.66941515e8,1.66218056e8]}],["Trial",{"allocs":1098,"gctimes":[0.0,0.0,0.0,0.0,0.0,0.0,0.0,0.0,0.0,0.0,0.0,0.0,0.0,0.0,0.0,0.0,0.0,0.0,0.0,0.0,0.0,0.0,0.0,0.0,0.0,0.0],"memory":3482176,"params":["Parameters",{"gctrial":true,"time_tolerance":0.05,"samples":10000,"evals":1,"gcsample":false,"seconds":5.0,"overhead":0.0,"memory_tolerance":0.01}],"times":[1.98409205e8,2.00067994e8,1.97748582e8,1.94400977e8,1.88819264e8,1.99633937e8,1.93057458e8,1.90612793e8,1.91686558e8,1.85857168e8,1.91806922e8,2.04848494e8,1.95451807e8,1.92512646e8,1.9781597e8,1.95353909e8,1.97097474e8,1.98347917e8,1.91131029e8,1.95307147e8,1.93865553e8,1.96424167e8,1.93393006e8,2.01262072e8,2.0614364e8,1.98695395e8]}],["Trial",{"allocs":1168,"gctimes":[0.0,0.0,0.0,0.0,0.0,0.0,0.0,0.0,0.0,0.0,0.0,0.0,0.0,0.0,0.0,0.0,0.0,0.0,0.0,0.0,0.0,0.0,0.0,0.0],"memory":3609776,"params":["Parameters",{"gctrial":true,"time_tolerance":0.05,"samples":10000,"evals":1,"gcsample":false,"seconds":5.0,"overhead":0.0,"memory_tolerance":0.01}],"times":[2.37960517e8,2.11212905e8,2.08222673e8,2.04950533e8,2.03262561e8,2.10661538e8,2.05248948e8,2.05111372e8,2.04622626e8,2.05154737e8,2.09501392e8,2.65180355e8,2.17073076e8,2.15212124e8,2.24183714e8,2.15828013e8,2.11436898e8,2.1582371e8,2.10390263e8,2.22355745e8,2.21150023e8,2.16779022e8,2.22059905e8,2.1165445e8]}],["Trial",{"allocs":1224,"gctimes":[0.0,0.0,0.0,0.0,0.0,0.0,0.0,0.0,0.0,0.0,0.0,0.0,0.0,0.0,0.0,0.0,0.0,0.0,0.0,0.0,0.0],"memory":3695088,"params":["Parameters",{"gctrial":true,"time_tolerance":0.05,"samples":10000,"evals":1,"gcsample":false,"seconds":5.0,"overhead":0.0,"memory_tolerance":0.01}],"times":[2.50130046e8,2.54250555e8,2.60790078e8,2.55444199e8,2.49765001e8,2.33674628e8,2.43573064e8,2.31119167e8,2.26246101e8,2.21738546e8,2.39850839e8,2.87231174e8,2.27631129e8,2.31467967e8,2.43209773e8,2.28088791e8,2.23928028e8,2.26033784e8,2.22010573e8,2.32027313e8,2.37721133e8]}],["Trial",{"allocs":1254,"gctimes":[0.0,0.0,0.0,0.0,0.0,0.0,0.0,0.0,0.0,0.0,0.0,0.0,0.0,0.0,0.0,0.0,0.0,0.0,0.0,0.0,0.0,0.0,0.0],"memory":3731808,"params":["Parameters",{"gctrial":true,"time_tolerance":0.05,"samples":10000,"evals":1,"gcsample":false,"seconds":5.0,"overhead":0.0,"memory_tolerance":0.01}],"times":[2.31517053e8,2.2850839e8,2.23378219e8,2.16425688e8,2.23070894e8,2.25732548e8,2.22082311e8,2.26586672e8,2.21438056e8,2.18817284e8,2.20990249e8,2.6879986e8,2.23601565e8,2.30993315e8,2.36203591e8,2.22409093e8,2.1903668e8,2.23418167e8,2.21216252e8,2.24330739e8,2.23428859e8,2.29613013e8,2.28019862e8]}]],"medians":[129.821682,141.894811,169.3802785,195.402858,211.545674,233.674628,223.428859]}