{"lengs":[10.0,21.544346900318835,46.41588833612779,100.0,215.44346900318845,464.15888336127773,1000.0],"benchmarks":[["Trial",{"allocs":21660,"gctimes":[0.0,0.0,0.0,0.0],"memory":87262976,"params":["Parameters",{"gctrial":true,"time_tolerance":0.05,"samples":10000,"evals":1,"gcsample":false,"seconds":5.0,"overhead":0.0,"memory_tolerance":0.01}],"times":[1.44681222e9,1.457478411e9,1.455738453e9,1.461348451e9]}],["Trial",{"allocs":24118,"gctimes":[0.0,0.0,0.0],"memory":101010912,"params":["Parameters",{"gctrial":true,"time_tolerance":0.05,"samples":10000,"evals":1,"gcsample":false,"seconds":5.0,"overhead":0.0,"memory_tolerance":0.01}],"times":[1.816668402e9,1.801217491e9,1.798802905e9]}],["Trial",{"allocs":26998,"gctimes":[0.0,0.0,0.0],"memory":119133568,"params":["Parameters",{"gctrial":true,"time_tolerance":0.05,"samples":10000,"evals":1,"gcsample":false,"seconds":5.0,"overhead":0.0,"memory_tolerance":0.01}],"times":[2.27939505e9,2.261677758e9,2.288471801e9]}],["Trial",{"allocs":30821,"gctimes":[0.0,0.0],"memory":146549264,"params":["Parameters",{"gctrial":true,"time_tolerance":0.05,"samples":10000,"evals":1,"gcsample":false,"seconds":5.0,"overhead":0.0,"memory_tolerance":0.01}],"times":[3.041420183e9,3.02972262e9]}],["Trial",{"allocs":34746,"gctimes":[0.0,0.0],"memory":178388720,"params":["Parameters",{"gctrial":true,"time_tolerance":0.05,"samples":10000,"evals":1,"gcsample":false,"seconds":5.0,"overhead":0.0,"memory_tolerance":0.01}],"times":[3.991047115e9,3.956288999e9]}],["Trial",{"allocs":38708,"gctimes":[0.0],"memory":214057168,"params":["Parameters",{"gctrial":true,"time_tolerance":0.05,"samples":10000,"evals":1,"gcsample":false,"seconds":5.0,"overhead":0.0,"memory_tolerance":0.01}],"times":[5.074251512e9]}],["Trial",{"allocs":44235,"gctimes":[0.0],"memory":265185968,"params":["Parameters",{"gctrial":true,"time_tolerance":0.05,"samples":10000,"evals":1,"gcsample":false,"seconds":5.0,"overhead":0.0,"memory_tolerance":0.01}],"times":[6.8251665e9]}]],"medians":[1456.608432,1801.217491,2279.39505,3035.5714015,3973.668057,5074.251512,6825.1665]}