{"lengs":[10.0,21.544346900318835,46.41588833612779,100.0,215.44346900318845,464.15888336127773,1000.0],"benchmarks":[["Trial",{"allocs":7086,"gctimes":[0.0,0.0,0.0,0.0,0.0,0.0,0.0,0.0,0.0,0.0,0.0,0.0,0.0,0.0,0.0,0.0,0.0,0.0,0.0,0.0,0.0,0.0,0.0,0.0,0.0,0.0,0.0,0.0,0.0,0.0,0.0,0.0,0.0,0.0,0.0,0.0,0.0,0.0,0.0,0.0,0.0,0.0,0.0,0.0,0.0,0.0,0.0,0.0,0.0,0.0,0.0,0.0,0.0,0.0,0.0,0.0,0.0,0.0,0.0,0.0,0.0],"memory":1221600,"params":["Parameters",{"gctrial":true,"time_tolerance":0.05,"samples":10000,"evals":1,"gcsample":false,"seconds":5.0,"overhead":0.0,"memory_tolerance":0.01}],"times":[8.2839435e7,8.2686923e7,8.2283588e7,8.3113552e7,8.3526396e7,8.3602418e7,8.2715083e7,8.2125511e7,8.2197851e7,8.221005e7,8.2214888e7,8.2852101e7,8.2366238e7,8.1985264e7,8.2138427e7,8.1880759e7,8.186085e7,8.2498225e7,8.2145698e7,8.2052691e7,8.2720198e7,8.2421728e7,8.2079385e7,8.2489604e7,8.1928063e7,8.1968551e7,8.2258408e7,8.179141e7,8.2433745e7,8.205164e7,8.2022978e7,8.2831592e7,8.2361403e7,8.2288049e7,8.245326e7,8.1802867e7,8.2064313e7,8.2753e7,8.242151e7,8.2066796e7,8.2211996e7,8.2543401e7,8.1992363e7,8.2249233e7,8.2137936e7,8.2008051e7,8.218557e7,8.2569877e7,8.2705541e7,8.2529223e7,8.2283911e7,8.2348189e7,8.2300845e7,8.2904913e7,8.207438e7,8.2057336e7,8.2089149e7,8.3385038e7,8.3218167e7,8.3862224e7,8.2961584e7]}],["Trial",{"allocs":15918,"gctimes":[0.0,0.0,0.0,0.0,0.0,0.0,0.0,0.0,0.0,0.0,0.0,0.0,0.0,0.0,0.0,0.0,0.0,0.0,0.0,0.0,0.0,0.0,0.0,0.0,0.0,0.0],"memory":1882336,"params":["Parameters",{"gctrial":true,"time_tolerance":0.05,"samples":10000,"evals":1,"gcsample":false,"seconds":5.0,"overhead":0.0,"memory_tolerance":0.01}],"times":[1.97218337e8,1.96288327e8,1.98161288e8,1.97382523e8,1.96998191e8,1.9661106e8,1.96894237e8,1.96977314e8,2.05212233e8,1.96113042e8,1.96339412e8,1.97431012e8,1.9656845e8,1.97178623e8,1.97047042e8,1.97944073e8,1.96701617e8,1.96611933e8,1.96551672e8,1.96816057e8,1.9629611e8,1.96578803e8,1.97630133e8,1.9706571e8,1.96875471e8,1.96535718e8]}],["Trial",{"allocs":32019,"gctimes":[0.0,0.0,0.0,0.0,0.0,0.0,0.0,0.0,0.0,0.0,0.0,0.0,0.0],"memory":2995584,"params":["Parameters",{"gctrial":true,"time_tolerance":0.05,"samples":10000,"evals":1,"gcsample":false,"seconds":5.0,"overhead":0.0,"memory_tolerance":0.01}],"times":[4.03586336e8,4.0791302e8,4.09531975e8,4.05034218e8,4.07276916e8,4.03144775e8,4.0916451e8,4.09484856e8,4.06569664e8,4.0164112e8,4.03092743e8,4.08990419e8,4.09469843e8]}],["Trial",{"allocs":45399,"gctimes":[0.0,0.0,0.0,0.0,0.0,0.0,0.0,0.0,0.0],"memory":4081824,"params":["Parameters",{"gctrial":true,"time_tolerance":0.05,"samples":10000,"evals":1,"gcsample":false,"seconds":5.0,"overhead":0.0,"memory_tolerance":0.01}],"times":[5.91161426e8,5.83811791e8,5.89164956e8,5.90157375e8,5.91887565e8,5.83013679e8,5.79901622e8,5.85755162e8,5.86361433e8]}],["Trial",{"allocs":55679,"gctimes":[0.0,0.0,0.0,0.0,0.0,0.0,0.0],"memory":4870688,"params":["Parameters",{"gctrial":true,"time_tolerance":0.05,"samples":10000,"evals":1,"gcsample":false,"seconds":5.0,"overhead":0.0,"memory_tolerance":0.01}],"times":[7.19579093e8,7.25983451e8,7.24317364e8,7.17928975e8,7.24724953e8,7.24533784e8,7.18827212e8]}],["Trial",{"allocs":62953,"gctimes":[0.0,0.0,0.0,0.0,0.0,0.0,0.0],"memory":5332320,"params":["Parameters",{"gctrial":true,"time_tolerance":0.05,"samples":10000,"evals":1,"gcsample":false,"seconds":5.0,"overhead":0.0,"memory_tolerance":0.01}],"times":[8.15930403e8,8.14703118e8,8.21181475e8,8.12523789e8,8.20015521e8,8.08158011e8,8.06727217e8]}],["Trial",{"allocs":64389,"gctimes":[0.0,0.0,0.0,0.0,0.0,0.0,0.0],"memory":5413088,"params":["Parameters",{"gctrial":true,"time_tolerance":0.05,"samples":10000,"evals":1,"gcsample":false,"seconds":5.0,"overhead":0.0,"memory_tolerance":0.01}],"times":[8.3629625e8,8.43853162e8,8.29587913e8,8.28474095e8,8.2617953e8,8.28362911e8,8.26932252e8]}]],"medians":[82.283911,196.884854,407.276916,586.361433,724.317364,814.703118,828.474095]}