{"lengs":[10.0,21.544346900318835,46.41588833612779,100.0,215.44346900318845,464.15888336127773,1000.0],"benchmarks":[["Trial",{"allocs":715367,"gctimes":[0.0],"memory":57370784,"params":["Parameters",{"gctrial":true,"time_tolerance":0.05,"samples":10000,"evals":1,"gcsample":false,"seconds":5.0,"overhead":0.0,"memory_tolerance":0.01}],"times":[1.459943265676e12]}],["Trial",{"allocs":895915,"gctimes":[0.0],"memory":70851632,"params":["Parameters",{"gctrial":true,"time_tolerance":0.05,"samples":10000,"evals":1,"gcsample":false,"seconds":5.0,"overhead":0.0,"memory_tolerance":0.01}],"times":[1.821984990412e12]}],["Trial",{"allocs":1128923,"gctimes":[0.0],"memory":87508448,"params":["Parameters",{"gctrial":true,"time_tolerance":0.05,"samples":10000,"evals":1,"gcsample":false,"seconds":5.0,"overhead":0.0,"memory_tolerance":0.01}],"times":[2.253740041774e12]}],["Trial",{"allocs":1332157,"gctimes":[0.0],"memory":103543520,"params":["Parameters",{"gctrial":true,"time_tolerance":0.05,"samples":10000,"evals":1,"gcsample":false,"seconds":5.0,"overhead":0.0,"memory_tolerance":0.01}],"times":[2.443454338512e12]}],["Trial",{"allocs":1407853,"gctimes":[0.0],"memory":113038112,"params":["Parameters",{"gctrial":true,"time_tolerance":0.05,"samples":10000,"evals":1,"gcsample":false,"seconds":5.0,"overhead":0.0,"memory_tolerance":0.01}],"times":[2.559622779269e12]}],["Trial",{"allocs":1679952,"gctimes":[0.0],"memory":143541536,"params":["Parameters",{"gctrial":true,"time_tolerance":0.05,"samples":10000,"evals":1,"gcsample":false,"seconds":5.0,"overhead":0.0,"memory_tolerance":0.01}],"times":[3.030379853341e12]}],["Trial",{"allocs":2065670,"gctimes":[0.0],"memory":187863152,"params":["Parameters",{"gctrial":true,"time_tolerance":0.05,"samples":10000,"evals":1,"gcsample":false,"seconds":5.0,"overhead":0.0,"memory_tolerance":0.01}],"times":[3.669507014962e12]}]],"medians":[1.459943265676e6,1.821984990412e6,2.253740041774e6,2.443454338512e6,2.559622779269e6,3.030379853341e6,3.669507014962e6]}