{"lengs":[10.0,21.544346900318835,46.41588833612779,100.0,215.44346900318845,464.15888336127773,1000.0],"benchmarks":[["Trial",{"allocs":4187881,"gctimes":[1.9988777e7,4.0102735e7,2.0642902e7],"memory":253944600,"params":["Parameters",{"gctrial":true,"time_tolerance":0.05,"samples":10000,"evals":1,"gcsample":false,"seconds":5.0,"overhead":0.0,"memory_tolerance":0.01}],"times":[2.31401671e9,2.305599585e9,2.310567651e9]}],["Trial",{"allocs":4854041,"gctimes":[1.9220935e7,4.1210669e7],"memory":294069080,"params":["Parameters",{"gctrial":true,"time_tolerance":0.05,"samples":10000,"evals":1,"gcsample":false,"seconds":5.0,"overhead":0.0,"memory_tolerance":0.01}],"times":[2.85341395e9,2.675247095e9]}],["Trial",{"allocs":5853284,"gctimes":[4.0056406e7,4.1852606e7],"memory":354354680,"params":["Parameters",{"gctrial":true,"time_tolerance":0.05,"samples":10000,"evals":1,"gcsample":false,"seconds":5.0,"overhead":0.0,"memory_tolerance":0.01}],"times":[3.440772782e9,3.211101716e9]}],["Trial",{"allocs":6162140,"gctimes":[3.9206334e7,4.1982396e7],"memory":372957848,"params":["Parameters",{"gctrial":true,"time_tolerance":0.05,"samples":10000,"evals":1,"gcsample":false,"seconds":5.0,"overhead":0.0,"memory_tolerance":0.01}],"times":[3.475239004e9,3.439454806e9]}],["Trial",{"allocs":6304456,"gctimes":[3.9498125e7,4.2394786e7],"memory":381529896,"params":["Parameters",{"gctrial":true,"time_tolerance":0.05,"samples":10000,"evals":1,"gcsample":false,"seconds":5.0,"overhead":0.0,"memory_tolerance":0.01}],"times":[3.544871383e9,3.469403446e9]}],["Trial",{"allocs":6343820,"gctimes":[4.0246748e7,4.1578463e7],"memory":383900888,"params":["Parameters",{"gctrial":true,"time_tolerance":0.05,"samples":10000,"evals":1,"gcsample":false,"seconds":5.0,"overhead":0.0,"memory_tolerance":0.01}],"times":[3.513868198e9,3.492739429e9]}],["Trial",{"allocs":6346848,"gctimes":[3.8981684e7,4.1661785e7],"memory":384083272,"params":["Parameters",{"gctrial":true,"time_tolerance":0.05,"samples":10000,"evals":1,"gcsample":false,"seconds":5.0,"overhead":0.0,"memory_tolerance":0.01}],"times":[3.583988141e9,3.518051603e9]}]],"medians":[2310.567651,2764.3305225,3325.937249,3457.346905,3507.1374145,3503.3038135,3551.019872]}