{"lengs":[10.0,21.544346900318835,46.41588833612779,100.0,215.44346900318845,464.15888336127773,1000.0],"benchmarks":[["Trial",{"allocs":3981,"gctimes":[0.0,0.0,0.0,0.0,0.0,0.0,0.0,0.0,0.0,0.0,0.0,0.0,0.0,0.0,0.0,0.0,0.0,0.0,0.0,0.0,0.0,0.0,0.0,0.0,0.0,0.0,0.0,0.0,0.0,0.0,0.0,0.0,0.0,0.0,0.0,0.0,0.0,0.0,0.0,0.0,0.0,0.0,0.0,0.0,0.0,0.0,0.0,0.0,0.0,0.0,0.0,0.0,0.0,1.2267509e7,0.0,0.0,0.0,0.0,0.0,0.0,0.0,0.0,0.0,0.0,0.0,0.0,0.0,0.0,0.0,0.0,0.0,0.0,0.0,0.0,0.0,0.0,0.0,0.0,0.0,0.0,0.0],"memory":2760656,"params":["Parameters",{"gctrial":true,"time_tolerance":0.05,"samples":10000,"evals":1,"gcsample":false,"seconds":5.0,"overhead":0.0,"memory_tolerance":0.01}],"times":[7.3241275e7,6.1770569e7,6.0908507e7,6.0627757e7,6.0431004e7,6.125536e7,6.0996958e7,6.0584354e7,6.0884166e7,6.0891373e7,6.0961272e7,6.1857887e7,6.1763189e7,6.1389001e7,6.1148881e7,6.0960647e7,6.1296167e7,6.1522064e7,6.1264534e7,6.1552745e7,6.1161631e7,6.1198874e7,6.1590886e7,6.1545611e7,6.1306832e7,6.1372823e7,6.1616389e7,6.0551242e7,6.1770526e7,6.2080847e7,6.1809241e7,6.1898981e7,6.1550813e7,6.0306443e7,6.0771581e7,6.0250523e7,6.0521667e7,6.0259388e7,6.0714245e7,6.0518588e7,6.077904e7,6.0776273e7,6.0300112e7,6.0844062e7,6.0309089e7,6.0929336e7,6.1712532e7,6.1008313e7,6.2171737e7,6.0837369e7,6.154922e7,6.195523e7,6.2083252e7,9.2909496e7,6.0832687e7,6.1126983e7,6.1149573e7,6.0830245e7,6.1092234e7,6.0914711e7,6.1029087e7,6.0930835e7,6.0734188e7,6.0886508e7,6.1340485e7,6.1505703e7,6.1468645e7,6.1327013e7,6.1578583e7,6.1187298e7,6.1029737e7,6.1217112e7,6.1327791e7,6.120329e7,6.1183456e7,6.1412953e7,6.1257162e7,6.1207194e7,6.1569014e7,6.1056512e7,6.1490142e7]}],["Trial",{"allocs":5223,"gctimes":[0.0,0.0,0.0,0.0,0.0,0.0,0.0,0.0,0.0,0.0,0.0,0.0,0.0,0.0,0.0,0.0,0.0,0.0,0.0,0.0,0.0,0.0,0.0,0.0,0.0,0.0,0.0,0.0,0.0,0.0,0.0,0.0,0.0,0.0,0.0,0.0,0.0,0.0,0.0,0.0,1.2231268e7,0.0,0.0,0.0,0.0,0.0,0.0,0.0,0.0,0.0,0.0,0.0,0.0,0.0,0.0,0.0,0.0,0.0,0.0,0.0,0.0,0.0,0.0],"memory":3613648,"params":["Parameters",{"gctrial":true,"time_tolerance":0.05,"samples":10000,"evals":1,"gcsample":false,"seconds":5.0,"overhead":0.0,"memory_tolerance":0.01}],"times":[9.1991016e7,7.8910318e7,7.9121455e7,7.9067372e7,7.9155858e7,7.9169079e7,7.8490825e7,7.8687433e7,7.9337308e7,7.9121593e7,7.9266397e7,7.936967e7,7.9367232e7,7.9337927e7,8.0323528e7,7.9595414e7,7.9390057e7,7.9077945e7,7.8889339e7,7.8811475e7,7.9719552e7,7.8980209e7,7.8782982e7,7.9120197e7,8.0237666e7,7.8971407e7,7.9101218e7,7.9704398e7,8.0086802e7,7.8681703e7,7.8850948e7,8.0034225e7,8.0303519e7,7.9320588e7,7.8750627e7,7.9539419e7,8.1026848e7,7.9855985e7,8.0033931e7,8.0013249e7,1.11582675e8,8.0833878e7,8.0295927e7,8.0340072e7,8.0601563e7,8.0501749e7,8.0392188e7,8.091741e7,8.0250383e7,8.0542734e7,8.0680563e7,8.0450413e7,8.1002816e7,8.0968618e7,8.1035845e7,8.0321607e7,8.0348776e7,8.0908798e7,8.0913394e7,8.0655472e7,8.1145074e7,8.0466572e7,8.1250961e7]}],["Trial",{"allocs":6132,"gctimes":[0.0,0.0,0.0,0.0,0.0,0.0,0.0,0.0,0.0,0.0,0.0,0.0,0.0,0.0,0.0,0.0,0.0,0.0,0.0,0.0,0.0,0.0,0.0,0.0,0.0,0.0,0.0,0.0,0.0,0.0,0.0,0.0,0.0,0.0,1.2143848e7,0.0,0.0,0.0,0.0,0.0,0.0,0.0,0.0,0.0,0.0,0.0,0.0,0.0,0.0,0.0,0.0,0.0,0.0],"memory":4243696,"params":["Parameters",{"gctrial":true,"time_tolerance":0.05,"samples":10000,"evals":1,"gcsample":false,"seconds":5.0,"overhead":0.0,"memory_tolerance":0.01}],"times":[1.03459729e8,9.1931459e7,9.1199977e7,9.1642755e7,9.1325748e7,9.1703816e7,9.1999335e7,9.1857255e7,9.1995497e7,9.226136e7,9.1817472e7,9.4685968e7,1.18684096e8,9.1836449e7,9.2830372e7,9.2752644e7,1.10709744e8,9.5113055e7,9.0717279e7,9.2260613e7,9.1176134e7,9.4509336e7,1.1334093e8,9.0978547e7,9.424022e7,1.15804966e8,9.2322717e7,9.3239187e7,9.7194079e7,1.14141686e8,9.0969772e7,9.3675328e7,9.566204e7,9.0389216e7,1.23147502e8,9.2603903e7,9.2668127e7,9.266067e7,9.2288625e7,9.2200378e7,9.2260738e7,9.1892536e7,9.2129714e7,9.2488169e7,9.1921709e7,9.2196413e7,9.2539127e7,9.235629e7,9.2187156e7,9.2267625e7,9.1890414e7,9.2549017e7,9.2362423e7]}],["Trial",{"allocs":6760,"gctimes":[0.0,0.0,0.0,0.0,0.0,0.0,0.0,0.0,0.0,0.0,0.0,0.0,0.0,0.0,0.0,0.0,0.0,0.0,0.0,0.0,0.0,0.0,0.0,0.0,0.0,0.0,0.0,0.0,0.0,0.0,0.0,1.205221e7,0.0,0.0,0.0,0.0,0.0,0.0,0.0,0.0,0.0,0.0,0.0,0.0,0.0,0.0,0.0,0.0,0.0,0.0,0.0,0.0,0.0],"memory":4696400,"params":["Parameters",{"gctrial":true,"time_tolerance":0.05,"samples":10000,"evals":1,"gcsample":false,"seconds":5.0,"overhead":0.0,"memory_tolerance":0.01}],"times":[1.08489996e8,9.5593097e7,9.4962318e7,9.5098887e7,9.5732462e7,9.5541093e7,9.5093038e7,9.5461082e7,9.5345593e7,9.5488061e7,9.546371e7,9.5311488e7,9.541173e7,9.5221206e7,9.5121148e7,9.5454509e7,9.5197867e7,9.5247472e7,9.5514628e7,9.7217608e7,9.6511084e7,9.4764707e7,9.4342204e7,9.3881747e7,9.4203802e7,9.6424462e7,9.6387113e7,9.6731465e7,9.4330705e7,9.4791044e7,9.4272703e7,1.29499478e8,9.4932083e7,9.3977059e7,9.3783137e7,9.3087712e7,9.3370546e7,9.3412769e7,9.4464382e7,9.4201743e7,9.3342937e7,9.3521204e7,9.3831481e7,9.3499064e7,9.4326802e7,9.322257e7,9.2702822e7,9.2855759e7,9.2554326e7,9.4730671e7,9.5361593e7,9.3801185e7,9.5962891e7]}],["Trial",{"allocs":7035,"gctimes":[0.0,0.0,0.0,0.0,0.0,0.0,0.0,0.0,0.0,0.0,0.0,0.0,0.0,0.0,0.0,0.0,0.0,0.0,0.0,0.0,0.0,0.0,0.0,0.0,0.0,0.0,0.0,0.0,0.0,0.0,1.1808337e7,0.0,0.0,0.0,0.0,0.0,0.0,0.0,0.0,0.0,0.0,0.0,0.0,0.0,0.0,0.0,0.0,0.0,0.0,0.0,0.0,0.0],"memory":4882064,"params":["Parameters",{"gctrial":true,"time_tolerance":0.05,"samples":10000,"evals":1,"gcsample":false,"seconds":5.0,"overhead":0.0,"memory_tolerance":0.01}],"times":[1.09509067e8,9.6454729e7,9.6052533e7,9.6158749e7,9.5669281e7,9.5907993e7,9.6005075e7,9.5536205e7,9.5780337e7,9.5869421e7,9.5328546e7,9.6314546e7,9.5879094e7,9.5487008e7,9.5846502e7,9.5366056e7,9.574722e7,9.5587912e7,9.5107988e7,9.544704e7,9.6128306e7,9.5606752e7,9.7334937e7,9.7012156e7,9.5362416e7,9.5239045e7,9.5386958e7,9.8022941e7,9.564534e7,9.5706786e7,1.27378757e8,9.6843581e7,9.7614186e7,9.6913091e7,9.6463557e7,9.6809914e7,9.6637018e7,9.6735319e7,9.6505068e7,9.6849228e7,9.6441208e7,9.56953e7,9.6153126e7,9.6917007e7,9.7659356e7,9.7497116e7,9.8090849e7,1.00457802e8,9.8431355e7,9.8070867e7,9.7267678e7,9.7749641e7]}],["Trial",{"allocs":7433,"gctimes":[0.0,0.0,0.0,0.0,0.0,0.0,0.0,0.0,0.0,0.0,0.0,0.0,0.0,0.0,0.0,0.0,0.0,0.0,0.0,0.0,0.0,0.0,0.0,0.0,0.0,0.0,0.0,0.0,1.2055379e7,0.0,0.0,0.0,0.0,0.0,0.0,0.0,0.0,0.0,0.0,0.0,0.0,0.0,0.0,0.0,0.0,0.0,0.0,0.0,0.0],"memory":5159888,"params":["Parameters",{"gctrial":true,"time_tolerance":0.05,"samples":10000,"evals":1,"gcsample":false,"seconds":5.0,"overhead":0.0,"memory_tolerance":0.01}],"times":[1.14436074e8,1.02365801e8,1.02372706e8,1.01259576e8,1.01644455e8,1.03059369e8,1.0220011e8,1.0242717e8,1.02629761e8,1.00239936e8,9.8193893e7,1.01278378e8,1.05631839e8,1.03163183e8,1.02314453e8,1.01758547e8,1.00471176e8,1.00579407e8,9.9542553e7,1.00204546e8,1.01957986e8,1.01889997e8,1.00967793e8,1.00831852e8,1.01520221e8,1.01511377e8,1.01458725e8,1.00697735e8,1.31304416e8,1.02364626e8,1.0350634e8,1.01478205e8,1.00730679e8,9.9921493e7,1.00146597e8,1.01270468e8,1.0220093e8,1.01826694e8,1.04272175e8,1.05399414e8,1.02262931e8,1.01792436e8,1.0218284e8,1.00861417e8,1.03061013e8,1.0284425e8,1.00181437e8,9.7035631e7,9.8841977e7]}],["Trial",{"allocs":7405,"gctimes":[0.0,0.0,0.0,0.0,0.0,0.0,0.0,0.0,0.0,0.0,0.0,0.0,0.0,0.0,0.0,0.0,0.0,0.0,0.0,0.0,0.0,0.0,0.0,0.0,0.0,0.0,0.0,0.0,1.219232e7,0.0,0.0,0.0,0.0,0.0,0.0,0.0,0.0,0.0,0.0,0.0,0.0,0.0,0.0,0.0,0.0,0.0,0.0],"memory":5141296,"params":["Parameters",{"gctrial":true,"time_tolerance":0.05,"samples":10000,"evals":1,"gcsample":false,"seconds":5.0,"overhead":0.0,"memory_tolerance":0.01}],