{"lengs":[10.0,31.622776601683793,100.0,316.2277660168379,1000.0,3162.2776601683795,10000.0,31622.776601683792,100000.0],"benchmarks":[["Trial",{"allocs":215427,"gctimes":[4.600696e6,5.678076e6,5.982345e6,6.171834e6,5.738325e6,5.659089e6,5.817736e6,5.94502e6,5.8217e6,5.967658e6,6.162208e6,6.089665e6,6.239031e6,5.906001e6,5.972308e6,5.981134e6,6.111254e6,6.505882e6,0.0,5.664192e6,5.726058e6,5.968973e6,5.605143e6,5.695829e6,5.654582e6,5.634709e6,5.765384e6,5.788525e6,6.065526e6,6.146055e6,6.032367e6],"memory":126341016,"params":["Parameters",{"gctrial":true,"time_tolerance":0.05,"samples":10000,"evals":1,"gcsample":false,"seconds":5.0,"overhead":0.0,"memory_tolerance":0.01}],"times":[1.69585091e8,1.6708494e8,1.67942366e8,1.69304141e8,1.6596453e8,1.65137804e8,1.66086839e8,1.68191009e8,1.66053263e8,1.65841276e8,1.65977102e8,1.65766509e8,1.66909515e8,1.64404686e8,1.65908915e8,1.64342392e8,1.65316222e8,1.66072049e8,1.48846233e8,1.65343592e8,1.66174237e8,1.67127477e8,1.63804226e8,1.65748302e8,1.6381172e8,1.66208145e8,1.71756733e8,1.71698387e8,1.72712889e8,1.7368769e8,1.69553096e8]}],["Trial",{"allocs":215701,"gctimes":[4.737342e6,5.957263e6,6.314566e6,6.23363e6,5.937313e6,5.979361e6,6.0907e6,6.061666e6,6.15147e6,6.153823e6,6.168977e6,6.508324e6,6.461316e6,6.354786e6,6.227482e6,6.312059e6,6.226697e6,7.245059e6,6.452579e6,0.0,5.948005e6,5.849093e6,6.14546e6,6.477874e6,5.920563e6,5.996415e6,5.942132e6,5.89178e6,5.991243e6,6.041791e6],"memory":126501576,"params":["Parameters",{"gctrial":true,"time_tolerance":0.05,"samples":10000,"evals":1,"gcsample":false,"seconds":5.0,"overhead":0.0,"memory_tolerance":0.01}],"times":[1.72452527e8,1.70772627e8,1.72239479e8,1.68517419e8,1.66717722e8,1.68426835e8,1.71229041e8,1.71901218e8,1.70101837e8,1.68102259e8,1.71415924e8,1.72285408e8,1.68456271e8,1.69904598e8,1.67682634e8,1.72056854e8,1.69802435e8,1.6868683e8,1.67222795e8,1.54882136e8,1.66959647e8,1.67574786e8,1.69693645e8,1.72560311e8,1.71216512e8,1.72570608e8,1.71935537e8,1.67449056e8,1.69405162e8,1.72446664e8]}],["Trial",{"allocs":215701,"gctimes":[4.617122e6,5.439584e6,6.376372e6,6.211856e6,5.725573e6,5.911321e6,5.823006e6,7.68981e6,6.23618e6,5.829045e6,6.059994e6,6.750864e6,6.06549e6,5.96256e6,5.872852e6,5.977305e6,6.139991e6,6.066485e6,6.001382e6,0.0,5.991886e6,6.002702e6,5.827845e6,5.758051e6,5.586256e6,5.762729e6,5.77581e6,5.793661e6,6.357238e6,5.67399e6],"memory":126501576,"params":["Parameters",{"gctrial":true,"time_tolerance":0.05,"samples":10000,"evals":1,"gcsample":false,"seconds":5.0,"overhead":0.0,"memory_tolerance":0.01}],"times":[1.68693772e8,1.64445804e8,1.72051067e8,1.71436937e8,1.68994428e8,1.67505803e8,1.66741047e8,1.76750705e8,1.67263639e8,1.68850164e8,1.71641985e8,1.7240345e8,1.67802714e8,1.68112212e8,1.65278579e8,1.66585116e8,1.70621517e8,1.67639595e8,1.66236789e8,1.49300614e8,1.66325538e8,1.6750604e8,1.67292345e8,1.66541359e8,1.65851323e8,1.68863414e8,1.66503129e8,1.670211e8,1.68720263e8,1.65215802e8]}],["Trial",{"allocs":215838,"gctimes":[4.796755e6,5.908191e6,6.002207e6,5.802988e6,5.776186e6,5.764141e6,5.774302e6,6.167014e6,5.855076e6,6.229509e6,5.991449e6,6.19285e6,6.263393e6,6.172433e6,6.38108e6,6.246753e6,6.218674e6,6.355671e6,6.361366e6,0.0,5.721355e6,5.965106e6,5.724097e6,5.651722e6,6.209227e6,5.739732e6,5.707075e6,5.932343e6,6.230404e6,5.928481e6],"memory":126581856,"params":["Parameters",{"gctrial":true,"time_tolerance":0.05,"samples":10000,"evals":1,"gcsample":false,"seconds":5.0,"overhead":0.0,"memory_tolerance":0.01}],"times":[1.71903555e8,1.69588203e8,1.69382056e8,1.67456485e8,1.69506879e8,1.67432168e8,1.67963047e8,1.68688548e8,1.71873572e8,1.75689748e8,1.70871865e8,1.67995978e8,1.68242162e8,1.68855593e8,1.72596278e8,1.75931839e8,1.75724338e8,1.71559813e8,1.70370034e8,1.53677159e8,1.68646737e8,1.6838191e8,1.67380849e8,1.66516699e8,1.70279088e8,1.72331489e8,1.670502e8,1.70367815e8,1.69519825e8,1.68338703e8]}],["Trial",{"allocs":215838,"gctimes":[4.618856e6,5.503726e6,6.177598e6,6.011074e6,5.980638e6,5.896863e6,5.745407e6,6.264472e6,5.861855e6,5.76517e6,5.93985e6,6.009831e6,6.166615e6,6.005425e6,5.943693e6,6.551305e6,6.071269e6,5.961363e6,6.066247e6,0.0,5.641881e6,5.865229e6,5.650287e6,5.725145e6,5.665727e6,5.885033e6,5.711516e6,5.854395e6,5.739159e6,5.761761e6],"memory":126581856,"params":["Parameters",{"gctrial":true,"time_tolerance":0.05,"samples":10000,"evals":1,"gcsample":false,"seconds":5.0,"overhead":0.0,"memory_tolerance":0.01}],"times":[1.69869422e8,1.69273493e8,1.68794103e8,1.68320471e8,1.67603443e8,1.68371385e8,1.65746192e8,1.69649119e8,1.65805031e8,1.64532533e8,1.67003053e8,1.67848977e8,1.69198077e8,1.66622328e8,1.67326701e8,1.8160972e8,1.75259963e8,1.70641015e8,1.69807993e8,1.49967754e8,1.68174316e8,1.71168648e8,1.6845078e8,1.67894453e8,1.65809988e8,1.67247558e8,1.66632569e8,1.67404002e8,1.65176909e8,1.6807236e8]}],["Trial",{"allocs":215975,"gctimes":[4.988651e6,6.231116e6,6.408272e6,5.710881e6,5.599502e6,6.064338e6,6.247969e6,6.1178e6,6.071435e6,5.84672e6,6.275771e6,5.959016e6,6.08428e6,6.050349e6,6.323227e6,6.335806e6,6.248147e6,6.327137e6,6.253305e6,6.488392e6,0.0,5.812347e6,5.833397e6,5.909584e6,6.030021e6,5.841258e6,6.198797e6,5.950008e6,5.862955e6,5.846059e6],"memory":126662136,"params":["Parameters",{"gctrial":true,"time_tolerance":0.05,"samples":10000,"evals":1,"gcsample":false,"seconds":5.0,"overhead":0.0,"memory_tolerance":0.01}],"times":[1.74296528e8,1.75928649e8,1.73635819e8,1.66552065e8,1.66295444e8,1.74221012e8,1.71941533e8,1.73050168e8,1.73656857e8,1.66240706e8,1.70739709e8,1.70216156e8,1.69808387e8,1.69068308e8,1.71801236e8,1.73814164e8,1.72801105e8,1.69252497e8,1.73286059e8,1.73269248e8,1.55130728e8,1.69279646e8,1.7199249e8,1.74294428e8,1.73724662e8,1.73021283e8,1.75958341e8,1.73968757e8,1.73218892e8,1.73140794e8]}],["Trial",{"allocs":215975,"gctimes":[5.008057e6,5.475608e6,6.276766e6,5.943554e6,5.731941e6,5.886829e6,6.116054e6,5.92133e6,5.97334e6,5.898343e6,6.092458e6,6.353984e6,5.991179e6,6.039431e6,5.873058e6,6.133606e6,5.972458e6,6.231323e6,6.217328e6,6.093056e6,0.0,6.168631e6,5.992834e6,5.744067e6,6.0038e6,6.439106e6,6.142181e6,5.823841e6,5.762829e6,5.820398e6],"memory":126662136,"params":["Parameters",{"gctrial":true,"time_tolerance":0.05,"samples":10000,"evals":1,"gcsample":false,"seconds":5.0,"overhead":0.0,"memory_tolerance":0.01}],"times":[1.7594959e8,1.66687707e8,1.71260719e8,1.68600772e8,1.70457646e8,1.68338037e8,1.69846317e8,1.74987319e8,1.74517555e8,1.72883677e8,1.68450795e8,1.69457116e8,1.72301925e8,1.71108496e8,1.69271132e8,1.69691486e8,1.67214647e8,1.69724563e8,1.67913683e8,1.68761402e8,1.50574905e8,1.695288e8,1.71394434e8,1.71962398e8,1.71234548e8,1.77926268e8,1.76951746e8,1.68569668e8,1.69465465e8,1.71400491e8]}],["Trial",{"allocs":216112,"gctimes":[4.624068e6,5.519207e6,6.111333e6,5.983829e6,5.924931e6,5.95446e6,5.784342e6,5.775787e6,6.149873e6,5.898754e6,5.999231e6,6.138055e6,5.956412e6,6.037977e6,6.182457e6,6.065106e6,5.904636e6,6.493397e6,6.114751e6,6.359772e6,0.0,5.841818e6,5.980433e6,5.792849e6,5.643363e6,5.63745e6,6.088901e6,5.785413e6,5.860437e6,6.041834e6],"memory":126742416,"params":["Parameters",{"gctrial":true,"time_tolerance":0.05,"samples":10000,"evals":1,"gcsample":false,"seconds":5.0,"overhead":0.0,"memory_tolerance":0.01}],"times":[1.74080956e8,1.67750371e8,1.70511442e8,1.67360797e8,1.70283612e8,1.71235178e8,1.68960613e8,1.6554799e8,1.71245181e8,1.66794416e8,1.68506402e8,1.70718324e8,1.69352796e8,1.68665591e8,1.71432714e8,1.68621985e8,1.66706027e8,1.71990905e8,1.71468166e8,1.7191247e8,1.54534236e8,1.71304916e8,1.73835894e8,1.67578939e8,1.69503652e8,1.66701122e8,1.70851993e8,1.69852882e8,1.68557927e8,1.6643865e8]}],["Trial",{"allocs":216112,"gctimes":[4.600875e6,6.052125e6,6.159422e6,5.95025e6,5.768242e6,6.097471e6,5.690644e6,6.019899e6,5.954062e6,6.002469e6,6.024924e6,6.002184e6,6.217723e6,5.955386e6,5.996492e6,6.099464e6,5.927173e6,6.029505e6,5.964691e6,6.168714e6,0.0,5.726459e6,5.8126e6,5.856076e6,5.846246e6,5.674319e6,5.638721e6,5.949477e6,5.630185e6,6.026471e6],