{"lengs":[10.0,100.0,1000.0],"benchmarks":[["Trial",{"allocs":11730,"gctimes":[3.650356e6,3.785071e6,3.886454e6],"memory":372476960,"params":["Parameters",{"gctrial":true,"time_tolerance":0.05,"samples":10000,"evals":1,"gcsample":false,"seconds":5.0,"overhead":0.0,"memory_tolerance":0.01}],"times":[1.80353387e9,1.806934056e9,1.806915069e9]}],["Trial",{"allocs":14168,"gctimes":[3.641838e6,3.773398e6,3.87409e6],"memory":428708064,"params":["Parameters",{"gctrial":true,"time_tolerance":0.05,"samples":10000,"evals":1,"gcsample":false,"seconds":5.0,"overhead":0.0,"memory_tolerance":0.01}],"times":[2.088072633e9,2.090698983e9,2.090216708e9]}],["Trial",{"allocs":16495,"gctimes":[3.62913e6,3.801098e6,7.757005e6],"memory":478081232,"params":["Parameters",{"gctrial":true,"time_tolerance":0.05,"samples":10000,"evals":1,"gcsample":false,"seconds":5.0,"overhead":0.0,"memory_tolerance":0.01}],"times":[2.337841578e9,2.343076193e9,2.349681783e9]}]],"medians":[1806.915069,2090.216708,2343.076193]}