{"lengs":[10.0,21.544346900318835,46.41588833612779,100.0,215.44346900318845,464.15888336127773,1000.0],"benchmarks":[["Trial",{"allocs":10,"gctimes":[0.0,0.0,0.0,0.0,0.0,0.0,0.0,0.0,0.0,0.0,0.0,0.0,0.0,0.0,0.0,0.0,0.0,0.0,0.0],"memory":9968,"params":["Parameters",{"gctrial":true,"time_tolerance":0.05,"samples":10000,"evals":1,"gcsample":false,"seconds":5.0,"overhead":0.0,"memory_tolerance":0.01}],"times":[2.70179211e8,2.68211382e8,2.68855683e8,2.72038502e8,2.69178839e8,2.7294711e8,2.75403172e8,2.71386321e8,2.75421347e8,2.71023706e8,2.71772434e8,2.6997397e8,2.70223226e8,2.70377559e8,2.70835004e8,2.71422586e8,2.71716399e8,2.71504614e8,2.73091455e8]}],["Trial",{"allocs":10,"gctimes":[0.0,0.0,0.0,0.0,0.0,0.0,0.0,0.0,0.0],"memory":9968,"params":["Parameters",{"gctrial":true,"time_tolerance":0.05,"samples":10000,"evals":1,"gcsample":false,"seconds":5.0,"overhead":0.0,"memory_tolerance":0.01}],"times":[6.12067867e8,6.13184038e8,6.10475198e8,6.1241583e8,6.18633449e8,6.12970606e8,6.17267316e8,6.16233173e8,6.06194044e8]}],["Trial",{"allocs":10,"gctimes":[0.0,0.0,0.0,0.0,0.0],"memory":9968,"params":["Parameters",{"gctrial":true,"time_tolerance":0.05,"samples":10000,"evals":1,"gcsample":false,"seconds":5.0,"overhead":0.0,"memory_tolerance":0.01}],"times":[1.230660198e9,1.222006548e9,1.220524373e9,1.222741593e9,1.222845044e9]}],["Trial",{"allocs":10,"gctimes":[0.0,0.0],"memory":9968,"params":["Parameters",{"gctrial":true,"time_tolerance":0.05,"samples":10000,"evals":1,"gcsample":false,"seconds":5.0,"overhead":0.0,"memory_tolerance":0.01}],"times":[2.518056361e9,2.532207116e9]}],["Trial",{"allocs":10,"gctimes":[0.0],"memory":9968,"params":["Parameters",{"gctrial":true,"time_tolerance":0.05,"samples":10000,"evals":1,"gcsample":false,"seconds":5.0,"overhead":0.0,"memory_tolerance":0.01}],"times":[5.27313213e9]}],["Trial",{"allocs":10,"gctimes":[0.0],"memory":9968,"params":["Parameters",{"gctrial":true,"time_tolerance":0.05,"samples":10000,"evals":1,"gcsample":false,"seconds":5.0,"overhead":0.0,"memory_tolerance":0.01}],"times":[1.1243248827e10]}],["Trial",{"allocs":10,"gctimes":[0.0],"memory":9968,"params":["Parameters",{"gctrial":true,"time_tolerance":0.05,"samples":10000,"evals":1,"gcsample":false,"seconds":5.0,"overhead":0.0,"memory_tolerance":0.01}],"times":[2.4002306159e10]}]],"medians":[271.386321,612.970606,1222.741593,2525.1317385,5273.13213,11243.248827,24002.306159]}