{"lengs":[10.0,100.0,1000.0],"benchmarks":[["Trial",{"allocs":4558,"gctimes":[0.0,0.0,0.0,0.0,0.0,0.0,0.0],"memory":32781856,"params":["Parameters",{"gctrial":true,"time_tolerance":0.05,"samples":10000,"evals":1,"gcsample":false,"seconds":5.0,"overhead":0.0,"memory_tolerance":0.01}],"times":[7.19632229e8,7.21700435e8,7.15598753e8,7.20514883e8,7.15075145e8,7.1490504e8,7.18160519e8]}],["Trial",{"allocs":4684,"gctimes":[0.0,0.0,0.0,0.0,0.0,0.0],"memory":33575280,"params":["Parameters",{"gctrial":true,"time_tolerance":0.05,"samples":10000,"evals":1,"gcsample":false,"seconds":5.0,"overhead":0.0,"memory_tolerance":0.01}],"times":[8.73803609e8,8.76527091e8,8.78949861e8,8.68942874e8,8.67803338e8,8.69954721e8]}],["Trial",{"allocs":5003,"gctimes":[0.0,0.0,0.0,0.0,0.0],"memory":35712720,"params":["Parameters",{"gctrial":true,"time_tolerance":0.05,"samples":10000,"evals":1,"gcsample":false,"seconds":5.0,"overhead":0.0,"memory_tolerance":0.01}],"times":[1.216845481e9,1.215505782e9,1.217228737e9,1.218613022e9,1.20909994e9]}]],"medians":[718.160519,871.879165,1216.845481]}