{"lengs":[10.0,21.544346900318835,46.41588833612779,100.0,215.44346900318845,464.15888336127773,1000.0],"benchmarks":[["Trial",{"allocs":1201954480,"gctimes":[1.9797359855e10],"memory":113934108384,"params":["Parameters",{"gctrial":true,"time_tolerance":0.05,"samples":10000,"evals":1,"gcsample":false,"seconds":5.0,"overhead":0.0,"memory_tolerance":0.01}],"times":[1.20878330048e11]}],["Trial",{"allocs":1714770506,"gctimes":[2.8069423895e10],"memory":162547939376,"params":["Parameters",{"gctrial":true,"time_tolerance":0.05,"samples":10000,"evals":1,"gcsample":false,"seconds":5.0,"overhead":0.0,"memory_tolerance":0.01}],"times":[1.69875111945e11]}],["Trial",{"allocs":2183180675,"gctimes":[3.5490510611e10],"memory":206952192824,"params":["Parameters",{"gctrial":true,"time_tolerance":0.05,"samples":10000,"evals":1,"gcsample":false,"seconds":5.0,"overhead":0.0,"memory_tolerance":0.01}],"times":[2.20760222841e11]}],["Trial",{"allocs":2332155163,"gctimes":[3.6981115547e10],"memory":221074646520,"params":["Parameters",{"gctrial":true,"time_tolerance":0.05,"samples":10000,"evals":1,"gcsample":false,"seconds":5.0,"overhead":0.0,"memory_tolerance":0.01}],"times":[2.2794082174e11]}],["Trial",{"allocs":2412372195,"gctimes":[3.7579668482e10],"memory":228679044664,"params":["Parameters",{"gctrial":true,"time_tolerance":0.05,"samples":10000,"evals":1,"gcsample":false,"seconds":5.0,"overhead":0.0,"memory_tolerance":0.01}],"times":[2.35487459207e11]}],["Trial",{"allocs":2433858900,"gctimes":[3.8716666609e10],"memory":230715937024,"params":["Parameters",{"gctrial":true,"time_tolerance":0.05,"samples":10000,"evals":1,"gcsample":false,"seconds":5.0,"overhead":0.0,"memory_tolerance":0.01}],"times":[2.37957224906e11]}],["Trial",{"allocs":2436723794,"gctimes":[3.8708275047e10],"memory":230987522672,"params":["Parameters",{"gctrial":true,"time_tolerance":0.05,"samples":10000,"evals":1,"gcsample":false,"seconds":5.0,"overhead":0.0,"memory_tolerance":0.01}],"times":[2.42058487289e11]}]],"medians":[120878.330048,169875.111945,220760.222841,227940.82174,235487.459207,237957.224906,242058.487289]}