{"lengs":[10.0,21.544346900318835,46.41588833612779,100.0,215.44346900318845,464.15888336127773,1000.0],"benchmarks":[["Trial",{"allocs":14325,"gctimes":[0.0,0.0,0.0,0.0,0.0,0.0,0.0,0.0,0.0,0.0,0.0,0.0,0.0,7.352847e6,0.0,0.0,0.0,0.0,0.0],"memory":15215120,"params":["Parameters",{"gctrial":true,"time_tolerance":0.05,"samples":10000,"evals":1,"gcsample":false,"seconds":5.0,"overhead":0.0,"memory_tolerance":0.01}],"times":[2.71682254e8,2.70027672e8,2.69447509e8,2.69449226e8,2.69664567e8,2.69394717e8,2.69524738e8,2.69315839e8,2.69497614e8,2.72215951e8,2.69458471e8,2.69192605e8,2.71628387e8,2.85099324e8,2.69844146e8,2.69438002e8,2.70206966e8,2.6969009e8,2.69748077e8]}],["Trial",{"allocs":23557,"gctimes":[0.0,0.0,0.0,0.0,0.0,0.0,0.0,0.0,7.347758e6,0.0,0.0],"memory":24224720,"params":["Parameters",{"gctrial":true,"time_tolerance":0.05,"samples":10000,"evals":1,"gcsample":false,"seconds":5.0,"overhead":0.0,"memory_tolerance":0.01}],"times":[4.59523845e8,4.5691073e8,4.54206205e8,4.54492572e8,4.53395534e8,4.53719682e8,4.52858208e8,4.53675526e8,4.6995645e8,4.57816281e8,4.55266191e8]}],["Trial",{"allocs":33620,"gctimes":[0.0,0.0,0.0,0.0,0.0,7.505147e6,0.0,0.0],"memory":33122160,"params":["Parameters",{"gctrial":true,"time_tolerance":0.05,"samples":10000,"evals":1,"gcsample":false,"seconds":5.0,"overhead":0.0,"memory_tolerance":0.01}],"times":[6.69980931e8,6.67012628e8,6.66427408e8,6.6752144e8,6.65544632e8,6.81503089e8,6.6710354e8,6.66017107e8]}],["Trial",{"allocs":59143,"gctimes":[0.0,0.0,0.0,7.74806e6,0.0],"memory":56036304,"params":["Parameters",{"gctrial":true,"time_tolerance":0.05,"samples":10000,"evals":1,"gcsample":false,"seconds":5.0,"overhead":0.0,"memory_tolerance":0.01}],"times":[1.202906735e9,1.202998534e9,1.204083486e9,1.217510394e9,1.198765736e9]}],["Trial",{"allocs":79267,"gctimes":[0.0,0.0,8.098255e6],"memory":71071376,"params":["Parameters",{"gctrial":true,"time_tolerance":0.05,"samples":10000,"evals":1,"gcsample":false,"seconds":5.0,"overhead":0.0,"memory_tolerance":0.01}],"times":[1.656768726e9,1.67935106e9,1.669182732e9]}],["Trial",{"allocs":103714,"gctimes":[0.0,0.0,8.178178e6],"memory":91427536,"params":["Parameters",{"gctrial":true,"time_tolerance":0.05,"samples":10000,"evals":1,"gcsample":false,"seconds":5.0,"overhead":0.0,"memory_tolerance":0.01}],"times":[2.188521705e9,2.180911615e9,2.200153367e9]}],["Trial",{"allocs":140057,"gctimes":[0.0,8.386283e6],"memory":120382832,"params":["Parameters",{"gctrial":true,"time_tolerance":0.05,"samples":10000,"evals":1,"gcsample":false,"seconds":5.0,"overhead":0.0,"memory_tolerance":0.01}],"times":[3.003567093e9,3.041091512e9]}]],"medians":[269.664567,454.492572,667.058084,1202.998534,1669.182732,2188.521705,3022.3293025]}