{"lengs":[10.0,21.544346900318835,46.41588833612779,100.0,215.44346900318845,464.15888336127773,1000.0],"benchmarks":[["Trial",{"allocs":81444,"gctimes":[0.0,0.0,0.0,0.0,0.0,0.0,0.0,0.0,0.0,0.0,0.0,0.0,0.0,0.0,0.0,0.0,0.0],"memory":5534080,"params":["Parameters",{"gctrial":true,"time_tolerance":0.05,"samples":10000,"evals":1,"gcsample":false,"seconds":5.0,"overhead":0.0,"memory_tolerance":0.01}],"times":[3.20853652e8,3.17332667e8,3.14996801e8,3.02263017e8,3.04641621e8,3.06562884e8,2.97123404e8,3.0090189e8,3.10979796e8,3.20019107e8,3.1333446e8,3.14872543e8,3.15317113e8,3.16783609e8,3.19990291e8,3.10169422e8,3.12338019e8]}],["Trial",{"allocs":98555,"gctimes":[0.0,0.0,0.0,0.0,0.0,0.0,0.0,0.0,0.0,0.0,0.0,0.0,0.0],"memory":6245232,"params":["Parameters",{"gctrial":true,"time_tolerance":0.05,"samples":10000,"evals":1,"gcsample":false,"seconds":5.0,"overhead":0.0,"memory_tolerance":0.01}],"times":[3.73606196e8,3.71968978e8,3.85501217e8,3.8050927e8,3.8528599e8,3.88506867e8,3.75750391e8,3.85809866e8,3.89237579e8,3.88659497e8,3.96056266e8,3.90972565e8,3.95851745e8]}],["Trial",{"allocs":137982,"gctimes":[0.0,0.0,0.0,0.0,0.0,0.0,0.0,0.0,0.0],"memory":7896224,"params":["Parameters",{"gctrial":true,"time_tolerance":0.05,"samples":10000,"evals":1,"gcsample":false,"seconds":5.0,"overhead":0.0,"memory_tolerance":0.01}],"times":[5.62551873e8,5.61044698e8,5.63398354e8,5.5845194e8,5.68988419e8,5.67790226e8,5.69784117e8,5.66756686e8,5.47143794e8]}],["Trial",{"allocs":181796,"gctimes":[0.0,0.0,0.0,0.0,0.0,0.0,0.0],"memory":9728640,"params":["Parameters",{"gctrial":true,"time_tolerance":0.05,"samples":10000,"evals":1,"gcsample":false,"seconds":5.0,"overhead":0.0,"memory_tolerance":0.01}],"times":[7.77113122e8,7.57498943e8,7.76746269e8,7.65626174e8,7.79392114e8,8.19152935e8,7.74660314e8]}],["Trial",{"allocs":224918,"gctimes":[0.0,0.0,0.0,0.0,0.0],"memory":11519392,"params":["Parameters",{"gctrial":true,"time_tolerance":0.05,"samples":10000,"evals":1,"gcsample":false,"seconds":5.0,"overhead":0.0,"memory_tolerance":0.01}],"times":[1.020645518e9,9.96727527e8,1.008889189e9,9.95023847e8,9.80262112e8]}],["Trial",{"allocs":244752,"gctimes":[0.0,0.0,0.0,0.0,0.0],"memory":12297408,"params":["Parameters",{"gctrial":true,"time_tolerance":0.05,"samples":10000,"evals":1,"gcsample":false,"seconds":5.0,"overhead":0.0,"memory_tolerance":0.01}],"times":[1.125376858e9,1.115008989e9,1.105920402e9,1.101664733e9,1.148328352e9]}],["Trial",{"allocs":246257,"gctimes":[0.0,0.0,0.0,0.0,0.0],"memory":12359632,"params":["Parameters",{"gctrial":true,"time_tolerance":0.05,"samples":10000,"evals":1,"gcsample":false,"seconds":5.0,"overhead":0.0,"memory_tolerance":0.01}],"times":[1.07300144e9,1.066766199e9,1.091793882e9,1.073497021e9,1.104670703e9]}]],"medians":[313.33446,385.809866,563.398354,776.746269,996.727527,1115.008989,1073.497021]}