{"lengs":[10.0,21.544346900318835,46.41588833612779,100.0,215.44346900318845,464.15888336127773,1000.0],"benchmarks":[["Trial",{"allocs":8850,"gctimes":[0.0,0.0,0.0,0.0,0.0,0.0,0.0,0.0,0.0,0.0,0.0,0.0,0.0,0.0,0.0,0.0,0.0,0.0,0.0,0.0,0.0,0.0,0.0,0.0,0.0,0.0,0.0,0.0,0.0,7.530299e6,0.0,0.0,0.0,0.0,0.0,0.0,0.0,0.0,0.0,0.0,0.0,0.0,0.0,0.0,0.0,0.0,0.0,0.0,0.0,0.0,0.0,0.0,0.0,0.0,0.0,0.0,0.0,0.0,0.0,8.089014e6,0.0,0.0,0.0,0.0,0.0,0.0,0.0,0.0,0.0,0.0,0.0,0.0,0.0,0.0,0.0,0.0,0.0,0.0,0.0,0.0,0.0,0.0,0.0,0.0,0.0,0.0,0.0,0.0,0.0,8.138865e6,0.0,0.0,0.0,0.0,0.0,0.0,0.0,0.0],"memory":5090224,"params":["Parameters",{"gctrial":true,"time_tolerance":0.05,"samples":10000,"evals":1,"gcsample":false,"seconds":5.0,"overhead":0.0,"memory_tolerance":0.01}],"times":[5.1444673e7,5.0514115e7,5.0092367e7,5.1321296e7,5.1258637e7,5.0842147e7,5.1658723e7,5.212708e7,5.1754355e7,5.1334604e7,5.1234786e7,5.10301e7,5.1354248e7,5.1191705e7,5.0585836e7,5.0630071e7,5.1405383e7,5.1953896e7,5.1714021e7,5.1558983e7,5.2750126e7,5.1293799e7,5.158744e7,5.1559675e7,5.2508604e7,5.2053848e7,5.1441223e7,5.1323103e7,5.2222167e7,6.1149325e7,5.1325574e7,5.1292742e7,5.1900535e7,5.2111326e7,5.1888814e7,5.115639e7,5.0920879e7,5.0606007e7,5.2070133e7,5.306126e7,5.0836639e7,5.030664e7,5.1405924e7,5.1678744e7,5.1287897e7,5.1814448e7,5.1435824e7,5.1156328e7,5.1139583e7,5.218727e7,5.1796139e7,5.1998292e7,5.1127714e7,5.089376e7,5.0197951e7,5.0009713e7,5.1700146e7,5.1843998e7,5.2197887e7,6.0878526e7,5.1146192e7,5.0572621e7,5.1549875e7,4.9978365e7,4.9921622e7,5.0459356e7,5.0690987e7,5.0111573e7,4.99777e7,4.9766594e7,5.0355856e7,5.0586485e7,5.1268663e7,5.1209688e7,4.9214901e7,4.9792752e7,5.0557316e7,5.0487028e7,5.1037919e7,5.012817e7,5.035105e7,5.0800697e7,5.0846691e7,5.1306642e7,5.0870349e7,5.0650669e7,5.1037422e7,5.0910693e7,5.0184547e7,6.1275967e7,5.044248e7,4.9740695e7,5.0548185e7,5.0055396e7,4.9622945e7,4.9248801e7,4.9259006e7,4.9552345e7]}],["Trial",{"allocs":9771,"gctimes":[0.0,0.0,0.0,0.0,0.0,0.0,0.0,0.0,0.0,0.0,0.0,0.0,0.0,0.0,0.0,0.0,0.0,0.0,0.0,0.0,0.0,0.0,0.0,0.0,0.0,0.0,0.0,8.137913e6,0.0,0.0,0.0,0.0,0.0,0.0,0.0,0.0,0.0,0.0,0.0,0.0,0.0,0.0,0.0,0.0,0.0,0.0,0.0,0.0,0.0,0.0,0.0,0.0,0.0,0.0,0.0,8.301865e6,0.0,0.0,0.0,0.0,0.0,0.0,0.0,0.0,0.0,0.0,0.0,0.0,0.0,0.0,0.0,0.0,0.0,0.0,0.0,0.0,0.0,0.0,0.0,0.0,0.0,0.0,0.0,0.0,8.110721e6],"memory":5400912,"params":["Parameters",{"gctrial":true,"time_tolerance":0.05,"samples":10000,"evals":1,"gcsample":false,"seconds":5.0,"overhead":0.0,"memory_tolerance":0.01}],"times":[6.1949777e7,6.4038119e7,5.896158e7,5.8981001e7,5.725799e7,5.733373e7,5.7151191e7,5.7819196e7,5.6432376e7,5.8074482e7,5.7941409e7,5.8763227e7,5.7962345e7,5.8105087e7,5.8593204e7,5.6132781e7,6.1177597e7,6.0465442e7,5.9931369e7,6.1233146e7,6.2454695e7,5.9718808e7,5.8877164e7,6.0189544e7,5.9827912e7,5.8330288e7,5.8293755e7,6.9195122e7,5.881613e7,5.9163445e7,6.0739223e7,6.0195348e7,6.0070439e7,5.908386e7,5.9200115e7,5.8286952e7,5.8312839e7,5.9484674e7,5.8340439e7,5.8260977e7,5.8514113e7,5.7546983e7,5.7824582e7,5.8680609e7,5.8465497e7,5.8331366e7,5.8874169e7,6.1713302e7,5.9712407e7,5.9571533e7,5.9073929e7,5.9914221e7,5.8767047e7,5.8081973e7,5.7290865e7,6.9699147e7,6.0882466e7,5.9323982e7,5.9333609e7,5.8166472e7,5.813228e7,5.8587798e7,5.9487216e7,5.8627759e7,5.8320875e7,5.9098304e7,5.9066032e7,5.7246649e7,5.8362278e7,5.8249578e7,5.8538287e7,5.8234148e7,5.8873381e7,5.8507272e7,5.9389326e7,5.8928493e7,5.8705008e7,5.8758463e7,5.8471594e7,5.824844e7,5.8678337e7,5.853948e7,5.829664e7,5.9076025e7,7.1615258e7]}],["Trial",{"allocs":11097,"gctimes":[0.0,0.0,0.0,0.0,0.0,0.0,0.0,0.0,0.0,0.0,0.0,0.0,0.0,0.0,0.0,0.0,0.0,0.0,0.0,0.0,0.0,0.0,0.0,0.0,0.0,8.045127e6,0.0,0.0,0.0,0.0,0.0,0.0,0.0,0.0,0.0,0.0,0.0,0.0,0.0,0.0,0.0,0.0,0.0,0.0,0.0,0.0,0.0,0.0,0.0,0.0,0.0,8.372669e6,0.0,0.0,0.0,0.0,0.0,0.0,0.0,0.0,0.0,0.0,0.0,0.0,0.0,0.0,0.0,0.0,0.0],"memory":5838640,"params":["Parameters",{"gctrial":true,"time_tolerance":0.05,"samples":10000,"evals":1,"gcsample":false,"seconds":5.0,"overhead":0.0,"memory_tolerance":0.01}],"times":[7.3857029e7,7.279621e7,7.1864175e7,7.3581416e7,7.2515517e7,7.174819e7,7.3305424e7,7.2522449e7,7.2331914e7,7.1208567e7,7.2611815e7,7.1576185e7,7.2532711e7,7.3917362e7,7.2499629e7,7.1247692e7,7.2573187e7,7.2642441e7,7.2475793e7,7.2682568e7,7.2567005e7,7.2061483e7,7.273617e7,7.1153765e7,7.2834229e7,8.2699652e7,7.1290193e7,7.1514353e7,7.2217602e7,7.2402397e7,7.2107791e7,7.1681715e7,7.2600722e7,7.2079411e7,7.1946853e7,7.1442453e7,7.263575e7,7.2242163e7,7.2128104e7,7.1165726e7,7.2068761e7,7.3036286e7,7.2730345e7,7.4307806e7,7.4937175e7,7.3636939e7,7.2175363e7,7.1944595e7,7.0881789e7,7.3791667e7,7.1857351e7,8.2494346e7,7.3121072e7,7.3348366e7,7.3930067e7,7.2516087e7,7.2669734e7,7.2010908e7,7.2158428e7,7.191338e7,7.3657808e7,7.2945538e7,7.1526052e7,7.0555517e7,7.199425e7,7.1205494e7,7.0761887e7,7.2749908e7,7.3664131e7]}],["Trial",{"allocs":13221,"gctimes":[0.0,0.0,0.0,0.0,0.0,0.0,0.0,0.0,0.0,0.0,0.0,0.0,0.0,0.0,0.0,0.0,0.0,0.0,0.0,0.0,0.0,0.0,0.0,0.0,8.407064e6,0.0,0.0,0.0,0.0,0.0,0.0,0.0,0.0,0.0,0.0,0.0,0.0,0.0,0.0,0.0,0.0,0.0,0.0,0.0,0.0,0.0,0.0,0.0,8.770153e6,0.0,0.0,0.0],"memory":6200928,"params":["Parameters",{"gctrial":true,"time_tolerance":0.05,"samples":10000,"evals":1,"gcsample":false,"seconds":5.0,"overhead":0.0,"memory_tolerance":0.01}],"times":[9.6017289e7,9.6995022e7,9.6983767e7,9.691565e7,9.3416627e7,9.452708e7,9.5591732e7,9.5851194e7,9.5549144e7,9.567824e7,9.6052085e7,9.5512394e7,9.4255353e7,9.6964386e7,9.7118606e7,9.4131551e7,9.5703935e7,9.636409e7,9.6062725e7,9.6647971e7,9.475815e7,9.3979185e7,9.5748265e7,9.407356e7,1.07842073e8,9.6393684e7,9.6212822e7,9.5342035e7,9.3497417e7,9.4847728e7,9.5931039e7,9.6119854e7,9.4314527e7,9.4890518e7,9.5262751e7,9.478413e7,9.4582615e7,9.6191559e7,9.4432405e7,9.2727497e7,9.4302043e7,9.6031645e7,9.5694645e7,9.5549586e7,9.5823157e7,9.8988233e7,9.8836876e7,9.820224e7,1.09175522e8,9.5028756e7,9.5579747e7,9.7845848e7]}],["Trial",{"allocs":14268,"gctimes":[0.0,0.0,0.0,0.0,0.0,0.0,0.0,0.0,0.0,0.0,0.0,0.0,0.0,0.0,0.0,0.0,0.0,0.0,0.0,0.0,0.0,0.0,0.0,8.621764e6,0.0,0.0,0.0,0.0,0.0,0.0,0.0,0.0,0.0,0.0,0.0,0.0,0.0,0.0,0.0,0.0,0.0,0.0,0.0,0.0,0.0,0.0,0.0,8.876729e6,0.0],"memory":6420048,"params":["Parameters",{"gctrial":true,"time_tolerance":0.05,"samples":10000,"evals":1,"gcsample":false,"seconds":5.0,"overhead":0.0,"memory_tolerance":0.01}],"times":[1.01528719e8,1.03797349e8,1.00624001e8,1.03017709e8,1.02853558e8,1.04056505e8,1.02731507e8,1.02255711e8,1.00200223e8,1.01988294e8,1.0071841e8,1.02583109e8,1.02251504e8,1.03584567e8,1.01338898e8,1.00365987e8,1.01005957e8,1.04260334e8,1.032637e8,1.01573985e8,1.01854201e8,1.00913229e8,1.02305846e8,1.12179718e8,1.02112069e8,1.01916471e8,1.02481287e8,1.00380183e8,1.0140132e8,1.01397171e8,1.01800825e8,1.00772725e8,1.00476925e8,1.02869242e8,1.02685444e8,1.01592922e8,1.02013817e8,1.0105842e8,1.00217767e8,1.01616636e8,1.0293817e8,1.01304078e8,1.02908025e8,1.01132325e8,1.02176309e8,1.01823778e8,1.02764996e8,1.13149105e8,1.00922639e8]}],["Trial",{"allocs":14980,"gctimes":[0.0,0.0,0.0,0.0,0.0,0.0,0.0,0.0,0.0,0.0,0.0,0.0,0.0,0.0,0.0,0.0,0.0,0.0,0.0,0.0,0.0,0.0,8.853395e6,0.0,0.0,0.0,0.0,0.0,0.0,0.0,0.0,0.0,0.0,0.0,0.0,0.0,0.0,0.0,0.0,0.0,0.0,0.0,0.0,0.0,0.0,9.034503e6,0.0],"memory":6587472,"params":["Parameters",{"gctrial":true,"time_tolerance":0.05,"samples":10000,"evals":1,"gcsample":false,"seconds":5.0,"overhead":0.0,"memory_tolerance":0.01}],