{"lengs":[10.0,21.544346900318835,46.41588833612779,100.0,215.44346900318845,464.15888336127773,1000.0],"benchmarks":[["Trial",{"allocs":2080782,"gctimes":[0.0],"memory":316205584,"params":["Parameters",{"gctrial":true,"time_tolerance":0.05,"samples":10000,"evals":1,"gcsample":false,"seconds":5.0,"overhead":0.0,"memory_tolerance":0.01}],"times":[1.4755091557e12]}],["Trial",{"allocs":2827365,"gctimes":[0.0],"memory":348953904,"params":["Parameters",{"gctrial":true,"time_tolerance":0.05,"samples":10000,"evals":1,"gcsample":false,"seconds":5.0,"overhead":0.0,"memory_tolerance":0.01}],"times":[1.692582842272e12]}],["Trial",{"allocs":3356463,"gctimes":[0.0],"memory":372131200,"params":["Parameters",{"gctrial":true,"time_tolerance":0.05,"samples":10000,"evals":1,"gcsample":false,"seconds":5.0,"overhead":0.0,"memory_tolerance":0.01}],"times":[1.948871174353e12]}],["Trial",{"allocs":3622635,"gctimes":[0.0],"memory":383790944,"params":["Parameters",{"gctrial":true,"time_tolerance":0.05,"samples":10000,"evals":1,"gcsample":false,"seconds":5.0,"overhead":0.0,"memory_tolerance":0.01}],"times":[2.051640481217e12]}],["Trial",{"allocs":3794673,"gctimes":[2.5557471e7],"memory":391327120,"params":["Parameters",{"gctrial":true,"time_tolerance":0.05,"samples":10000,"evals":1,"gcsample":false,"seconds":5.0,"overhead":0.0,"memory_tolerance":0.01}],"times":[2.154229580008e12]}],["Trial",{"allocs":4093305,"gctimes":[2.5677372e7],"memory":404408784,"params":["Parameters",{"gctrial":true,"time_tolerance":0.05,"samples":10000,"evals":1,"gcsample":false,"seconds":5.0,"overhead":0.0,"memory_tolerance":0.01}],"times":[2.360311091516e12]}],["Trial",{"allocs":4388691,"gctimes":[2.5836925e7],"memory":417348256,"params":["Parameters",{"gctrial":true,"time_tolerance":0.05,"samples":10000,"evals":1,"gcsample":false,"seconds":5.0,"overhead":0.0,"memory_tolerance":0.01}],"times":[2.385499798337e12]}]],"medians":[1.4755091557e6,1.692582842272e6,1.948871174353e6,2.051640481217e6,2.154229580008e6,2.360311091516e6,2.385499798337e6]}