{"lengs":[10.0,21.544346900318835,46.41588833612779,100.0,215.44346900318845,464.15888336127773,1000.0],"benchmarks":[["Trial",{"allocs":2441,"gctimes":[0.0,0.0,0.0,0.0],"memory":16409696,"params":["Parameters",{"gctrial":true,"time_tolerance":0.05,"samples":10000,"evals":1,"gcsample":false,"seconds":5.0,"overhead":0.0,"memory_tolerance":0.01}],"times":[1.275548146e9,1.272873129e9,1.274337404e9,1.285436664e9]}],["Trial",{"allocs":2657,"gctimes":[0.0,0.0,0.0,0.0],"memory":16852960,"params":["Parameters",{"gctrial":true,"time_tolerance":0.05,"samples":10000,"evals":1,"gcsample":false,"seconds":5.0,"overhead":0.0,"memory_tolerance":0.01}],"times":[1.372838682e9,1.37185773e9,1.370429906e9,1.371395725e9]}],["Trial",{"allocs":2841,"gctimes":[0.0,0.0,0.0,0.0],"memory":17240576,"params":["Parameters",{"gctrial":true,"time_tolerance":0.05,"samples":10000,"evals":1,"gcsample":false,"seconds":5.0,"overhead":0.0,"memory_tolerance":0.01}],"times":[1.407182276e9,1.405866883e9,1.406392401e9,1.408914425e9]}],["Trial",{"allocs":3040,"gctimes":[0.0,0.0,0.0,0.0],"memory":17655968,"params":["Parameters",{"gctrial":true,"time_tolerance":0.05,"samples":10000,"evals":1,"gcsample":false,"seconds":5.0,"overhead":0.0,"memory_tolerance":0.01}],"times":[1.474832296e9,1.473410235e9,1.472966079e9,1.468857731e9]}],["Trial",{"allocs":3256,"gctimes":[0.0,0.0,0.0,0.0],"memory":18099232,"params":["Parameters",{"gctrial":true,"time_tolerance":0.05,"samples":10000,"evals":1,"gcsample":false,"seconds":5.0,"overhead":0.0,"memory_tolerance":0.01}],"times":[1.558224907e9,1.560181858e9,1.571502599e9,1.576049255e9]}],["Trial",{"allocs":3414,"gctimes":[0.0,0.0,0.0,0.0],"memory":18431488,"params":["Parameters",{"gctrial":true,"time_tolerance":0.05,"samples":10000,"evals":1,"gcsample":false,"seconds":5.0,"overhead":0.0,"memory_tolerance":0.01}],"times":[1.651627504e9,1.650252089e9,1.649223956e9,1.638803177e9]}],["Trial",{"allocs":3548,"gctimes":[0.0,0.0,0.0,0.0],"memory":18708480,"params":["Parameters",{"gctrial":true,"time_tolerance":0.05,"samples":10000,"evals":1,"gcsample":false,"seconds":5.0,"overhead":0.0,"memory_tolerance":0.01}],"times":[1.664996136e9,1.664351455e9,1.664541716e9,1.680994479e9]}]],"medians":[1274.942775,1371.6267275,1406.7873385,1473.188157,1565.8422285,1649.7380225,1664.768926]}