{"lengs":[10.0,21.544346900318835,46.41588833612779,100.0,215.44346900318845,464.15888336127773,1000.0],"benchmarks":[["Trial",{"allocs":81526,"gctimes":[0.0,0.0,0.0,0.0,0.0,0.0,0.0,0.0,0.0,0.0,0.0,0.0,0.0,0.0,0.0,0.0],"memory":6680352,"params":["Parameters",{"gctrial":true,"time_tolerance":0.05,"samples":10000,"evals":1,"gcsample":false,"seconds":5.0,"overhead":0.0,"memory_tolerance":0.01}],"times":[3.17099042e8,3.19833868e8,3.15409163e8,3.13141947e8,3.14863516e8,3.17126194e8,3.13699983e8,3.15444298e8,3.1675645e8,3.16131179e8,3.14105328e8,3.16847197e8,3.12978629e8,3.16332545e8,3.16722057e8,3.16817823e8]}],["Trial",{"allocs":98638,"gctimes":[0.0,0.0,0.0,0.0,0.0,0.0,0.0,0.0,0.0,0.0,0.0,0.0,0.0],"memory":7394512,"params":["Parameters",{"gctrial":true,"time_tolerance":0.05,"samples":10000,"evals":1,"gcsample":false,"seconds":5.0,"overhead":0.0,"memory_tolerance":0.01}],"times":[4.00112749e8,3.99083846e8,3.9505343e8,3.95231371e8,3.976944e8,3.9295441e8,3.93727757e8,3.92797332e8,3.92736714e8,3.98376265e8,3.91013991e8,3.943367e8,3.92328009e8]}],["Trial",{"allocs":138065,"gctimes":[0.0,0.0,0.0,0.0,0.0,0.0,0.0,0.0,0.0],"memory":9045504,"params":["Parameters",{"gctrial":true,"time_tolerance":0.05,"samples":10000,"evals":1,"gcsample":false,"seconds":5.0,"overhead":0.0,"memory_tolerance":0.01}],"times":[5.73138898e8,5.64907938e8,5.66862639e8,5.64374231e8,5.63051341e8,5.66654691e8,5.62583849e8,5.67516639e8,5.72692685e8]}],["Trial",{"allocs":181879,"gctimes":[0.0,0.0,0.0,0.0,0.0,0.0,0.0],"memory":10877920,"params":["Parameters",{"gctrial":true,"time_tolerance":0.05,"samples":10000,"evals":1,"gcsample":false,"seconds":5.0,"overhead":0.0,"memory_tolerance":0.01}],"times":[7.62865307e8,7.75975901e8,7.5784537e8,7.61134651e8,7.62227774e8,7.74916534e8,7.670898e8]}],["Trial",{"allocs":225002,"gctimes":[0.0,0.0,0.0,0.0,0.0],"memory":12671680,"params":["Parameters",{"gctrial":true,"time_tolerance":0.05,"samples":10000,"evals":1,"gcsample":false,"seconds":5.0,"overhead":0.0,"memory_tolerance":0.01}],"times":[9.6968534e8,9.69141848e8,1.0654958e9,1.075691754e9,1.078950435e9]}],["Trial",{"allocs":244835,"gctimes":[0.0,0.0,0.0,0.0,0.0],"memory":13446688,"params":["Parameters",{"gctrial":true,"time_tolerance":0.05,"samples":10000,"evals":1,"gcsample":false,"seconds":5.0,"overhead":0.0,"memory_tolerance":0.01}],"times":[1.074611894e9,1.074437011e9,1.079038358e9,1.095080285e9,1.080578819e9]}],["Trial",{"allocs":246341,"gctimes":[0.0,0.0,0.0,0.0,0.0],"memory":13511920,"params":["Parameters",{"gctrial":true,"time_tolerance":0.05,"samples":10000,"evals":1,"gcsample":false,"seconds":5.0,"overhead":0.0,"memory_tolerance":0.01}],"times":[1.083847193e9,1.095548459e9,1.098339177e9,1.091889239e9,1.080164201e9]}]],"medians":[316.231862,394.3367,566.654691,762.865307,1065.4958,1079.038358,1091.889239]}