{"lengs":[10.0,21.544346900318835,46.41588833612779,100.0,215.44346900318845,464.15888336127773,1000.0],"benchmarks":[["Trial",{"allocs":10907,"gctimes":[0.0,0.0,0.0,0.0,0.0,0.0,0.0,0.0,0.0,8.72518e6,0.0,0.0],"memory":37136800,"params":["Parameters",{"gctrial":true,"time_tolerance":0.05,"samples":10000,"evals":1,"gcsample":false,"seconds":5.0,"overhead":0.0,"memory_tolerance":0.01}],"times":[4.30559382e8,4.27943757e8,4.26245599e8,4.37285485e8,4.31161e8,4.27425074e8,4.27365787e8,4.29158951e8,4.27004145e8,4.44675986e8,4.26700461e8,4.26436963e8]}],["Trial",{"allocs":32724,"gctimes":[0.0,0.0,0.0,8.608893e6],"memory":111402848,"params":["Parameters",{"gctrial":true,"time_tolerance":0.05,"samples":10000,"evals":1,"gcsample":false,"seconds":5.0,"overhead":0.0,"memory_tolerance":0.01}],"times":[1.316618471e9,1.31244499e9,1.311000024e9,1.328054504e9]}],["Trial",{"allocs":28028,"gctimes":[0.0,0.0,0.0,8.82736e6,0.0],"memory":87382144,"params":["Parameters",{"gctrial":true,"time_tolerance":0.05,"samples":10000,"evals":1,"gcsample":false,"seconds":5.0,"overhead":0.0,"memory_tolerance":0.01}],"times":[1.207044754e9,1.20577942e9,1.202261397e9,1.221806991e9,1.207380628e9]}],["Trial",{"allocs":47586,"gctimes":[0.0,0.0,8.89895e6],"memory":149508832,"params":["Parameters",{"gctrial":true,"time_tolerance":0.05,"samples":10000,"evals":1,"gcsample":false,"seconds":5.0,"overhead":0.0,"memory_tolerance":0.01}],"times":[2.03826793e9,2.031296672e9,2.053577955e9]}],["Trial",{"allocs":92177,"gctimes":[0.0,8.768964e6],"memory":255248144,"params":["Parameters",{"gctrial":true,"time_tolerance":0.05,"samples":10000,"evals":1,"gcsample":false,"seconds":5.0,"overhead":0.0,"memory_tolerance":0.01}],"times":[4.336552115e9,4.346804775e9]}],["Trial",{"allocs":183268,"gctimes":[9.078537e6],"memory":487584432,"params":["Parameters",{"gctrial":true,"time_tolerance":0.05,"samples":10000,"evals":1,"gcsample":false,"seconds":5.0,"overhead":0.0,"memory_tolerance":0.01}],"times":[8.85189531e9]}],["Trial",{"allocs":301006,"gctimes":[2.0814767e7],"memory":767597408,"params":["Parameters",{"gctrial":true,"time_tolerance":0.05,"samples":10000,"evals":1,"gcsample":false,"seconds":5.0,"overhead":0.0,"memory_tolerance":0.01}],"times":[1.4897463733e10]}]],"medians":[427.6844155,1314.5317305,1207.044754,2038.26793,4341.678445,8851.89531,14897.463733]}