{"lengs":[10.0,100.0,1000.0],"benchmarks":[["Trial",{"allocs":8630,"gctimes":[0.0,3.976992e6,0.0,4.245211e6,0.0,4.463549e6],"memory":172642144,"params":["Parameters",{"gctrial":true,"time_tolerance":0.05,"samples":10000,"evals":1,"gcsample":false,"seconds":5.0,"overhead":0.0,"memory_tolerance":0.01}],"times":[8.36720739e8,8.41424293e8,8.37848103e8,8.44341313e8,8.45103627e8,8.50911249e8]}],["Trial",{"allocs":10502,"gctimes":[0.0,3.969654e6,4.154863e6,0.0,4.251421e6],"memory":214982720,"params":["Parameters",{"gctrial":true,"time_tolerance":0.05,"samples":10000,"evals":1,"gcsample":false,"seconds":5.0,"overhead":0.0,"memory_tolerance":0.01}],"times":[1.040355054e9,1.046004879e9,1.046112181e9,1.04126969e9,1.046421402e9]}],["Trial",{"allocs":12561,"gctimes":[0.0,3.981134e6,4.16052e6,0.0,4.193258e6],"memory":243626592,"params":["Parameters",{"gctrial":true,"time_tolerance":0.05,"samples":10000,"evals":1,"gcsample":false,"seconds":5.0,"overhead":0.0,"memory_tolerance":0.01}],"times":[1.18848668e9,1.193920817e9,1.193249589e9,1.18924219e9,1.193920775e9]}]],"medians":[842.882803,1046.004879,1193.249589]}