{"lengs":[10.0,31.622776601683793,100.0,316.2277660168379,1000.0,3162.2776601683795,10000.0,31622.776601683792,100000.0],"benchmarks":[["Trial",{"allocs":14294131,"gctimes":[2.3812293e7,1.7583084e7,2.6258945e7,2.738489e7,2.8145038e7,2.9218172e7,1.9327329e7],"memory":332277176,"params":["Parameters",{"gctrial":true,"time_tolerance":0.05,"samples":10000,"evals":1,"gcsample":false,"seconds":5.0,"overhead":0.0,"memory_tolerance":0.01}],"times":[8.33333766e8,8.08681561e8,8.16158637e8,8.19890198e8,8.24820525e8,8.29374332e8,8.06042849e8]}],["Trial",{"allocs":14304988,"gctimes":[2.3503385e7,1.7588764e7,2.6752662e7,2.7309609e7,2.8090623e7,2.8396539e7,1.9304578e7],"memory":332528976,"params":["Parameters",{"gctrial":true,"time_tolerance":0.05,"samples":10000,"evals":1,"gcsample":false,"seconds":5.0,"overhead":0.0,"memory_tolerance":0.01}],"times":[8.21922805e8,8.0064313e8,8.09123104e8,8.1062042e8,8.16204018e8,8.17546271e8,8.07432053e8]}],["Trial",{"allocs":14315845,"gctimes":[2.3336218e7,1.7485025e7,2.6275446e7,2.7113928e7,2.7658465e7,2.8472963e7,1.9387873e7],"memory":332780776,"params":["Parameters",{"gctrial":true,"time_tolerance":0.05,"samples":10000,"evals":1,"gcsample":false,"seconds":5.0,"overhead":0.0,"memory_tolerance":0.01}],"times":[8.22927253e8,8.00308567e8,8.08926114e8,8.11787915e8,8.17280129e8,8.21537843e8,8.07209573e8]}],["Trial",{"allocs":14326702,"gctimes":[2.3635388e7,1.7381411e7,2.5903869e7,2.8078281e7,2.7747918e7,2.8829028e7,1.916644e7],"memory":333032576,"params":["Parameters",{"gctrial":true,"time_tolerance":0.05,"samples":10000,"evals":1,"gcsample":false,"seconds":5.0,"overhead":0.0,"memory_tolerance":0.01}],"times":[8.27907051e8,8.01062483e8,8.11781614e8,8.1497349e8,8.18764205e8,8.20446446e8,8.08304437e8]}],["Trial",{"allocs":14326723,"gctimes":[2.353758e7,1.7905089e7,2.6407152e7,2.7171437e7,2.789819e7,2.8974068e7,1.9262953e7],"memory":333033808,"params":["Parameters",{"gctrial":true,"time_tolerance":0.05,"samples":10000,"evals":1,"gcsample":false,"seconds":5.0,"overhead":0.0,"memory_tolerance":0.01}],"times":[8.25226738e8,8.01589808e8,8.0915328e8,8.10521409e8,8.19076291e8,8.21771792e8,8.08824612e8]}],["Trial",{"allocs":14337559,"gctimes":[2.33014e7,1.7814244e7,2.6241109e7,2.7232197e7,2.7884631e7,2.8728088e7,2.8834139e7],"memory":333284376,"params":["Parameters",{"gctrial":true,"time_tolerance":0.05,"samples":10000,"evals":1,"gcsample":false,"seconds":5.0,"overhead":0.0,"memory_tolerance":0.01}],"times":[8.25112146e8,8.01701364e8,8.09762544e8,8.13770956e8,8.19006606e8,8.20972397e8,8.22341368e8]}],["Trial",{"allocs":14337559,"gctimes":[2.3532763e7,1.7725618e7,2.684878e7,2.7361565e7,2.8199277e7,2.8732722e7,2.9438892e7],"memory":333284376,"params":["Parameters",{"gctrial":true,"time_tolerance":0.05,"samples":10000,"evals":1,"gcsample":false,"seconds":5.0,"overhead":0.0,"memory_tolerance":0.01}],"times":[8.27549955e8,8.0348632e8,8.11817901e8,8.1587048e8,8.21560756e8,8.21861256e8,8.23412543e8]}],["Trial",{"allocs":14348416,"gctimes":[2.3453784e7,1.746096e7,2.6859648e7,2.7200545e7,2.8307544e7,2.8536041e7,2.9076557e7],"memory":333536176,"params":["Parameters",{"gctrial":true,"time_tolerance":0.05,"samples":10000,"evals":1,"gcsample":false,"seconds":5.0,"overhead":0.0,"memory_tolerance":0.01}],"times":[8.22918597e8,8.01560266e8,8.13650713e8,8.14311568e8,8.2139175e8,8.21257376e8,8.22370956e8]}],["Trial",{"allocs":14359273,"gctimes":[2.351438e7,1.7792657e7,2.620928e7,2.7638244e7,2.8216325e7,2.8753604e7,2.9287292e7],"memory":333787976,"params":["Parameters",{"gctrial":true,"time_tolerance":0.05,"samples":10000,"evals":1,"gcsample":false,"seconds":5.0,"overhead":0.0,"memory_tolerance":0.01}],"times":[8.24125295e8,8.03785359e8,8.12774874e8,8.13393683e8,8.20046419e8,8.25725945e8,8.21540764e8]}]],"medians":[819.890198,810.62042,811.787915,814.97349,810.521409,819.006606,821.560756,821.257376,820.046419]}