{"lengs":[10.0,31.622776601683793,100.0,316.2277660168379,1000.0,3162.2776601683795,10000.0,31622.776601683792,100000.0],"benchmarks":[["Trial",{"allocs":10,"gctimes":[0.0,0.0,0.0,0.0,0.0,0.0,0.0,0.0,0.0,0.0,0.0,0.0,0.0,0.0,0.0,0.0,0.0,0.0,0.0,0.0,0.0,0.0,0.0,0.0,0.0,0.0,0.0,0.0,0.0,0.0,0.0,0.0,0.0,0.0,0.0,0.0,0.0,0.0,0.0,0.0,0.0,0.0,0.0,0.0,0.0,0.0,0.0,0.0,0.0],"memory":2816,"params":["Parameters",{"gctrial":true,"time_tolerance":0.05,"samples":10000,"evals":1,"gcsample":false,"seconds":5.0,"overhead":0.0,"memory_tolerance":0.01}],"times":[1.04996567e8,1.03860193e8,1.03937573e8,1.03354109e8,1.02858165e8,1.0222488e8,1.02566556e8,1.01992501e8,1.02608383e8,1.02249916e8,1.02954105e8,1.02839747e8,1.01984114e8,1.02097163e8,1.04630249e8,1.02972943e8,1.04025335e8,1.04150202e8,1.04577576e8,1.0371842e8,1.03130899e8,1.0359209e8,1.06523498e8,1.03958245e8,1.04119295e8,1.04324875e8,1.05300965e8,1.05282234e8,1.06484754e8,1.05545484e8,1.04515069e8,1.05940177e8,1.04603525e8,1.04701933e8,1.08210212e8,1.05384032e8,1.04736727e8,1.02703307e8,1.03371351e8,1.08075583e8,1.07592195e8,1.08853274e8,1.02818818e8,1.0166501e8,1.02886524e8,1.03284775e8,1.03115062e8,1.023107e8,1.04021639e8]}],["Trial",{"allocs":10,"gctimes":[0.0,0.0,0.0,0.0,0.0,0.0,0.0,0.0,0.0,0.0,0.0,0.0,0.0,0.0,0.0,0.0,0.0],"memory":2816,"params":["Parameters",{"gctrial":true,"time_tolerance":0.05,"samples":10000,"evals":1,"gcsample":false,"seconds":5.0,"overhead":0.0,"memory_tolerance":0.01}],"times":[3.27796224e8,3.27508144e8,3.30875054e8,3.26572147e8,3.04126626e8,3.02785174e8,3.03613826e8,3.03020251e8,3.05451388e8,3.05805675e8,3.03839743e8,3.04362082e8,3.03469803e8,3.03333184e8,3.06073703e8,3.05175549e8,3.05073036e8]}],["Trial",{"allocs":10,"gctimes":[0.0,0.0,0.0,0.0,0.0,0.0],"memory":2816,"params":["Parameters",{"gctrial":true,"time_tolerance":0.05,"samples":10000,"evals":1,"gcsample":false,"seconds":5.0,"overhead":0.0,"memory_tolerance":0.01}],"times":[9.37582356e8,9.34418078e8,9.31377274e8,9.00459668e8,9.05131359e8,9.05101387e8]}],["Trial",{"allocs":10,"gctimes":[0.0,0.0],"memory":2816,"params":["Parameters",{"gctrial":true,"time_tolerance":0.05,"samples":10000,"evals":1,"gcsample":false,"seconds":5.0,"overhead":0.0,"memory_tolerance":0.01}],"times":[2.878517858e9,2.829210416e9]}],["Trial",{"allocs":10,"gctimes":[0.0],"memory":2816,"params":["Parameters",{"gctrial":true,"time_tolerance":0.05,"samples":10000,"evals":1,"gcsample":false,"seconds":5.0,"overhead":0.0,"memory_tolerance":0.01}],"times":[8.787253739e9]}],["Trial",{"allocs":10,"gctimes":[0.0],"memory":2816,"params":["Parameters",{"gctrial":true,"time_tolerance":0.05,"samples":10000,"evals":1,"gcsample":false,"seconds":5.0,"overhead":0.0,"memory_tolerance":0.01}],"times":[2.7807628159e10]}],["Trial",{"allocs":10,"gctimes":[0.0],"memory":2816,"params":["Parameters",{"gctrial":true,"time_tolerance":0.05,"samples":10000,"evals":1,"gcsample":false,"seconds":5.0,"overhead":0.0,"memory_tolerance":0.01}],"times":[8.7969427517e10]}],["Trial",{"allocs":10,"gctimes":[0.0],"memory":2816,"params":["Parameters",{"gctrial":true,"time_tolerance":0.05,"samples":10000,"evals":1,"gcsample":false,"seconds":5.0,"overhead":0.0,"memory_tolerance":0.01}],"times":[2.77505803572e11]}],["Trial",{"allocs":10,"gctimes":[0.0],"memory":2816,"params":["Parameters",{"gctrial":true,"time_tolerance":0.05,"samples":10000,"evals":1,"gcsample":false,"seconds":5.0,"overhead":0.0,"memory_tolerance":0.01}],"times":[8.77654442882e11]}]],"medians":[103.937573,305.073036,918.2543165,2853.864137,8787.253739,27807.628159,87969.427517,277505.803572,877654.442882]}