{"lengs":[10.0,21.544346900318835,46.41588833612779,100.0,215.44346900318845,464.15888336127773,1000.0],"benchmarks":[["Trial",{"allocs":2516,"gctimes":[0.0,0.0,0.0,0.0,0.0,0.0,0.0,0.0,0.0,0.0],"memory":11986240,"params":["Parameters",{"gctrial":true,"time_tolerance":0.05,"samples":10000,"evals":1,"gcsample":false,"seconds":5.0,"overhead":0.0,"memory_tolerance":0.01}],"times":[5.60823999e8,5.50575014e8,5.5057569e8,5.44317801e8,5.49738077e8,5.48695643e8,5.53310111e8,5.41156418e8,5.33740028e8,5.27858739e8]}],["Trial",{"allocs":3031,"gctimes":[0.0,0.0,0.0,0.0,0.0,0.0,0.0,0.0],"memory":15749792,"params":["Parameters",{"gctrial":true,"time_tolerance":0.05,"samples":10000,"evals":1,"gcsample":false,"seconds":5.0,"overhead":0.0,"memory_tolerance":0.01}],"times":[7.18996411e8,7.11767929e8,7.15460831e8,7.11429952e8,7.12684644e8,7.13500408e8,7.10791196e8,7.08127877e8]}],["Trial",{"allocs":3248,"gctimes":[0.0,0.0,0.0,0.0,0.0],"memory":17259776,"params":["Parameters",{"gctrial":true,"time_tolerance":0.05,"samples":10000,"evals":1,"gcsample":false,"seconds":5.0,"overhead":0.0,"memory_tolerance":0.01}],"times":[1.040191954e9,1.034238649e9,1.033331258e9,1.034856909e9,1.033734679e9]}],["Trial",{"allocs":3613,"gctimes":[0.0,0.0,0.0,0.0],"memory":20517376,"params":["Parameters",{"gctrial":true,"time_tolerance":0.05,"samples":10000,"evals":1,"gcsample":false,"seconds":5.0,"overhead":0.0,"memory_tolerance":0.01}],"times":[1.451485425e9,1.447518946e9,1.437810515e9,1.44910324e9]}],["Trial",{"allocs":4180,"gctimes":[0.0,0.0,0.0],"memory":25478464,"params":["Parameters",{"gctrial":true,"time_tolerance":0.05,"samples":10000,"evals":1,"gcsample":false,"seconds":5.0,"overhead":0.0,"memory_tolerance":0.01}],"times":[2.060077036e9,2.046541891e9,2.047178951e9]}],["Trial",{"allocs":4808,"gctimes":[0.0,0.0],"memory":32008704,"params":["Parameters",{"gctrial":true,"time_tolerance":0.05,"samples":10000,"evals":1,"gcsample":false,"seconds":5.0,"overhead":0.0,"memory_tolerance":0.01}],"times":[2.748195448e9,2.756970816e9]}],["Trial",{"allocs":5551,"gctimes":[0.0,0.0],"memory":40029056,"params":["Parameters",{"gctrial":true,"time_tolerance":0.05,"samples":10000,"evals":1,"gcsample":false,"seconds":5.0,"overhead":0.0,"memory_tolerance":0.01}],"times":[3.750707485e9,3.749668743e9]}]],"medians":[549.21686,712.2262865,1034.238649,1448.311093,2047.178951,2752.583132,3750.188114]}