{"lengs":[10.0,21.544346900318835,46.41588833612779,100.0,215.44346900318845,464.15888336127773,1000.0],"benchmarks":[["Trial",{"allocs":218381,"gctimes":[2.8914283e7,2.7192733e7],"memory":1518156024,"params":["Parameters",{"gctrial":true,"time_tolerance":0.05,"samples":10000,"evals":1,"gcsample":false,"seconds":5.0,"overhead":0.0,"memory_tolerance":0.01}],"times":[3.771738988e9,3.733819004e9]}],["Trial",{"allocs":252731,"gctimes":[3.2692117e7,3.1092617e7],"memory":1759543544,"params":["Parameters",{"gctrial":true,"time_tolerance":0.05,"samples":10000,"evals":1,"gcsample":false,"seconds":5.0,"overhead":0.0,"memory_tolerance":0.01}],"times":[4.374263971e9,4.370599913e9]}],["Trial",{"allocs":306338,"gctimes":[4.0457788e7],"memory":2121845672,"params":["Parameters",{"gctrial":true,"time_tolerance":0.05,"samples":10000,"evals":1,"gcsample":false,"seconds":5.0,"overhead":0.0,"memory_tolerance":0.01}],"times":[5.281113811e9]}],["Trial",{"allocs":320414,"gctimes":[4.1104964e7],"memory":2233653176,"params":["Parameters",{"gctrial":true,"time_tolerance":0.05,"samples":10000,"evals":1,"gcsample":false,"seconds":5.0,"overhead":0.0,"memory_tolerance":0.01}],"times":[5.559248223e9]}],["Trial",{"allocs":330974,"gctimes":[4.4195975e7],"memory":2285411328,"params":["Parameters",{"gctrial":true,"time_tolerance":0.05,"samples":10000,"evals":1,"gcsample":false,"seconds":5.0,"overhead":0.0,"memory_tolerance":0.01}],"times":[5.620498918e9]}],["Trial",{"allocs":332768,"gctimes":[4.4960893e7],"memory":2299661304,"params":["Parameters",{"gctrial":true,"time_tolerance":0.05,"samples":10000,"evals":1,"gcsample":false,"seconds":5.0,"overhead":0.0,"memory_tolerance":0.01}],"times":[5.691870293e9]}],["Trial",{"allocs":333011,"gctimes":[4.5733022e7],"memory":2300763616,"params":["Parameters",{"gctrial":true,"time_tolerance":0.05,"samples":10000,"evals":1,"gcsample":false,"seconds":5.0,"overhead":0.0,"memory_tolerance":0.01}],"times":[5.903563672e9]}]],"medians":[3752.778996,4372.431942,5281.113811,5559.248223,5620.498918,5691.870293,5903.563672]}