{"lengs":[10.0,21.544346900318835,46.41588833612779,100.0,215.44346900318845,464.15888336127773,1000.0],"benchmarks":[["Trial",{"allocs":34036751,"gctimes":[1.57787836e8,1.83368209e8,1.58997257e8],"memory":780699800,"params":["Parameters",{"gctrial":true,"time_tolerance":0.05,"samples":10000,"evals":1,"gcsample":false,"seconds":5.0,"overhead":0.0,"memory_tolerance":0.01}],"times":[2.252398579e9,2.275201706e9,2.238460542e9]}],["Trial",{"allocs":43673551,"gctimes":[1.6928391e8,2.49172961e8],"memory":941123296,"params":["Parameters",{"gctrial":true,"time_tolerance":0.05,"samples":10000,"evals":1,"gcsample":false,"seconds":5.0,"overhead":0.0,"memory_tolerance":0.01}],"times":[2.780652747e9,2.831762759e9]}],["Trial",{"allocs":61340957,"gctimes":[2.2220631e8,2.21613193e8],"memory":1235902112,"params":["Parameters",{"gctrial":true,"time_tolerance":0.05,"samples":10000,"evals":1,"gcsample":false,"seconds":5.0,"overhead":0.0,"memory_tolerance":0.01}],"times":[3.778926564e9,3.770468808e9]}],["Trial",{"allocs":79225549,"gctimes":[3.13963617e8,3.38448672e8],"memory":1656214840,"params":["Parameters",{"gctrial":true,"time_tolerance":0.05,"samples":10000,"evals":1,"gcsample":false,"seconds":5.0,"overhead":0.0,"memory_tolerance":0.01}],"times":[4.897260459e9,4.89727015e9]}],["Trial",{"allocs":83393054,"gctimes":[3.27891089e8],"memory":1733952680,"params":["Parameters",{"gctrial":true,"time_tolerance":0.05,"samples":10000,"evals":1,"gcsample":false,"seconds":5.0,"overhead":0.0,"memory_tolerance":0.01}],"times":[5.207369114e9]}],["Trial",{"allocs":86041433,"gctimes":[3.27787767e8],"memory":1793956048,"params":["Parameters",{"gctrial":true,"time_tolerance":0.05,"samples":10000,"evals":1,"gcsample":false,"seconds":5.0,"overhead":0.0,"memory_tolerance":0.01}],"times":[5.327046692e9]}],["Trial",{"allocs":86432306,"gctimes":[3.27977882e8],"memory":1807469368,"params":["Parameters",{"gctrial":true,"time_tolerance":0.05,"samples":10000,"evals":1,"gcsample":false,"seconds":5.0,"overhead":0.0,"memory_tolerance":0.01}],"times":[5.357446494e9]}]],"medians":[2252.398579,2806.207753,3774.697686,4897.2653045,5207.369114,5327.046692,5357.446494]}