{"lengs":[10.0,31.622776601683793,100.0,316.2277660168379,1000.0,3162.2776601683795,10000.0,31622.776601683792,100000.0],"benchmarks":[["Trial",{"allocs":4199463,"gctimes":[0.0,9.219147e6,9.797792e6,1.0003758e7,9.844527e6,0.0,9.504505e6,9.665978e6,9.959477e6,9.852858e6,0.0,9.626158e6,9.856323e6,9.982591e6,9.732473e6,0.0,9.543145e6,9.843555e6,9.867182e6,9.916047e6,0.0,9.525768e6,1.0057361e7,9.937381e6,1.0025601e7,0.0,9.467552e6,9.68492e6,9.944201e6,1.0391618e7,0.0,9.582903e6],"memory":85703728,"params":["Parameters",{"gctrial":true,"time_tolerance":0.05,"samples":10000,"evals":1,"gcsample":false,"seconds":5.0,"overhead":0.0,"memory_tolerance":0.01}],"times":[1.6686355e8,1.58276271e8,1.64755198e8,1.65415884e8,1.6404086e8,1.49270026e8,1.57659409e8,1.63524099e8,1.64432237e8,1.63948031e8,1.5026672e8,1.5828985e8,1.62867659e8,1.65180472e8,1.64561562e8,1.50775108e8,1.57898439e8,1.63254144e8,1.65356705e8,1.64091785e8,1.51134382e8,1.579828e8,1.62643595e8,1.65663147e8,1.64617228e8,1.51659352e8,1.58371129e8,1.62207748e8,1.65995566e8,1.65781631e8,1.53058032e8,1.58403252e8]}],["Trial",{"allocs":4252825,"gctimes":[0.0,9.21286e6,9.564288e6,9.930758e6,9.927683e6,0.0,9.407277e6,9.748725e6,9.664545e6,1.0111866e7,9.677014e6,0.0,9.512065e6,9.722877e6,9.839648e6,9.82063e6,0.0,9.412971e6,9.666975e6,9.800959e6,9.955384e6,0.0,1.0153698e7,9.589858e6,9.727238e6,9.929811e6,9.708786e6,0.0,9.490793e6,9.803467e6,9.972323e6],"memory":87055584,"params":["Parameters",{"gctrial":true,"time_tolerance":0.05,"samples":10000,"evals":1,"gcsample":false,"seconds":5.0,"overhead":0.0,"memory_tolerance":0.01}],"times":[1.70442613e8,1.60113276e8,1.67833674e8,1.67896597e8,1.66523778e8,1.53811109e8,1.5958118e8,1.62076669e8,1.6680485e8,1.67616813e8,1.66320311e8,1.51014642e8,1.60360444e8,1.65710901e8,1.66433924e8,1.66223717e8,1.53096894e8,1.59683513e8,1.63176201e8,1.67230784e8,1.67033013e8,1.55013418e8,1.61785942e8,1.604255e8,1.6630189e8,1.68015721e8,1.66721654e8,1.52162194e8,1.60397567e8,1.64024159e8,1.67686989e8]}],["Trial",{"allocs":4288315,"gctimes":[0.0,9.306186e6,9.697618e6,1.0279173e7,1.0288009e7,0.0,9.73386e6,9.574822e6,9.7452e6,9.833739e6,9.793672e6,0.0,9.419448e6,9.892148e6,1.000029e7,1.0242359e7,0.0,9.672057e6,9.396609e6,9.879475e6,9.995334e6,9.92777e6,0.0,9.851266e6,9.889281e6,9.915334e6,9.858621e6,9.752857e6,0.0,9.547622e6,9.888844e6],"memory":87661312,"params":["Parameters",{"gctrial":true,"time_tolerance":0.05,"samples":10000,"evals":1,"gcsample":false,"seconds":5.0,"overhead":0.0,"memory_tolerance":0.01}],"times":[1.70543154e8,1.61532945e8,1.65592814e8,1.6830545e8,1.6920658e8,1.55970928e8,1.61922568e8,1.61718204e8,1.68349305e8,1.673919e8,1.67324737e8,1.53585398e8,1.60277611e8,1.65278628e8,1.80892294e8,1.69414089e8,1.57323666e8,1.61564444e8,1.61336379e8,1.67821172e8,1.68384032e8,1.67282117e8,1.54555978e8,1.61917114e8,1.62890065e8,1.68631025e8,1.67429166e8,1.66954859e8,1.52340101e8,1.61317619e8,1.66189356e8]}],["Trial",{"allocs":4297317,"gctimes":[0.0,9.031828e6,9.529652e6,9.860186e6,9.628065e6,0.0,9.464741e6,9.300662e6,1.0036448e7,9.811192e6,9.692729e6,0.0,9.520665e6,9.460815e6,9.680892e6,9.728504e6,9.719888e6,0.0,9.315719e6,9.642357e6,9.509836e6,9.822461e6,9.57456e6,0.0,9.291252e6,9.870721e6,9.785045e6,1.0112655e7,9.590295e6,0.0,9.482325e6],"memory":88256288,"params":["Parameters",{"gctrial":true,"time_tolerance":0.05,"samples":10000,"evals":1,"gcsample":false,"seconds":5.0,"overhead":0.0,"memory_tolerance":0.01}],"times":[1.71258651e8,1.6140238e8,1.65222895e8,1.68801153e8,1.67903496e8,1.56196016e8,1.61260643e8,1.60772615e8,1.67639751e8,1.69047176e8,1.6806224e8,1.55375581e8,1.63040592e8,1.61958881e8,1.67783582e8,1.6878298e8,1.67137443e8,1.54463717e8,1.61026527e8,1.63634855e8,1.67799714e8,1.67651777e8,1.67199843e8,1.53404455e8,1.60956979e8,1.65497751e8,1.68952294e8,1.69017972e8,1.68046564e8,1.51776949e8,1.61449519e8]}],["Trial",{"allocs":4315062,"gctimes":[0.0,8.974954e6,9.469794e6,9.896739e6,9.620736e6,9.601076e6,0.0,9.276586e6,1.0395384e7,9.720255e6,9.689685e6,0.0,9.500813e6,9.197635e6,9.81992e6,1.0760234e7,9.888648e6,0.0,9.53767e6,9.336373e6,9.834017e6,9.71125e6,9.747541e6,0.0,9.349363e6,9.585179e6,1.0243025e7,9.94289e6,9.583736e6,0.0,9.262035e6],"memory":88557152,"params":["Parameters",{"gctrial":true,"time_tolerance":0.05,"samples":10000,"evals":1,"gcsample":false,"seconds":5.0,"overhead":0.0,"memory_tolerance":0.01}],"times":[1.71798994e8,1.62487419e8,1.65852291e8,1.6820507e8,1.68604425e8,1.67105665e8,1.53217322e8,1.61749078e8,1.67548339e8,1.68868277e8,1.68105527e8,1.5701744e8,1.62388501e8,1.61539399e8,1.6813797e8,1.71419588e8,1.68129833e8,1.55856005e8,1.63489383e8,1.6251525e8,1.68843631e8,1.68526216e8,1.68844336e8,1.55476944e8,1.62071489e8,1.63198666e8,1.69652712e8,1.68861014e8,1.67411995e8,1.55168857e8,1.61871561e8]}],["Trial",{"allocs":4326957,"gctimes":[0.0,9.128547e6,9.591918e6,9.889596e6,9.581908e6,9.682908e6,0.0,9.262625e6,9.685975e6,9.824637e6,9.605626e6,9.518758e6,0.0,9.232891e6,1.0276511e7,9.756119e6,9.665072e6,9.540939e6,0.0,9.245397e6,9.671496e6,9.657105e6,9.843418e6,9.49036e6,0.0,9.270328e6,9.69607e6,9.706039e6,9.620235e6,9.593239e6,0.0],"memory":88981528,"params":["Parameters",{"gctrial":true,"time_tolerance":0.05,"samples":10000,"evals":1,"gcsample":false,"seconds":5.0,"overhead":0.0,"memory_tolerance":0.01}],"times":[1.7387833e8,1.63513289e8,1.66137519e8,1.6963696e8,1.68838738e8,1.68273677e8,1.53398563e8,1.61990585e8,1.66153299e8,1.69221581e8,1.68935069e8,1.67989888e8,1.53206358e8,1.62245557e8,1.67062365e8,1.69079707e8,1.68419936e8,1.67724437e8,1.53309663e8,1.6190795e8,1.65909061e8,1.69129483e8,1.69768964e8,1.68684277e8,1.53646502e8,1.63301063e8,1.66791155e8,1.70300496e8,1.6857903e8,1.67729481e8,1.5421751e8]}],["Trial",{"allocs":4350616,"gctimes":[0.0,9.167782e6,1.0029963e7,9.986525e6,1.0610104e7,9.662508e6,0.0,9.242091e6,9.606691e6,9.703792e6,9.671281e6,9.574907e6,0.0,9.478036e6,9.65211e6,9.80549e6,9.675362e6,9.600979e6,0.0,9.242497e6,9.53449e6,9.664039e6,1.0150652e7,9.649744e6,0.0,9.393143e6,9.434082e6,9.640629e6,9.785189e6,9.778859e6,0.0],"memory":89384568,"params":["Parameters",{"gctrial":true,"time_tolerance":0.05,"samples":10000,"evals":1,"gcsample":false,"seconds":5.0,"overhead":0.0,"memory_tolerance":0.01}],"times":[1.72517752e8,1.63994215e8,1.6730342e8,1.70672943e8,1.70730518e8,1.69283545e8,1.56549575e8,1.64070586e8,1.66372954e8,1.70523678e8,1.69680202e8,1.68883149e8,1.56288327e8,1.64588096e8,1.67369426e8,1.70620415e8,1.69122212e8,1.70341726e8,1.56983199e8,1.63503958e8,1.65057289e8,1.6945444e8,1.70065984e8,1.70020386e8,1.57528561e8,1.64705057e8,1.63241138e8,1.69200215e8,1.69764023e8,1.69882884e8,1.58672176e8]}],["Trial",{"allocs":4359554,"gctimes":[0.0,8.780146e6,9.323318e6,9.756321e6,9.523872e6,9.433834e6,0.0,9.125129e6,9.75942e6,9.59034e6,9.555094e6,9.525127e6,0.0,9.342753e6,9.295139e6,9.669935e6,9.638607e6,9.609767e6,9.512602e6,0.0,9.421467e6,9.53529e6,9.787452e6,9.759084e6,9.501041e6,0.0,9.186599e6,9.670237e6,9.538904e6,9.810517e6,9.528102e6],"memory":89757856,"params":["Parameters",{"gctrial":true,"time_tolerance":0.05,"samples":10000,"evals":1,"gcsample":false,"seconds":5.0,"overhead":0.0,"memory_tolerance":0.01}],"times":[1.72441494e8,1.63651779e8,1.6624428e8,1.69682822e8,1.69044855e8,1.68048987e8,1.56120314e8,1.6305896e8,1.65283635e8,1.70619412e8,1.70061555e8,1.68056704e8,1.57445365e8,1.63954193e8,1.64104677e8,1.69133294e8,1.70323594e8,1.688296e8,1.68394408e8,1.54364208e8,1.64534343e8,1.66835104e8,1.69399463e8,1.69336565e8,1.68406321e8,1.55095691e8,1.63547174e8,1.65478706e8,1.69655784e8,1.69588443e8,1.68660209e8]}],["Trial",{"allocs":4418744,"gctimes":[0.0,8.906894e6,9.387015e6,9.650605e6,9.560511e6,9.425506e6,9.419475e6,0.0,9.301132e6,9.288657e6,9.454113e6,9.663679e6,9.721956e6,9.680022e6,9.40649e6,0.0,9.289217e6,9.525583e6,9.549493e6,9.622906e6,9.535492e6,9.456809e6,0.0,9.433697e6,9.480724e6,9.664172e6,9.463487e6,9.607394e6,9.549172e6,9.372162e6],"memory":92481288,"params":["Parameters",{"gctrial":true,"time_tolerance":0.05,"samples":10000,