{"lengs":[10.0,21.544346900318835,46.41588833612779,100.0,215.44346900318845,464.15888336127773,1000.0],"benchmarks":[["Trial",{"allocs":32774110,"gctimes":[6.5718792e7,6.7254204e7,6.8598656e7],"memory":578673992,"params":["Parameters",{"gctrial":true,"time_tolerance":0.05,"samples":10000,"evals":1,"gcsample":false,"seconds":5.0,"overhead":0.0,"memory_tolerance":0.01}],"times":[1.828756832e9,1.816587584e9,1.819777274e9]}],["Trial",{"allocs":42413643,"gctimes":[8.4142375e7,8.522665e7,8.6716146e7],"memory":734668176,"params":["Parameters",{"gctrial":true,"time_tolerance":0.05,"samples":10000,"evals":1,"gcsample":false,"seconds":5.0,"overhead":0.0,"memory_tolerance":0.01}],"times":[2.329621944e9,2.321680127e9,2.329611875e9]}],["Trial",{"allocs":60086502,"gctimes":[1.22478183e8,1.25971068e8],"memory":1020646128,"params":["Parameters",{"gctrial":true,"time_tolerance":0.05,"samples":10000,"evals":1,"gcsample":false,"seconds":5.0,"overhead":0.0,"memory_tolerance":0.01}],"times":[3.263676681e9,3.271997807e9]}],["Trial",{"allocs":76705653,"gctimes":[1.69424368e8,1.7575354e8],"memory":1294944808,"params":["Parameters",{"gctrial":true,"time_tolerance":0.05,"samples":10000,"evals":1,"gcsample":false,"seconds":5.0,"overhead":0.0,"memory_tolerance":0.01}],"times":[4.584918945e9,4.760359228e9]}],["Trial",{"allocs":80874257,"gctimes":[1.64994542e8,1.52501063e8],"memory":1366331912,"params":["Parameters",{"gctrial":true,"time_tolerance":0.05,"samples":10000,"evals":1,"gcsample":false,"seconds":5.0,"overhead":0.0,"memory_tolerance":0.01}],"times":[4.431205929e9,4.421369457e9]}],["Trial",{"allocs":83523484,"gctimes":[1.60919991e8,1.66357331e8],"memory":1416513840,"params":["Parameters",{"gctrial":true,"time_tolerance":0.05,"samples":10000,"evals":1,"gcsample":false,"seconds":5.0,"overhead":0.0,"memory_tolerance":0.01}],"times":[4.576207019e9,4.58056839e9]}],["Trial",{"allocs":83914486,"gctimes":[1.69057e8,1.72052057e8],"memory":1426048344,"params":["Parameters",{"gctrial":true,"time_tolerance":0.05,"samples":10000,"evals":1,"gcsample":false,"seconds":5.0,"overhead":0.0,"memory_tolerance":0.01}],"times":[4.615958522e9,4.622399508e9]}]],"medians":[1819.777274,2329.611875,3267.837244,4672.6390865,4426.287693,4578.3877045,4619.179015]}