{"lengs":[10.0,21.544346900318835,46.41588833612779,100.0,215.44346900318845,464.15888336127773,1000.0],"benchmarks":[["Trial",{"allocs":55858,"gctimes":[7.184565e6,4.302814e6,7.743568e6,3.908357e6,8.116432e6,3.968099e6,7.775403e6],"memory":296418232,"params":["Parameters",{"gctrial":true,"time_tolerance":0.05,"samples":10000,"evals":1,"gcsample":false,"seconds":5.0,"overhead":0.0,"memory_tolerance":0.01}],"times":[7.39773526e8,7.33500561e8,7.54065833e8,7.34202728e8,7.40289952e8,7.33107402e8,7.44304452e8]}],["Trial",{"allocs":71698,"gctimes":[7.179694e6,7.982258e6,8.017748e6,8.260121e6,3.994604e6,7.990669e6],"memory":357220032,"params":["Parameters",{"gctrial":true,"time_tolerance":0.05,"samples":10000,"evals":1,"gcsample":false,"seconds":5.0,"overhead":0.0,"memory_tolerance":0.01}],"times":[9.01120005e8,8.99944422e8,9.00077094e8,9.01203922e8,8.91036707e8,9.0415019e8]}],["Trial",{"allocs":114867,"gctimes":[1.1371753e7,8.265895e6,1.253553e7,8.410663e6],"memory":495918024,"params":["Parameters",{"gctrial":true,"time_tolerance":0.05,"samples":10000,"evals":1,"gcsample":false,"seconds":5.0,"overhead":0.0,"memory_tolerance":0.01}],"times":[1.287415208e9,1.288139398e9,1.291530235e9,1.284328954e9]}],["Trial",{"allocs":171178,"gctimes":[1.554661e7,1.2588536e7,1.2608421e7],"memory":647504152,"params":["Parameters",{"gctrial":true,"time_tolerance":0.05,"samples":10000,"evals":1,"gcsample":false,"seconds":5.0,"overhead":0.0,"memory_tolerance":0.01}],"times":[1.727051831e9,1.724794933e9,1.721106771e9]}],["Trial",{"allocs":222788,"gctimes":[1.5567629e7,1.7166033e7,1.7103787e7],"memory":796614984,"params":["Parameters",{"gctrial":true,"time_tolerance":0.05,"samples":10000,"evals":1,"gcsample":false,"seconds":5.0,"overhead":0.0,"memory_tolerance":0.01}],"times":[2.156411192e9,2.173183269e9,2.139216353e9]}],["Trial",{"allocs":248827,"gctimes":[1.9800122e7,1.7392255e7,1.7516862e7],"memory":865673480,"params":["Parameters",{"gctrial":true,"time_tolerance":0.05,"samples":10000,"evals":1,"gcsample":false,"seconds":5.0,"overhead":0.0,"memory_tolerance":0.01}],"times":[2.350837392e9,2.367175518e9,2.338477309e9]}],["Trial",{"allocs":249741,"gctimes":[2.0045179e7,1.7006237e7,1.7379854e7],"memory":871162240,"params":["Parameters",{"gctrial":true,"time_tolerance":0.05,"samples":10000,"evals":1,"gcsample":false,"seconds":5.0,"overhead":0.0,"memory_tolerance":0.01}],"times":[2.368130595e9,2.352022285e9,2.372013514e9]}]],"medians":[739.773526,900.5985495,1287.777303,1724.794933,2156.411192,2350.837392,2368.130595]}