{"lengs":[10.0,31.622776601683793,100.0,316.2277660168379,1000.0,3162.2776601683795,10000.0,31622.776601683792,100000.0],"benchmarks":[["Trial",{"allocs":10,"gctimes":[0.0,0.0,0.0,0.0,0.0,0.0,0.0,0.0,0.0,0.0,0.0,0.0,0.0,0.0,0.0,0.0,0.0,0.0,0.0,0.0,0.0,0.0,0.0,0.0,0.0,0.0,0.0,0.0,0.0,0.0,0.0,0.0,0.0,0.0,0.0,0.0,0.0,0.0,0.0,0.0,0.0,0.0,0.0,0.0,0.0,0.0,0.0,0.0,0.0,0.0,0.0],"memory":2816,"params":["Parameters",{"gctrial":true,"time_tolerance":0.05,"samples":10000,"evals":1,"gcsample":false,"seconds":5.0,"overhead":0.0,"memory_tolerance":0.01}],"times":[9.9149669e7,9.8702649e7,9.8795346e7,9.9103892e7,9.8718597e7,9.8895252e7,9.7824591e7,9.8876236e7,9.8730626e7,9.8974253e7,9.8879963e7,9.8769294e7,9.9038194e7,9.9124111e7,9.8552063e7,9.8526346e7,9.8753126e7,9.871119e7,9.9514919e7,9.8870176e7,9.9405406e7,9.9135321e7,9.8443588e7,9.89069e7,9.9163931e7,9.8717894e7,9.912338e7,9.8662132e7,9.9464836e7,9.8974318e7,9.9206453e7,9.8805803e7,9.9762277e7,1.00540101e8,9.9704507e7,9.907119e7,9.9424699e7,9.8222654e7,9.8658762e7,9.8501215e7,9.7948351e7,9.8593319e7,9.7843182e7,9.82265e7,9.8610135e7,9.7734775e7,9.842216e7,9.992701e7,9.8736077e7,9.8635266e7,9.9019559e7]}],["Trial",{"allocs":10,"gctimes":[0.0,0.0,0.0,0.0,0.0,0.0,0.0,0.0,0.0,0.0,0.0,0.0,0.0,0.0,0.0,0.0,0.0,0.0],"memory":2816,"params":["Parameters",{"gctrial":true,"time_tolerance":0.05,"samples":10000,"evals":1,"gcsample":false,"seconds":5.0,"overhead":0.0,"memory_tolerance":0.01}],"times":[2.80106519e8,2.82596286e8,2.79595471e8,2.8309765e8,2.79174944e8,2.80362528e8,2.79178496e8,2.78995634e8,2.8153907e8,2.89557115e8,2.81545656e8,2.80256273e8,2.80147739e8,2.8079847e8,2.81307955e8,2.79265161e8,2.81133196e8,2.84552359e8]}],["Trial",{"allocs":10,"gctimes":[0.0,0.0,0.0,0.0,0.0,0.0],"memory":2816,"params":["Parameters",{"gctrial":true,"time_tolerance":0.05,"samples":10000,"evals":1,"gcsample":false,"seconds":5.0,"overhead":0.0,"memory_tolerance":0.01}],"times":[8.60247946e8,8.6399255e8,8.61356739e8,8.67673909e8,8.57217148e8,8.58319018e8]}],["Trial",{"allocs":10,"gctimes":[0.0,0.0],"memory":2816,"params":["Parameters",{"gctrial":true,"time_tolerance":0.05,"samples":10000,"evals":1,"gcsample":false,"seconds":5.0,"overhead":0.0,"memory_tolerance":0.01}],"times":[2.696429413e9,2.708099824e9]}],["Trial",{"allocs":10,"gctimes":[0.0],"memory":2816,"params":["Parameters",{"gctrial":true,"time_tolerance":0.05,"samples":10000,"evals":1,"gcsample":false,"seconds":5.0,"overhead":0.0,"memory_tolerance":0.01}],"times":[8.493628112e9]}],["Trial",{"allocs":10,"gctimes":[0.0],"memory":2816,"params":["Parameters",{"gctrial":true,"time_tolerance":0.05,"samples":10000,"evals":1,"gcsample":false,"seconds":5.0,"overhead":0.0,"memory_tolerance":0.01}],"times":[2.6841326622e10]}],["Trial",{"allocs":10,"gctimes":[0.0],"memory":2816,"params":["Parameters",{"gctrial":true,"time_tolerance":0.05,"samples":10000,"evals":1,"gcsample":false,"seconds":5.0,"overhead":0.0,"memory_tolerance":0.01}],"times":[8.4752738414e10]}],["Trial",{"allocs":10,"gctimes":[0.0],"memory":2816,"params":["Parameters",{"gctrial":true,"time_tolerance":0.05,"samples":10000,"evals":1,"gcsample":false,"seconds":5.0,"overhead":0.0,"memory_tolerance":0.01}],"times":[2.68136911794e11]}],["Trial",{"allocs":10,"gctimes":[0.0],"memory":2816,"params":["Parameters",{"gctrial":true,"time_tolerance":0.05,"samples":10000,"evals":1,"gcsample":false,"seconds":5.0,"overhead":0.0,"memory_tolerance":0.01}],"times":[8.47782368149e11]}]],"medians":[98.805803,280.580499,860.8023425,2702.2646185,8493.628112,26841.326622,84752.738414,268136.911794,847782.368149]}