{"lengs":[10.0,21.544346900318835,46.41588833612779,100.0,215.44346900318845,464.15888336127773,1000.0],"benchmarks":[["Trial",{"allocs":4020,"gctimes":[0.0,0.0,0.0,0.0,0.0,0.0,0.0,0.0,0.0,0.0,0.0,0.0,0.0,0.0,0.0,0.0,0.0,0.0,0.0,0.0,0.0,0.0,0.0,0.0,6.515638e6,0.0,0.0,0.0,0.0,0.0,0.0,0.0],"memory":5199000,"params":["Parameters",{"gctrial":true,"time_tolerance":0.05,"samples":10000,"evals":1,"gcsample":false,"seconds":5.0,"overhead":0.0,"memory_tolerance":0.01}],"times":[1.55607094e8,1.5553829e8,1.55229039e8,1.55259171e8,1.54868225e8,1.54558278e8,1.57410583e8,1.57088733e8,1.54535413e8,1.5651398e8,1.56262876e8,1.56342498e8,1.55670399e8,1.56172959e8,1.56744987e8,1.56054067e8,1.5569798e8,1.54664695e8,1.53433045e8,1.5852859e8,1.57530109e8,1.59629812e8,1.55694991e8,1.57021703e8,1.76950738e8,1.55175552e8,1.54604458e8,1.55364419e8,1.55310078e8,1.55137449e8,1.5717458e8,1.57449698e8]}],["Trial",{"allocs":5264,"gctimes":[0.0,0.0,0.0,0.0,0.0,0.0,0.0,0.0,0.0,0.0,0.0,0.0,0.0,0.0,0.0,0.0,0.0,0.0,0.0,0.0,0.0],"memory":6052120,"params":["Parameters",{"gctrial":true,"time_tolerance":0.05,"samples":10000,"evals":1,"gcsample":false,"seconds":5.0,"overhead":0.0,"memory_tolerance":0.01}],"times":[2.07601116e8,2.05759713e8,2.05422546e8,2.05196293e8,2.04762618e8,2.03693327e8,2.01761777e8,1.99994354e8,2.53800957e8,2.66126467e8,2.63733178e8,2.61229026e8,2.66978053e8,2.58685336e8,2.58080591e8,2.60529747e8,2.62170508e8,2.62593249e8,2.61978199e8,2.62755801e8,2.60583043e8]}],["Trial",{"allocs":6174,"gctimes":[0.0,0.0,0.0,0.0,0.0,0.0,0.0,0.0,0.0,0.0,0.0,0.0,0.0,0.0,0.0,0.0,0.0,0.0,0.0,6.947445e6,0.0,0.0],"memory":6682232,"params":["Parameters",{"gctrial":true,"time_tolerance":0.05,"samples":10000,"evals":1,"gcsample":false,"seconds":5.0,"overhead":0.0,"memory_tolerance":0.01}],"times":[2.30362674e8,2.30075003e8,2.28984094e8,2.29803075e8,2.28629201e8,2.28778441e8,2.29474104e8,2.2929127e8,2.25784184e8,2.29248714e8,2.27107749e8,2.28184002e8,2.26804214e8,2.29128978e8,2.25649331e8,2.33013866e8,2.25939192e8,2.29358089e8,2.27592237e8,2.46881241e8,2.29879217e8,2.30827419e8]}],["Trial",{"allocs":6803,"gctimes":[0.0,0.0,0.0,0.0,0.0,0.0,0.0,0.0,0.0,0.0,0.0,0.0,0.0,0.0,0.0,0.0,0.0,0.0,7.063116e6,0.0,0.0,0.0],"memory":7135000,"params":["Parameters",{"gctrial":true,"time_tolerance":0.05,"samples":10000,"evals":1,"gcsample":false,"seconds":5.0,"overhead":0.0,"memory_tolerance":0.01}],"times":[2.34268482e8,2.32626055e8,2.31792579e8,2.32603682e8,2.34042148e8,2.32080451e8,2.33319675e8,2.32750248e8,2.33927233e8,2.34553568e8,2.34257047e8,2.30232989e8,2.3315103e8,2.33851988e8,2.30050218e8,2.30641763e8,2.30691809e8,2.30837959e8,2.50071088e8,2.32557695e8,2.32726912e8,2.31421561e8]}],["Trial",{"allocs":7079,"gctimes":[0.0,0.0,0.0,0.0,0.0,0.0,0.0,0.0,0.0,0.0,0.0,0.0,0.0,0.0,0.0,0.0,0.0,7.289998e6,0.0,0.0,0.0],"memory":7320728,"params":["Parameters",{"gctrial":true,"time_tolerance":0.05,"samples":10000,"evals":1,"gcsample":false,"seconds":5.0,"overhead":0.0,"memory_tolerance":0.01}],"times":[2.42107987e8,2.38965238e8,2.38769811e8,2.39650351e8,2.36179769e8,2.32628049e8,2.38311308e8,2.36663889e8,2.36829161e8,2.40543897e8,2.35906127e8,2.34839381e8,2.41811938e8,2.37376612e8,2.37474149e8,2.3620946e8,2.36916904e8,2.61317664e8,2.37439854e8,2.38226601e8,2.35620067e8]}],["Trial",{"allocs":7477,"gctimes":[0.0,0.0,0.0,0.0,0.0,0.0,0.0,0.0,0.0,0.0,0.0,0.0,0.0,0.0,0.0,0.0,0.0,7.224117e6,0.0,0.0,0.0],"memory":7598552,"params":["Parameters",{"gctrial":true,"time_tolerance":0.05,"samples":10000,"evals":1,"gcsample":false,"seconds":5.0,"overhead":0.0,"memory_tolerance":0.01}],"times":[2.50132471e8,2.48405709e8,2.47666813e8,2.47912951e8,2.47925497e8,2.49176748e8,2.49877072e8,2.45301432e8,2.4919599e8,2.48348213e8,2.50134629e8,2.48793805e8,2.47115838e8,2.48792872e8,2.47670016e8,2.49598878e8,2.49299736e8,2.63642857e8,2.45652337e8,2.46078641e8,2.4963774e8]}],["Trial",{"allocs":7449,"gctimes":[0.0,0.0,0.0,0.0,0.0,0.0,0.0,0.0,0.0,0.0,0.0,0.0,0.0,0.0,0.0,0.0,0.0,7.240412e6,0.0,0.0],"memory":7579960,"params":["Parameters",{"gctrial":true,"time_tolerance":0.05,"samples":10000,"evals":1,"gcsample":false,"seconds":5.0,"overhead":0.0,"memory_tolerance":0.01}],"times":[2.62119256e8,2.62368281e8,2.59377208e8,2.6325517e8,2.63531301e8,2.63566786e8,2.60219577e8,2.57831934e8,2.6656449e8,2.58901128e8,2.58499084e8,2.61499027e8,2.58701952e8,2.58808289e8,2.6211093e8,2.57959829e8,2.53049441e8,2.75892619e8,2.60127618e8,2.58744296e8]}]],"medians":[155.6964855,258.685336,229.188846,232.6764835,237.439854,248.792872,260.1735975]}