{"lengs":[10.0,21.544346900318835,46.41588833612779,100.0,215.44346900318845,464.15888336127773,1000.0],"benchmarks":[["Trial",{"allocs":51905167,"gctimes":[1.19876364e8,1.2199016e8],"memory":861075840,"params":["Parameters",{"gctrial":true,"time_tolerance":0.05,"samples":10000,"evals":1,"gcsample":false,"seconds":5.0,"overhead":0.0,"memory_tolerance":0.01}],"times":[3.245543209e9,3.438896864e9]}],["Trial",{"allocs":74213358,"gctimes":[1.62740801e8,1.63222235e8],"memory":1218770256,"params":["Parameters",{"gctrial":true,"time_tolerance":0.05,"samples":10000,"evals":1,"gcsample":false,"seconds":5.0,"overhead":0.0,"memory_tolerance":0.01}],"times":[4.046829449e9,4.027487135e9]}],["Trial",{"allocs":105257295,"gctimes":[2.16586943e8],"memory":1723046768,"params":["Parameters",{"gctrial":true,"time_tolerance":0.05,"samples":10000,"evals":1,"gcsample":false,"seconds":5.0,"overhead":0.0,"memory_tolerance":0.01}],"times":[5.681132792e9]}],["Trial",{"allocs":123843515,"gctimes":[2.71326216e8],"memory":2024328152,"params":["Parameters",{"gctrial":true,"time_tolerance":0.05,"samples":10000,"evals":1,"gcsample":false,"seconds":5.0,"overhead":0.0,"memory_tolerance":0.01}],"times":[6.716107907e9]}],["Trial",{"allocs":135959581,"gctimes":[2.91398449e8],"memory":2224050192,"params":["Parameters",{"gctrial":true,"time_tolerance":0.05,"samples":10000,"evals":1,"gcsample":false,"seconds":5.0,"overhead":0.0,"memory_tolerance":0.01}],"times":[7.372350854e9]}],["Trial",{"allocs":141214363,"gctimes":[3.09934356e8],"memory":2311590744,"params":["Parameters",{"gctrial":true,"time_tolerance":0.05,"samples":10000,"evals":1,"gcsample":false,"seconds":5.0,"overhead":0.0,"memory_tolerance":0.01}],"times":[7.765042042e9]}],["Trial",{"allocs":142517383,"gctimes":[3.12009982e8],"memory":2335747776,"params":["Parameters",{"gctrial":true,"time_tolerance":0.05,"samples":10000,"evals":1,"gcsample":false,"seconds":5.0,"overhead":0.0,"memory_tolerance":0.01}],"times":[7.759021692e9]}]],"medians":[3342.2200365,4037.158292,5681.132792,6716.107907,7372.350854,7765.042042,7759.021692]}