{"lengs":[10.0,21.544346900318835,46.41588833612779,100.0,215.44346900318845,464.15888336127773,1000.0],"benchmarks":[["Trial",{"allocs":13894,"gctimes":[0.0,0.0,0.0,0.0],"memory":19096480,"params":["Parameters",{"gctrial":true,"time_tolerance":0.05,"samples":10000,"evals":1,"gcsample":false,"seconds":5.0,"overhead":0.0,"memory_tolerance":0.01}],"times":[1.313509861e9,1.322686909e9,1.314720949e9,1.344780659e9]}],["Trial",{"allocs":16094,"gctimes":[0.0,0.0,0.0,0.0],"memory":21789280,"params":["Parameters",{"gctrial":true,"time_tolerance":0.05,"samples":10000,"evals":1,"gcsample":false,"seconds":5.0,"overhead":0.0,"memory_tolerance":0.01}],"times":[1.540586765e9,1.528515066e9,1.529078648e9,1.527487687e9]}],["Trial",{"allocs":19397,"gctimes":[0.0,0.0,0.0],"memory":25927360,"params":["Parameters",{"gctrial":true,"time_tolerance":0.05,"samples":10000,"evals":1,"gcsample":false,"seconds":5.0,"overhead":0.0,"memory_tolerance":0.01}],"times":[1.932532694e9,1.932601893e9,1.91127959e9]}],["Trial",{"allocs":20417,"gctimes":[0.0,0.0,0.0],"memory":27175840,"params":["Parameters",{"gctrial":true,"time_tolerance":0.05,"samples":10000,"evals":1,"gcsample":false,"seconds":5.0,"overhead":0.0,"memory_tolerance":0.01}],"times":[2.044055334e9,2.019903804e9,2.011567588e9]}],["Trial",{"allocs":20887,"gctimes":[0.0,0.0,0.0],"memory":27751120,"params":["Parameters",{"gctrial":true,"time_tolerance":0.05,"samples":10000,"evals":1,"gcsample":false,"seconds":5.0,"overhead":0.0,"memory_tolerance":0.01}],"times":[2.046437997e9,2.109126663e9,2.026978812e9]}],["Trial",{"allocs":21017,"gctimes":[0.0,0.0,0.0],"memory":27910240,"params":["Parameters",{"gctrial":true,"time_tolerance":0.05,"samples":10000,"evals":1,"gcsample":false,"seconds":5.0,"overhead":0.0,"memory_tolerance":0.01}],"times":[1.970064518e9,1.984901942e9,1.947953984e9]}],["Trial",{"allocs":21027,"gctimes":[0.0,0.0,0.0],"memory":27922480,"params":["Parameters",{"gctrial":true,"time_tolerance":0.05,"samples":10000,"evals":1,"gcsample":false,"seconds":5.0,"overhead":0.0,"memory_tolerance":0.01}],"times":[2.089588294e9,2.039823355e9,1.986274253e9]}]],"medians":[1318.703929,1528.796857,1932.532694,2019.903804,2046.437997,1970.064518,2039.823355]}