{"lengs":[10.0,21.544346900318835,46.41588833612779,100.0,215.44346900318845,464.15888336127773,1000.0],"benchmarks":[["Trial",{"allocs":2516,"gctimes":[0.0,0.0,0.0,0.0,0.0,0.0,0.0,0.0,0.0,0.0,0.0,0.0,0.0,0.0,0.0,0.0,0.0,0.0,0.0,0.0,0.0,0.0,0.0,0.0,0.0,7.843397e6,0.0,0.0,0.0,0.0,0.0,0.0,0.0,0.0,0.0,0.0,0.0,0.0,0.0,0.0,0.0,0.0,0.0,0.0,0.0,0.0,0.0,0.0,0.0,0.0,0.0,7.875897e6,0.0],"memory":5233696,"params":["Parameters",{"gctrial":true,"time_tolerance":0.05,"samples":10000,"evals":1,"gcsample":false,"seconds":5.0,"overhead":0.0,"memory_tolerance":0.01}],"times":[9.8586188e7,9.5509114e7,9.4500761e7,9.5427373e7,9.4536407e7,9.4890822e7,9.4437134e7,9.4455858e7,9.5035564e7,9.4008081e7,9.5625878e7,9.5073663e7,9.7604942e7,9.3898795e7,9.2506453e7,9.4870961e7,9.4310339e7,9.549262e7,9.5238823e7,9.389061e7,9.4118872e7,9.2652558e7,9.3587465e7,9.3050186e7,9.269837e7,1.05567155e8,9.4315632e7,9.3755035e7,9.5317318e7,9.3603046e7,9.4680242e7,9.3477511e7,9.4428595e7,9.3376412e7,9.3488171e7,9.5143478e7,9.3647697e7,9.6152624e7,9.5209769e7,9.341211e7,9.5328614e7,9.3714826e7,9.3815358e7,9.3138905e7,9.4709585e7,9.5161038e7,9.7705171e7,9.4416256e7,9.3657264e7,9.5342933e7,9.3862239e7,1.05935047e8,9.8116554e7]}],["Trial",{"allocs":2737,"gctimes":[0.0,0.0,0.0,0.0,0.0,0.0,0.0,0.0,0.0,0.0,0.0,0.0,0.0,0.0,0.0,0.0,0.0,0.0,0.0,0.0,0.0,0.0,0.0,0.0,8.187361e6,0.0,0.0,0.0,0.0,0.0,0.0,0.0,0.0,0.0,0.0,0.0,0.0,0.0,0.0,0.0,0.0,0.0,0.0,0.0,0.0,0.0,0.0,0.0],"memory":5605408,"params":["Parameters",{"gctrial":true,"time_tolerance":0.05,"samples":10000,"evals":1,"gcsample":false,"seconds":5.0,"overhead":0.0,"memory_tolerance":0.01}],"times":[1.03638117e8,1.03211273e8,1.01705536e8,1.04960658e8,1.02600048e8,1.04664213e8,1.03796683e8,1.0443694e8,1.04404873e8,1.02935901e8,1.06286989e8,1.04643355e8,1.05340507e8,1.03157768e8,1.02513361e8,1.04849002e8,1.04808086e8,1.07008446e8,1.05538929e8,1.01233001e8,1.03761301e8,1.03258874e8,1.03617821e8,1.05449013e8,1.1764355e8,1.08310107e8,1.04571527e8,1.03993414e8,1.0553905e8,1.04344512e8,1.05522679e8,1.0384123e8,1.04544563e8,1.0277673e8,1.03813657e8,1.03129578e8,1.0684057e8,1.02971925e8,1.00519929e8,1.03782801e8,1.03067599e8,1.03229474e8,1.02126793e8,1.02261187e8,1.04560161e8,1.03719294e8,1.04771275e8,1.03840331e8]}],["Trial",{"allocs":3071,"gctimes":[0.0,0.0,0.0,0.0,0.0,0.0,0.0,0.0,0.0,0.0,0.0,0.0,0.0,0.0,0.0,0.0,0.0,0.0,0.0,0.0,0.0,8.325047e6,0.0,0.0,0.0,0.0,0.0,0.0,0.0,0.0,0.0,0.0,0.0,0.0,0.0,0.0,0.0,0.0,0.0,0.0,0.0,0.0],"memory":6128208,"params":["Parameters",{"gctrial":true,"time_tolerance":0.05,"samples":10000,"evals":1,"gcsample":false,"seconds":5.0,"overhead":0.0,"memory_tolerance":0.01}],"times":[1.20129535e8,1.1810777e8,1.18848181e8,1.19840385e8,1.21295569e8,1.22338109e8,1.20288906e8,1.21447305e8,1.19955506e8,1.18145676e8,1.20389381e8,1.22935369e8,1.2381337e8,1.21618526e8,1.18043834e8,1.22349626e8,1.19314983e8,1.21703459e8,1.19532396e8,1.18553801e8,1.20468984e8,1.33685278e8,1.22318531e8,1.2885182e8,1.23200462e8,1.21434968e8,1.2340307e8,1.22125313e8,1.26393395e8,1.21188705e8,1.24377723e8,1.2563439e8,1.25332428e8,1.20373373e8,1.20703933e8,1.21028682e8,1.18181141e8,1.2148047e8,1.21501469e8,1.21896857e8,1.23257644e8,1.22191682e8]}],["Trial",{"allocs":3292,"gctimes":[0.0,0.0,0.0,0.0,0.0,0.0,0.0,0.0,0.0,0.0,0.0,0.0,0.0,0.0,0.0,0.0,0.0,0.0,0.0,0.0,8.543227e6,0.0,0.0,0.0,0.0,0.0,0.0,0.0,0.0,0.0,0.0,0.0,0.0,0.0,0.0,0.0],"memory":6488112,"params":["Parameters",{"gctrial":true,"time_tolerance":0.05,"samples":10000,"evals":1,"gcsample":false,"seconds":5.0,"overhead":0.0,"memory_tolerance":0.01}],"times":[1.47629839e8,1.41822103e8,1.42211473e8,1.42296136e8,1.40892938e8,1.41392874e8,1.41250645e8,1.42346999e8,1.42351785e8,1.41461252e8,1.42414298e8,1.42184672e8,1.45346552e8,1.40443422e8,1.34958671e8,1.43213505e8,1.46147129e8,1.44652345e8,1.41577106e8,1.36631236e8,1.52263142e8,1.40683314e8,1.46133192e8,1.40727461e8,1.39380247e8,1.57428113e8,1.40233873e8,1.43186145e8,1.40502459e8,1.41109338e8,1.38858016e8,1.37949051e8,1.40489236e8,1.39833783e8,1.38190837e8,1.35471085e8]}],["Trial",{"allocs":3430,"gctimes":[0.0,0.0,0.0,0.0,0.0,0.0,0.0,0.0,0.0,0.0,0.0,0.0,0.0,0.0,0.0,0.0,0.0,0.0,0.0,0.0,8.889306e6,0.0,0.0,0.0,0.0,0.0,0.0,0.0,0.0,0.0,0.0,0.0,0.0,0.0],"memory":6716832,"params":["Parameters",{"gctrial":true,"time_tolerance":0.05,"samples":10000,"evals":1,"gcsample":false,"seconds":5.0,"overhead":0.0,"memory_tolerance":0.01}],"times":[1.52452658e8,1.48253918e8,1.46415909e8,1.46472673e8,1.44397907e8,1.47159618e8,1.47307719e8,1.48512609e8,1.49353493e8,1.48148929e8,1.4994186e8,1.48064087e8,1.54850238e8,1.44974887e8,1.41110871e8,1.45896361e8,1.46771004e8,1.49148228e8,1.43967973e8,1.43015888e8,1.53395672e8,1.45691027e8,1.44588892e8,1.48695389e8,1.43390589e8,1.45666942e8,1.44227343e8,1.47497782e8,1.46262364e8,1.44410902e8,1.52895862e8,1.48937465e8,1.5022954e8,1.4527556e8]}],["Trial",{"allocs":3556,"gctimes":[0.0,0.0,0.0,0.0,0.0,0.0,0.0,0.0,0.0,0.0,0.0,0.0,0.0,0.0,0.0,0.0,0.0,0.0,0.0,8.553247e6,0.0,0.0,0.0,0.0,0.0,0.0,0.0,0.0,0.0,0.0,0.0,0.0],"memory":6893840,"params":["Parameters",{"gctrial":true,"time_tolerance":0.05,"samples":10000,"evals":1,"gcsample":false,"seconds":5.0,"overhead":0.0,"memory_tolerance":0.01}],"times":[1.61543958e8,1.5557618e8,1.5748501e8,1.65688401e8,1.6363211e8,1.59950348e8,1.59131072e8,1.56164179e8,1.56399646e8,1.55237723e8,1.58745262e8,1.56701696e8,1.61556596e8,1.53955299e8,1.53503165e8,1.59767028e8,1.58823769e8,1.61742947e8,1.57209278e8,1.67593716e8,1.5691785e8,1.57254125e8,1.6062137e8,1.60530278e8,1.61378434e8,1.61659412e8,1.58823683e8,1.57914909e8,1.57159352e8,1.54433286e8,1.54512424e8,1.57480515e8]}],["Trial",{"allocs":3576,"gctimes":[0.0,0.0,0.0,0.0,0.0,0.0,0.0,0.0,0.0,0.0,0.0,0.0,0.0,0.0,0.0,0.0,0.0,0.0,0.0,8.567575e6,0.0,0.0,0.0,0.0,0.0,0.0,0.0,0.0,0.0,0.0],"memory":6918320,"params":["Parameters",{"gctrial":true,"time_tolerance":0.05,"samples":10000,"evals":1,"gcsample":false,"seconds":5.0,"overhead":0.0,"memory_tolerance":0.01}],"times":[1.70351597e8,1.65294672e8,1.61015327e8,1.62334101e8,1.66535793e8,2.38349687e8,1.66815799e8,1.66758512e8,1.59933512e8,1.60505787e8,1.67654431e8,1.70269728e8,1.69796739e8,1.61811846e8,1.57921395e8,1.62358317e8,1.5884244e8,1.66838275e8,1.63591076e8,1.74669916e8,1.63328911e8,1.64950607e8,1.66679571e8,1.60819998e8,1.66395392e8,1.64589062e8,1.64943019e8,1.60800198e8,1.64488806e8,1.58244131e8]}]],"medians":[94.455858,103.8407805,121.4638875,141.427063,146.965311,158.3300855,164.7660405]}