{"lengs":[10.0,21.544346900318835,46.41588833612779,100.0,215.44346900318845,464.15888336127773,1000.0],"benchmarks":[["Trial",{"allocs":7523,"gctimes":[0.0,0.0,0.0,0.0,0.0,0.0,0.0,0.0,0.0,0.0,0.0,0.0,0.0,0.0,0.0,0.0,0.0,0.0,0.0,0.0,0.0,0.0,0.0,0.0,0.0,0.0,0.0,0.0,0.0,0.0,0.0,0.0,0.0,0.0,0.0,0.0,0.0,0.0,9.907224e6,0.0,0.0,0.0,0.0,0.0,0.0,0.0,0.0,0.0,0.0,0.0,0.0,0.0,0.0,0.0,0.0,0.0,0.0,0.0,0.0,0.0,0.0,0.0,0.0,0.0,0.0,0.0,0.0,0.0],"memory":2930784,"params":["Parameters",{"gctrial":true,"time_tolerance":0.05,"samples":10000,"evals":1,"gcsample":false,"seconds":5.0,"overhead":0.0,"memory_tolerance":0.01}],"times":[8.3963084e7,7.4637499e7,7.4304845e7,7.4590127e7,7.4098476e7,7.4837245e7,7.3757167e7,7.3652057e7,7.3899656e7,7.393785e7,7.3240344e7,7.3963497e7,7.3734824e7,7.4075246e7,7.3535098e7,7.3808274e7,7.390557e7,7.4203368e7,7.3327414e7,7.3432934e7,7.3853418e7,7.3444954e7,7.4204319e7,7.4653596e7,7.4590198e7,7.3652815e7,7.3863763e7,7.3846499e7,7.3648801e7,7.3311538e7,7.380375e7,7.3955387e7,7.4234447e7,7.3966364e7,7.4046549e7,7.3950666e7,7.397749e7,7.4251388e7,9.5957042e7,7.3898783e7,7.3863526e7,7.38296e7,7.373764e7,7.3736565e7,7.375407e7,7.352241e7,7.3459513e7,7.4002864e7,7.350347e7,7.3508282e7,7.334246e7,7.379542e7,7.3563851e7,7.3300741e7,7.3612503e7,7.3104533e7,7.354731e7,7.3528206e7,7.3410357e7,7.3401949e7,7.3746321e7,7.3971587e7,7.2861464e7,7.302524e7,7.3755048e7,7.3645829e7,7.3923002e7,7.3770499e7]}],["Trial",{"allocs":10183,"gctimes":[0.0,0.0,0.0,0.0,0.0,0.0,0.0,0.0,0.0,0.0,0.0,0.0,0.0,0.0,0.0,0.0,0.0,0.0,0.0,0.0,0.0,0.0,0.0,0.0,0.0,0.0,0.0,0.0,0.0,1.0020653e7,0.0,0.0,0.0,0.0,0.0,0.0,0.0,0.0,0.0,0.0,0.0,0.0,0.0,0.0,0.0,0.0,0.0,0.0,0.0,0.0,0.0],"memory":3851872,"params":["Parameters",{"gctrial":true,"time_tolerance":0.05,"samples":10000,"evals":1,"gcsample":false,"seconds":5.0,"overhead":0.0,"memory_tolerance":0.01}],"times":[1.09250753e8,9.8058955e7,9.8474509e7,9.7655138e7,9.7689763e7,1.02382399e8,9.8530333e7,9.7296877e7,9.7620088e7,9.8230654e7,9.7615563e7,9.7751934e7,9.7820105e7,9.7922475e7,9.7762289e7,9.9016345e7,9.827118e7,1.10561731e8,1.02212052e8,1.03078185e8,9.9012695e7,9.9627668e7,9.9937974e7,9.9784692e7,9.8883518e7,1.00910038e8,9.9640061e7,9.8237211e7,9.763754e7,1.2093843e8,9.8676423e7,9.8672343e7,9.8222739e7,9.8877486e7,9.8572089e7,9.7566481e7,9.9818983e7,9.9854534e7,1.00033639e8,9.9260415e7,9.9640697e7,1.00097983e8,9.9816625e7,9.9931048e7,9.8770361e7,9.894647e7,1.00281038e8,9.9387085e7,9.9038894e7,9.9795417e7,9.9370168e7]}],["Trial",{"allocs":11801,"gctimes":[0.0,0.0,0.0,0.0,0.0,0.0,0.0,0.0,0.0,0.0,0.0,0.0,0.0,0.0,0.0,0.0,0.0,0.0,0.0,0.0,0.0,0.0,0.0,0.0,9.66834e6,0.0,0.0,0.0,0.0,0.0,0.0,0.0,0.0,0.0,0.0,0.0,0.0,0.0,0.0,0.0,0.0,0.0,0.0,0.0,0.0],"memory":4515968,"params":["Parameters",{"gctrial":true,"time_tolerance":0.05,"samples":10000,"evals":1,"gcsample":false,"seconds":5.0,"overhead":0.0,"memory_tolerance":0.01}],"times":[1.25816621e8,1.12009948e8,1.10718555e8,1.11614396e8,1.13249497e8,1.11369939e8,1.12981135e8,1.12905569e8,1.12468445e8,1.12115033e8,1.12392525e8,1.12857741e8,1.12086186e8,1.12242291e8,1.12299979e8,1.12220972e8,1.12284565e8,1.12536456e8,1.12363533e8,1.12490737e8,1.13225177e8,1.12398525e8,1.12515269e8,1.11817947e8,1.34133446e8,1.11434421e8,1.10859434e8,1.10294374e8,1.10838928e8,1.10929997e8,1.10367324e8,1.12154322e8,1.12310143e8,1.12755215e8,1.12089408e8,1.1211807e8,1.12242523e8,1.12466347e8,1.12458251e8,1.12777517e8,1.12450038e8,1.1180417e8,1.11989953e8,1.11919532e8,1.12413663e8]}],["Trial",{"allocs":13138,"gctimes":[0.0,0.0,0.0,0.0,0.0,0.0,0.0,0.0,0.0,0.0,0.0,0.0,0.0,0.0,0.0,0.0,0.0,0.0,0.0,0.0,0.0,0.0,9.639474e6,0.0,0.0,0.0,0.0,0.0,0.0,0.0,0.0,0.0,0.0,0.0,0.0,0.0,0.0,0.0,0.0,0.0,0.0,0.0,0.0],"memory":5002720,"params":["Parameters",{"gctrial":true,"time_tolerance":0.05,"samples":10000,"evals":1,"gcsample":false,"seconds":5.0,"overhead":0.0,"memory_tolerance":0.01}],"times":[1.24675653e8,1.16559632e8,1.17183018e8,1.17749579e8,1.17696317e8,1.19595076e8,1.19385548e8,1.20127151e8,1.19824758e8,1.19917434e8,1.19139061e8,1.1889017e8,1.19848446e8,1.19257908e8,1.18414298e8,1.19343821e8,1.18918609e8,1.19168014e8,1.18874025e8,1.18682356e8,1.19158155e8,1.18608752e8,1.4086467e8,1.17692493e8,1.16213764e8,1.16693827e8,1.16281333e8,1.17605087e8,1.18024642e8,1.17887124e8,1.16634927e8,1.17658997e8,1.16954233e8,1.17661663e8,1.17100714e8,1.17911775e8,1.17266547e8,1.17512549e8,1.17941615e8,1.17413151e8,1.17130271e8,1.17423283e8,1.18173881e8]}],["Trial",{"allocs":14122,"gctimes":[0.0,0.0,0.0,0.0,0.0,0.0,0.0,0.0,0.0,0.0,0.0,0.0,0.0,0.0,0.0,0.0,0.0,0.0,0.0,0.0,0.0,9.511901e6,0.0,0.0,0.0,0.0,0.0,0.0,0.0,0.0,0.0,0.0,0.0,0.0,0.0,0.0,0.0,0.0,0.0,0.0],"memory":5222432,"params":["Parameters",{"gctrial":true,"time_tolerance":0.05,"samples":10000,"evals":1,"gcsample":false,"seconds":5.0,"overhead":0.0,"memory_tolerance":0.01}],"times":[1.33834338e8,1.21834311e8,1.22371588e8,1.23086009e8,1.23892013e8,1.24991739e8,1.2433896e8,1.25376366e8,1.26244159e8,1.26712911e8,1.25502528e8,1.26831197e8,1.26740782e8,1.26284814e8,1.26548593e8,1.25972296e8,1.26882132e8,1.25630244e8,1.24281494e8,1.25602939e8,1.25764797e8,1.45432026e8,1.24532285e8,1.24393448e8,1.25610317e8,1.20968518e8,1.23412522e8,1.25338463e8,1.25995078e8,1.26222109e8,1.26540711e8,1.27498588e8,1.26278062e8,1.24617026e8,1.24399848e8,1.24718158e8,1.24883475e8,1.26876424e8,1.28716111e8,1.23474807e8]}],["Trial",{"allocs":14520,"gctimes":[0.0,0.0,0.0,0.0,0.0,0.0,0.0,0.0,0.0,0.0,0.0,0.0,0.0,0.0,0.0,0.0,0.0,0.0,0.0,0.0,9.578224e6,0.0,0.0,0.0,0.0,0.0,0.0,0.0,0.0,0.0,0.0,0.0,0.0,0.0,0.0,0.0,0.0,0.0,0.0],"memory":5500256,"params":["Parameters",{"gctrial":true,"time_tolerance":0.05,"samples":10000,"evals":1,"gcsample":false,"seconds":5.0,"overhead":0.0,"memory_tolerance":0.01}],"times":[1.37815069e8,1.29721619e8,1.29642975e8,1.26372043e8,1.27781382e8,1.29884409e8,1.29978502e8,1.2985945e8,1.31263757e8,1.30950722e8,1.3082928e8,1.30225651e8,1.30252673e8,1.30358091e8,1.30418972e8,1.31397232e8,1.31219987e8,1.29939916e8,1.29971642e8,1.30208805e8,1.51275166e8,1.29395433e8,1.28570497e8,1.28143356e8,1.29530957e8,1.31156595e8,1.29001894e8,1.30497291e8,1.30596848e8,1.28929698e8,1.30182534e8,1.29751438e8,1.30711032e8,1.29332844e8,1.29456993e8,1.30193224e8,1.30827078e8,1.28352698e8,1.29544596e8]}],["Trial",{"allocs":14492,"gctimes":[0.0,0.0,0.0,0.0,0.0,0.0,0.0,0.0,0.0,0.0,0.0,0.0,0.0,0.0,0.0,0.0,0.0,0.0,0.0,0.0,9.509809e6,0.0,0.0,0.0,0.0,0.0,0.0,0.0,0.0,0.0,0.0,0.0,0.0,0.0,0.0,0.0,0.0,0.0],"memory":5481664,"params":["Parameters",{"gctrial":true,"time_tolerance":0.05,"samples":10000,"evals":1,"gcsample":false,"seconds":5.0,"overhead":0.0,"memory_tolerance":0.01}],"times":[1.41353437e8,1.30627587e8,1.320482e8,1.31385938e8,1.31377072e8,1.33335582e8,1.31932491e8,1.30880115e8,1.33313433e8,1.3641848e8,1.32439859e8,1.31530481e8,1.33686884e8,1.33411982e8,1.34381312e8,1.34421228e8,1.33309761e8,1.32221732e8,1.31943324e8,1.32679864e8,1.52459906e8,1.31045532e8,1.31200562e8,1.30896233e8,1.32160869e8,1.3285243e8,1.32571094e8,1.32400605e8,1.32589561e8,1.3270219e8,1.3340702e8,1.33309983e8,1.33310148e8,1.32081477e8,1.3190122e8,1.31915029e8,1.31627288e8,1.31511718e8]}]],"medians":[73.799585,99.012695,112.284565,117.941615,125.606628,129.978502,132.420232]}