{"lengs":[10.0,31.622776601683793,100.0,316.2277660168379,1000.0,3162.2776601683795,10000.0,31622.776601683792,100000.0],"benchmarks":[["Trial",{"allocs":5811224,"gctimes":[8.928821e6,8.606545e6,8.911967e6,9.261787e6,8.830765e6,8.901346e6,8.719415e6,1.8937545e7,8.794426e6,8.888743e6,9.230106e6,8.8257e6,8.886335e6,8.876846e6,9.018985e6,1.9249203e7,8.873789e6,8.855005e6,8.810465e6,8.810446e6,9.024336e6,9.006264e6,1.8951508e7],"memory":120746320,"params":["Parameters",{"gctrial":true,"time_tolerance":0.05,"samples":10000,"evals":1,"gcsample":false,"seconds":5.0,"overhead":0.0,"memory_tolerance":0.01}],"times":[2.39071103e8,2.18746345e8,2.20157784e8,2.19635814e8,2.21898314e8,2.23862335e8,2.24710475e8,2.32765376e8,2.20314448e8,2.1925017e8,2.20188535e8,2.19457808e8,2.24008753e8,2.25116002e8,2.23639204e8,2.31670341e8,2.20458619e8,2.19482303e8,2.18634883e8,2.21136153e8,2.26027272e8,2.24425181e8,2.34138414e8]}],["Trial",{"allocs":5829160,"gctimes":[8.947109e6,8.860483e6,8.897976e6,8.824053e6,8.761054e6,8.81455e6,1.8528619e7,9.102268e6,9.251251e6,8.733898e6,8.724907e6,8.65984e6,8.802827e6,8.852797e6,1.8762933e7,8.850517e6,8.744901e6,8.845016e6,9.158323e6,8.907106e6,8.85459e6,1.9016225e7,9.277851e6],"memory":121714136,"params":["Parameters",{"gctrial":true,"time_tolerance":0.05,"samples":10000,"evals":1,"gcsample":false,"seconds":5.0,"overhead":0.0,"memory_tolerance":0.01}],"times":[2.39151716e8,2.21156857e8,2.20718721e8,2.19785828e8,2.25319914e8,2.2570062e8,2.36215348e8,2.22606104e8,2.21694015e8,2.20760304e8,2.20661213e8,2.23488172e8,2.24774811e8,2.25668619e8,2.32386531e8,2.21830345e8,2.20059148e8,2.20428615e8,2.236867e8,2.25851972e8,2.26151301e8,2.33655498e8,2.21627557e8]}],["Trial",{"allocs":5838032,"gctimes":[9.187958e6,8.631846e6,8.811183e6,9.201527e6,8.873387e6,8.775463e6,1.8612253e7,9.214144e6,8.719223e6,8.757576e6,8.772556e6,8.788744e6,8.909876e6,1.9045587e7,9.348268e6,8.785087e6,8.781474e6,8.750063e6,8.760496e6,8.911779e6,9.28305e6,1.905166e7,8.607457e6],"memory":121865512,"params":["Parameters",{"gctrial":true,"time_tolerance":0.05,"samples":10000,"evals":1,"gcsample":false,"seconds":5.0,"overhead":0.0,"memory_tolerance":0.01}],"times":[2.40099749e8,2.21215872e8,2.21305101e8,2.21631935e8,2.25961439e8,2.2645095e8,2.36418709e8,2.23064365e8,2.21655022e8,2.20319305e8,2.19814124e8,2.25059306e8,2.26960174e8,2.36273958e8,2.23435594e8,2.22130424e8,2.21135831e8,2.21091272e8,2.25457865e8,2.27473619e8,2.29245757e8,2.32963104e8,2.20661061e8]}],["Trial",{"allocs":5847032,"gctimes":[8.937771e6,8.493089e6,8.70411e6,8.792982e6,8.691711e6,8.736427e6,1.8864238e7,8.909996e6,8.696129e6,8.536693e6,8.749734e6,9.265708e6,8.890108e6,1.8724893e7,8.861205e6,8.744272e6,8.71116e6,8.75103e6,8.890696e6,8.752968e6,1.9400326e7,8.812403e6,8.783701e6],"memory":122460264,"params":["Parameters",{"gctrial":true,"time_tolerance":0.05,"samples":10000,"evals":1,"gcsample":false,"seconds":5.0,"overhead":0.0,"memory_tolerance":0.01}],"times":[2.40304776e8,2.21235533e8,2.19899421e8,2.20791313e8,2.25829418e8,2.26422344e8,2.35433639e8,2.22665579e8,2.20765497e8,2.21494899e8,2.22051969e8,2.27409112e8,2.27401337e8,2.35611639e8,2.22346244e8,2.2126344e8,2.20721699e8,2.22727947e8,2.26972765e8,2.26150077e8,2.35740699e8,2.22540157e8,2.2092243e8]}],["Trial",{"allocs":5847032,"gctimes":[9.000571e6,8.495094e6,9.110241e6,8.681859e6,8.898246e6,8.857957e6,1.8739744e7,8.846676e6,8.780402e6,8.736463e6,8.631656e6,8.805308e6,8.870235e6,1.8852288e7,8.599129e6,8.788508e6,8.752673e6,9.141374e6,8.765769e6,8.741115e6,1.890574e7,8.731088e6,8.622023e6],"memory":122460264,"params":["Parameters",{"gctrial":true,"time_tolerance":0.05,"samples":10000,"evals":1,"gcsample":false,"seconds":5.0,"overhead":0.0,"memory_tolerance":0.01}],"times":[2.40025127e8,2.20425052e8,2.20393157e8,2.21595994e8,2.27055805e8,2.26238868e8,2.35834799e8,2.22100145e8,2.20848258e8,2.21199139e8,2.21967554e8,2.26399565e8,2.26715389e8,2.36073161e8,2.21829912e8,2.20766911e8,2.21084485e8,2.22424597e8,2.26655005e8,2.25696901e8,2.3581144e8,2.21812303e8,2.2149667e8]}],["Trial",{"allocs":5855968,"gctimes":[8.779245e6,8.491004e6,8.718878e6,8.583669e6,8.82964e6,1.0809403e7,1.8749226e7,8.709912e6,8.765075e6,8.714281e6,8.696429e6,8.750691e6,9.164152e6,1.8934045e7,8.610114e6,8.769266e6,8.721551e6,8.680336e6,8.824045e6,1.8605461e7,9.1995e6,8.753296e6],"memory":122833328,"params":["Parameters",{"gctrial":true,"time_tolerance":0.05,"samples":10000,"evals":1,"gcsample":false,"seconds":5.0,"overhead":0.0,"memory_tolerance":0.01}],"times":[2.40118329e8,2.20630216e8,2.22184922e8,2.21947974e8,2.39908146e8,2.47452243e8,2.36014e8,2.22535829e8,2.21286552e8,2.21316496e8,2.23243249e8,2.26727536e8,2.2665346e8,2.35695953e8,2.21454101e8,2.21705285e8,2.2105057e8,2.25164834e8,2.27106361e8,2.3682227e8,2.22319898e8,2.21748271e8]}],["Trial",{"allocs":5864904,"gctimes":[8.954938e6,8.513555e6,8.75003e6,8.643905e6,8.908408e6,8.62352e6,1.9400821e7,8.694503e6,8.650517e6,8.628097e6,8.689028e6,8.763173e6,1.8549304e7,9.560208e6,8.557887e6,8.572434e6,8.613301e6,8.760342e6,8.911214e6,1.8639752e7,8.827749e6,8.906355e6,8.674225e6],"memory":123206392,"params":["Parameters",{"gctrial":true,"time_tolerance":0.05,"samples":10000,"evals":1,"gcsample":false,"seconds":5.0,"overhead":0.0,"memory_tolerance":0.01}],"times":[2.41858953e8,2.21362976e8,2.22109355e8,2.22749398e8,2.26792565e8,2.25709093e8,2.36373034e8,2.23245748e8,2.20958798e8,2.21062598e8,2.25055812e8,2.26926291e8,2.38279069e8,2.22978454e8,2.21721351e8,2.21853619e8,2.21660242e8,2.26691999e8,2.27863079e8,2.36498905e8,2.22968634e8,2.21748177e8,2.21402554e8]}],["Trial",{"allocs":5864904,"gctimes":[8.876259e6,8.373098e6,8.758976e6,8.766865e6,8.756204e6,8.779113e6,1.8650218e7,8.731703e6,8.719738e6,8.534801e6,8.775507e6,8.82817e6,1.8567709e7,9.582301e6,8.598366e6,8.581467e6,8.571813e6,8.663802e6,8.761804e6,1.9203693e7,8.714248e6,8.933143e6,8.629336e6],"memory":123206392,"params":["Parameters",{"gctrial":true,"time_tolerance":0.05,"samples":10000,"evals":1,"gcsample":false,"seconds":5.0,"overhead":0.0,"memory_tolerance":0.01}],"times":[2.40654404e8,2.20868969e8,2.20184526e8,2.21639424e8,2.26598413e8,2.27212541e8,2.35422722e8,2.2220885e8,2.21558499e8,2.20038196e8,2.24184402e8,2.26038883e8,2.37705903e8,2.23244151e8,2.21019555e8,2.21600176e8,2.20556842e8,2.28162515e8,2.26968643e8,2.37080649e8,2.22215252e8,2.21383987e8,2.20883387e8]}],["Trial",{"allocs":5873840,"gctimes":[8.916317e6,8.749683e6,8.669185e6,8.762657e6,8.806089e6,8.749149e6,1.9343595e7,8.661987e6,8.730974e6,9.019489e6,8.716075e6,8.845374e6,1.9087086e7,8.950098e6,9.064235e6,8.544398e6,8.804306e6,8.684474e6,8.99482e6,1.8914295e7,8.721305e6,8.554098e6,8.579881e6],"memory":123579456,"params":["Parameters",{"gctrial":true,"time_tolerance":0.05,"samples":10000,"evals":1,"gcsample":false,"seconds":5.0,"overhead":0.0,"memory_tolerance":0.01}],"times":[2.40653305e8,2.22795548e8,2.2022774e8,2.23743853e8,2.27564357e8,2.27270488e8,2.36086946e8,2.23144678e8,2.22561649e8,2.21947527e8,2.25385027e8,2.28868152e8,2.37839017e8,2.22929035e8,2.21478895e8,2.21539279e8,2.24059704e8,2.27318302e8,2.28087682e8,2.34887765e8,2.22535748e8,2.21570209e8,2.21525255e8]}]],"medians":[221.898314,223.488172,223.435594,222.665579,222.100145,222.889539,222.978454,222.215252,223.743853]}