{"lengs":[10.0,21.544346900318835,46.41588833612779,100.0,215.44346900318845,464.15888336127773,1000.0],"benchmarks":[["Trial",{"allocs":7559,"gctimes":[7.09035e6],"memory":1879077152,"params":["Parameters",{"gctrial":true,"time_tolerance":0.05,"samples":10000,"evals":1,"gcsample":false,"seconds":5.0,"overhead":0.0,"memory_tolerance":0.01}],"times":[7.0310471385e10]}],["Trial",{"allocs":8606,"gctimes":[7.379071e6],"memory":1964743160,"params":["Parameters",{"gctrial":true,"time_tolerance":0.05,"samples":10000,"evals":1,"gcsample":false,"seconds":5.0,"overhead":0.0,"memory_tolerance":0.01}],"times":[7.7824993385e10]}],["Trial",{"allocs":10355,"gctimes":[7.481993e6],"memory":2219676672,"params":["Parameters",{"gctrial":true,"time_tolerance":0.05,"samples":10000,"evals":1,"gcsample":false,"seconds":5.0,"overhead":0.0,"memory_tolerance":0.01}],"times":[8.6804104733e10]}],["Trial",{"allocs":11284,"gctimes":[7.185874e6],"memory":2305513976,"params":["Parameters",{"gctrial":true,"time_tolerance":0.05,"samples":10000,"evals":1,"gcsample":false,"seconds":5.0,"overhead":0.0,"memory_tolerance":0.01}],"times":[9.0042407407e10]}],["Trial",{"allocs":13748,"gctimes":[7.35349e6],"memory":2645553528,"params":["Parameters",{"gctrial":true,"time_tolerance":0.05,"samples":10000,"evals":1,"gcsample":false,"seconds":5.0,"overhead":0.0,"memory_tolerance":0.01}],"times":[1.04085213209e11]}],["Trial",{"allocs":15952,"gctimes":[1.4846035e7],"memory":2901428032,"params":["Parameters",{"gctrial":true,"time_tolerance":0.05,"samples":10000,"evals":1,"gcsample":false,"seconds":5.0,"overhead":0.0,"memory_tolerance":0.01}],"times":[1.14371008736e11]}],["Trial",{"allocs":17033,"gctimes":[1.4522248e7],"memory":3155958376,"params":["Parameters",{"gctrial":true,"time_tolerance":0.05,"samples":10000,"evals":1,"gcsample":false,"seconds":5.0,"overhead":0.0,"memory_tolerance":0.01}],"times":[1.21709212521e11]}]],"medians":[70310.471385,77824.993385,86804.104733,90042.407407,104085.213209,114371.008736,121709.212521]}