{"lengs":[10.0,21.544346900318835,46.41588833612779,100.0,215.44346900318845,464.15888336127773,1000.0],"benchmarks":[["Trial",{"allocs":30132409,"gctimes":[8.157148e7,1.04599959e8,1.04101824e8],"memory":597901120,"params":["Parameters",{"gctrial":true,"time_tolerance":0.05,"samples":10000,"evals":1,"gcsample":false,"seconds":5.0,"overhead":0.0,"memory_tolerance":0.01}],"times":[1.853168994e9,1.819044463e9,1.836103715e9]}],["Trial",{"allocs":37772149,"gctimes":[1.0202756e8,1.24586913e8,1.20837237e8],"memory":720502128,"params":["Parameters",{"gctrial":true,"time_tolerance":0.05,"samples":10000,"evals":1,"gcsample":false,"seconds":5.0,"overhead":0.0,"memory_tolerance":0.01}],"times":[2.301713338e9,2.294127972e9,2.255461985e9]}],["Trial",{"allocs":52747682,"gctimes":[1.38517362e8,1.6387504e8],"memory":960605600,"params":["Parameters",{"gctrial":true,"time_tolerance":0.05,"samples":10000,"evals":1,"gcsample":false,"seconds":5.0,"overhead":0.0,"memory_tolerance":0.01}],"times":[3.167356606e9,3.182802398e9]}],["Trial",{"allocs":66943026,"gctimes":[1.93228526e8,1.96565799e8],"memory":1298563312,"params":["Parameters",{"gctrial":true,"time_tolerance":0.05,"samples":10000,"evals":1,"gcsample":false,"seconds":5.0,"overhead":0.0,"memory_tolerance":0.01}],"times":[4.060819889e9,4.089963756e9]}],["Trial",{"allocs":70893865,"gctimes":[1.88348679e8,2.1331092e8],"memory":1362039344,"params":["Parameters",{"gctrial":true,"time_tolerance":0.05,"samples":10000,"evals":1,"gcsample":false,"seconds":5.0,"overhead":0.0,"memory_tolerance":0.01}],"times":[4.104844348e9,4.122660474e9]}],["Trial",{"allocs":73499115,"gctimes":[2.32061221e8,2.3475824e8],"memory":1403913568,"params":["Parameters",{"gctrial":true,"time_tolerance":0.05,"samples":10000,"evals":1,"gcsample":false,"seconds":5.0,"overhead":0.0,"memory_tolerance":0.01}],"times":[4.357459713e9,4.345561606e9]}],["Trial",{"allocs":74801595,"gctimes":[2.34918076e8,2.32302072e8],"memory":1424846736,"params":["Parameters",{"gctrial":true,"time_tolerance":0.05,"samples":10000,"evals":1,"gcsample":false,"seconds":5.0,"overhead":0.0,"memory_tolerance":0.01}],"times":[4.439447129e9,4.39610975e9]}]],"medians":[1836.103715,2294.127972,3175.079502,4075.3918225,4113.752411,4351.5106595,4417.7784395]}