{"lengs":[10.0,21.544346900318835,46.41588833612779,100.0,215.44346900318845,464.15888336127773,1000.0],"benchmarks":[["Trial",{"allocs":1359,"gctimes":[0.0,0.0,0.0,0.0,0.0,0.0,0.0,0.0,0.0,0.0,0.0,0.0,0.0,0.0,0.0,0.0,0.0,0.0,0.0,0.0,0.0,0.0,0.0,0.0,0.0,0.0,0.0,0.0,0.0,0.0,0.0,0.0,0.0,0.0,0.0,0.0,0.0,0.0,8.832233e6,0.0,0.0,0.0,0.0,0.0,0.0,0.0,0.0,0.0,0.0,0.0,0.0,0.0,0.0,0.0,0.0,0.0,0.0,0.0,0.0,0.0],"memory":4004480,"params":["Parameters",{"gctrial":true,"time_tolerance":0.05,"samples":10000,"evals":1,"gcsample":false,"seconds":5.0,"overhead":0.0,"memory_tolerance":0.01}],"times":[8.5040079e7,8.3633411e7,8.5320833e7,8.3871424e7,8.8021222e7,8.5509188e7,8.3927141e7,8.2153381e7,9.2849273e7,8.2117466e7,8.27234e7,8.3202201e7,8.3076045e7,8.4013955e7,8.550821e7,8.433446e7,8.5915291e7,8.5702583e7,8.3431299e7,8.4396015e7,8.4238448e7,8.4845102e7,8.3801369e7,8.2546886e7,8.2852129e7,8.3306589e7,8.6400594e7,8.4042344e7,8.3542525e7,8.275808e7,8.3878034e7,8.4190408e7,8.4367043e7,8.4259714e7,8.3798778e7,8.3940772e7,8.3694526e7,8.4844086e7,9.6186939e7,8.2732725e7,8.3287188e7,8.287511e7,8.395491e7,8.7263344e7,8.499525e7,8.3128667e7,8.9972092e7,8.2165986e7,8.333302e7,8.5037394e7,8.5819651e7,8.5477709e7,8.3164876e7,8.263742e7,8.3516903e7,8.4416535e7,8.3024174e7,8.3062162e7,8.3071559e7,8.3201688e7]}],["Trial",{"allocs":1580,"gctimes":[0.0,0.0,0.0,0.0,0.0,0.0,0.0,0.0,0.0,0.0,0.0,0.0,0.0,0.0,0.0,0.0,0.0,0.0,0.0,0.0,0.0,0.0,0.0,0.0,0.0,0.0,0.0,0.0,0.0,0.0,0.0,0.0,0.0,0.0,0.0,9.952911e6,0.0,0.0,0.0,0.0,0.0,0.0,0.0,0.0,0.0,0.0,0.0,0.0,0.0,0.0,0.0,0.0],"memory":4376192,"params":["Parameters",{"gctrial":true,"time_tolerance":0.05,"samples":10000,"evals":1,"gcsample":false,"seconds":5.0,"overhead":0.0,"memory_tolerance":0.01}],"times":[9.5184165e7,9.2823436e7,9.1822364e7,9.5441591e7,9.4843541e7,9.6310053e7,9.715547e7,9.4759401e7,1.04050692e8,9.2765084e7,9.4245416e7,9.4467718e7,9.4228946e7,9.3986786e7,9.4404354e7,9.3799382e7,9.8103868e7,9.8989348e7,9.5026546e7,9.6778014e7,9.4269121e7,1.00455534e8,9.6057114e7,9.56177e7,9.7155695e7,9.4414037e7,9.706242e7,9.5735872e7,9.2762821e7,9.6177827e7,9.408618e7,9.2254009e7,9.3783514e7,9.659086e7,9.546503e7,1.08878922e8,9.729227e7,1.27275828e8,1.23275021e8,1.00784883e8,1.00917388e8,9.857423e7,9.4901512e7,9.9310502e7,9.7762317e7,9.5157226e7,9.5939237e7,9.6736553e7,9.7076499e7,9.652768e7,9.5010701e7,9.564023e7]}],["Trial",{"allocs":1914,"gctimes":[0.0,0.0,0.0,0.0,0.0,0.0,0.0,0.0,0.0,0.0,0.0,0.0,0.0,0.0,0.0,0.0,0.0,0.0,0.0,0.0,0.0,0.0,0.0,0.0,0.0,0.0,0.0,0.0,0.0,0.0,0.0,9.905789e6,0.0,0.0,0.0,0.0,0.0,0.0,0.0,0.0,0.0,0.0,0.0,0.0],"memory":4898992,"params":["Parameters",{"gctrial":true,"time_tolerance":0.05,"samples":10000,"evals":1,"gcsample":false,"seconds":5.0,"overhead":0.0,"memory_tolerance":0.01}],"times":[1.13871577e8,1.13014825e8,1.11174947e8,1.20929287e8,1.15893406e8,1.15430323e8,1.14541683e8,1.12531853e8,1.23518127e8,1.12528664e8,1.14052234e8,1.15786289e8,1.1340925e8,1.12523674e8,1.14599322e8,1.13756963e8,1.12875153e8,1.16496389e8,1.10946905e8,1.15092303e8,1.15410272e8,1.15371847e8,1.11048023e8,1.12618684e8,1.11486185e8,1.12976495e8,1.12350915e8,1.14815517e8,1.14257749e8,1.13406141e8,1.14678385e8,1.26948991e8,1.14678934e8,1.10167364e8,1.13834966e8,1.14389444e8,1.15118833e8,1.14335432e8,1.11070875e8,1.21465674e8,1.11537417e8,1.14258946e8,1.1373661e8,1.12443106e8]}],["Trial",{"allocs":2134,"gctimes":[0.0,0.0,0.0,0.0,0.0,0.0,0.0,0.0,0.0,0.0,0.0,0.0,0.0,0.0,0.0,0.0,0.0,0.0,0.0,0.0,0.0,0.0,0.0,0.0,0.0,0.0,0.0,0.0,0.0,9.887463e6,0.0,0.0,0.0,0.0,0.0,0.0,0.0,0.0,0.0],"memory":5255888,"params":["Parameters",{"gctrial":true,"time_tolerance":0.05,"samples":10000,"evals":1,"gcsample":false,"seconds":5.0,"overhead":0.0,"memory_tolerance":0.01}],"times":[1.29980858e8,1.27712748e8,1.27202422e8,1.31184939e8,1.31369409e8,1.36738988e8,1.30596872e8,1.28637471e8,1.393015e8,1.28228556e8,1.25792384e8,1.24940259e8,1.29275655e8,1.35568247e8,1.25203944e8,1.21474833e8,1.23136674e8,1.26196262e8,1.25217367e8,1.23784611e8,1.24841133e8,1.28835915e8,1.2824005e8,1.25069424e8,1.21769117e8,1.25717272e8,1.2618876e8,1.27225976e8,1.28826009e8,1.41962973e8,1.29437021e8,1.28710856e8,1.26806309e8,1.23894834e8,1.32043863e8,1.28509146e8,1.29559965e8,1.42821475e8,1.26893373e8]}],["Trial",{"allocs":2272,"gctimes":[0.0,0.0,0.0,0.0,0.0,0.0,0.0,0.0,0.0,0.0,0.0,0.0,0.0,0.0,0.0,0.0,0.0,0.0,0.0,0.0,0.0,0.0,0.0,0.0,0.0,0.0,0.0,0.0,9.752316e6,0.0,0.0,0.0,0.0,0.0,0.0,0.0,0.0],"memory":5484608,"params":["Parameters",{"gctrial":true,"time_tolerance":0.05,"samples":10000,"evals":1,"gcsample":false,"seconds":5.0,"overhead":0.0,"memory_tolerance":0.01}],"times":[1.36827229e8,1.35776939e8,1.31420612e8,1.37087834e8,1.44675412e8,1.32997411e8,1.29546932e8,1.28805156e8,1.42148734e8,1.31205724e8,1.34471886e8,1.36082666e8,1.33642409e8,1.33487924e8,1.33762096e8,1.32367224e8,1.31152149e8,1.31512769e8,1.28100532e8,1.35570231e8,1.34553446e8,1.33506572e8,1.37222662e8,1.35992361e8,1.36630042e8,1.34123555e8,1.38892851e8,1.31893665e8,1.62732724e8,1.4391864e8,1.35759176e8,1.34817249e8,1.33046908e8,1.36539038e8,1.3745155e8,1.40885271e8,1.404486e8]}],["Trial",{"allocs":2398,"gctimes":[0.0,0.0,0.0,0.0,0.0,0.0,0.0,0.0,0.0,0.0,0.0,0.0,0.0,0.0,0.0,0.0,0.0,0.0,0.0,0.0,0.0,0.0,0.0,0.0,0.0,0.0,0.0,1.0127327e7,0.0,0.0,0.0,0.0,0.0,0.0,0.0],"memory":5661616,"params":["Parameters",{"gctrial":true,"time_tolerance":0.05,"samples":10000,"evals":1,"gcsample":false,"seconds":5.0,"overhead":0.0,"memory_tolerance":0.01}],"times":[1.47678387e8,1.44947155e8,1.428013e8,1.45178098e8,1.47339001e8,1.54238939e8,1.47109542e8,1.46178049e8,1.56529941e8,1.49826523e8,1.42796801e8,1.4406443e8,1.43070002e8,1.46182797e8,1.44675425e8,1.44577459e8,1.43094777e8,1.43953556e8,1.41375891e8,1.41380121e8,1.43680027e8,1.4676089e8,1.42499154e8,1.43327326e8,1.43154393e8,1.45213851e8,1.42634482e8,1.60153898e8,1.48980973e8,1.43005658e8,1.50397619e8,1.43256513e8,1.47542227e8,1.42868023e8,1.44248341e8]}],["Trial",{"allocs":2418,"gctimes":[0.0,0.0,0.0,0.0,0.0,0.0,0.0,0.0,0.0,0.0,0.0,0.0,0.0,0.0,0.0,0.0,0.0,0.0,0.0,0.0,0.0,0.0,0.0,0.0,0.0,0.0,0.0,1.0538777e7,0.0,0.0,0.0,0.0,0.0,0.0],"memory":5686096,"params":["Parameters",{"gctrial":true,"time_tolerance":0.05,"samples":10000,"evals":1,"gcsample":false,"seconds":5.0,"overhead":0.0,"memory_tolerance":0.01}],"times":[1.43860857e8,1.41890565e8,1.40817516e8,1.45690374e8,1.51688444e8,1.51210615e8,1.50340334e8,1.471402e8,1.61431277e8,1.53155726e8,1.48071548e8,1.45924326e8,1.46403589e8,1.44971598e8,1.45267789e8,1.42722856e8,1.43550016e8,1.43840167e8,1.46997736e8,1.44995307e8,1.44372935e8,1.422486e8,1.47379051e8,1.46414241e8,1.4361248e8,1.4960121e8,1.47718537e8,1.63207076e8,1.50914483e8,1.51031509e8,1.49720638e8,1.4503545e8,1.48624411e8,1.43320632e8]}]],"medians":[83.9025875,95.688051,113.9619055,128.228556,134.817249,144.577459,146.408915]}