{"lengs":[10.0,100.0,1000.0],"benchmarks":[["Trial",{"allocs":1677,"gctimes":[0.0,0.0,0.0,0.0,0.0,0.0],"memory":14759760,"params":["Parameters",{"gctrial":true,"time_tolerance":0.05,"samples":10000,"evals":1,"gcsample":false,"seconds":5.0,"overhead":0.0,"memory_tolerance":0.01}],"times":[9.65574211e8,9.65531658e8,9.66276403e8,9.6475561e8,9.66105091e8,9.651982e8]}],["Trial",{"allocs":2113,"gctimes":[0.0,0.0,0.0,0.0],"memory":15646480,"params":["Parameters",{"gctrial":true,"time_tolerance":0.05,"samples":10000,"evals":1,"gcsample":false,"seconds":5.0,"overhead":0.0,"memory_tolerance":0.01}],"times":[1.25743461e9,1.256367802e9,1.272500741e9,1.284094473e9]}],["Trial",{"allocs":2630,"gctimes":[0.0,0.0,0.0,0.0],"memory":16716560,"params":["Parameters",{"gctrial":true,"time_tolerance":0.05,"samples":10000,"evals":1,"gcsample":false,"seconds":5.0,"overhead":0.0,"memory_tolerance":0.01}],"times":[1.447622006e9,1.448370523e9,1.448939021e9,1.449090706e9]}]],"medians":[965.5529345,1264.9676755,1448.654772]}