{"lengs":[10.0,21.544346900318835,46.41588833612779,100.0,215.44346900318845,464.15888336127773,1000.0],"benchmarks":[["Trial",{"allocs":7528,"gctimes":[0.0,0.0,0.0,0.0,0.0,0.0,0.0,0.0,0.0,0.0,0.0,0.0,0.0,0.0,0.0,0.0,0.0,0.0,0.0,0.0,0.0,0.0,0.0,0.0,0.0,0.0,0.0,0.0,0.0,0.0,0.0,0.0,0.0,0.0,0.0,0.0,9.604897e6,0.0,0.0,0.0,0.0,0.0,0.0,0.0,0.0,0.0,0.0,0.0,0.0,0.0,0.0,0.0,0.0,0.0,0.0,0.0,0.0,0.0,0.0,0.0,0.0,0.0,0.0,0.0,0.0,0.0,0.0,0.0,0.0,0.0,0.0],"memory":3069184,"params":["Parameters",{"gctrial":true,"time_tolerance":0.05,"samples":10000,"evals":1,"gcsample":false,"seconds":5.0,"overhead":0.0,"memory_tolerance":0.01}],"times":[8.1018624e7,7.0532215e7,7.0306141e7,6.9879696e7,6.9640521e7,6.9968727e7,6.9452931e7,6.9652227e7,6.9857575e7,6.946628e7,7.0351079e7,6.9407111e7,7.0224888e7,7.0203596e7,6.9711403e7,6.9957683e7,6.9787913e7,6.9353009e7,6.9550709e7,7.0039564e7,7.0341461e7,7.1231166e7,7.0925944e7,7.1948935e7,7.1174514e7,6.9880814e7,7.1543063e7,7.2296799e7,7.0723064e7,7.1387966e7,7.0760542e7,7.0449118e7,7.0731659e7,7.1524461e7,7.1685432e7,6.9472963e7,8.9651941e7,6.9499605e7,6.9712296e7,7.025144e7,7.1485745e7,7.022559e7,6.9511952e7,6.9865822e7,7.0090033e7,6.9778405e7,6.9658094e7,6.9628747e7,6.9869188e7,6.9564405e7,6.9738647e7,7.0558295e7,7.0229941e7,6.941888e7,6.8508562e7,6.9366321e7,6.9738511e7,6.9308644e7,6.9028096e7,6.9607684e7,6.8544458e7,6.966816e7,7.0427664e7,6.9515044e7,6.9980088e7,7.0409903e7,6.8820361e7,7.0478154e7,6.9028457e7,7.0254831e7,6.9622862e7]}],["Trial",{"allocs":10188,"gctimes":[0.0,0.0,0.0,0.0,0.0,0.0,0.0,0.0,0.0,0.0,0.0,0.0,0.0,0.0,0.0,0.0,0.0,0.0,0.0,0.0,0.0,0.0,0.0,0.0,0.0,0.0,0.0,0.0,9.530975e6,0.0,0.0,0.0,0.0,0.0,0.0,0.0,0.0,0.0,0.0,0.0,0.0,0.0,0.0,0.0,0.0,0.0,0.0,0.0,0.0,0.0,0.0,0.0,0.0,0.0],"memory":3990272,"params":["Parameters",{"gctrial":true,"time_tolerance":0.05,"samples":10000,"evals":1,"gcsample":false,"seconds":5.0,"overhead":0.0,"memory_tolerance":0.01}],"times":[1.04455087e8,9.4679112e7,9.3434938e7,9.3240843e7,9.2741375e7,9.3199927e7,9.4599587e7,9.3326611e7,9.1917338e7,9.3209026e7,9.2568482e7,9.3411142e7,9.3245511e7,9.2607955e7,9.2865806e7,9.2058304e7,9.3440347e7,9.2356128e7,9.2626165e7,9.389081e7,9.3398795e7,9.3535253e7,9.3084676e7,9.1554203e7,9.173518e7,9.2154795e7,9.2478305e7,9.2308774e7,1.13131569e8,9.3191083e7,9.3825669e7,9.4510726e7,9.336427e7,9.217628e7,9.0814793e7,9.3232964e7,9.2889357e7,9.3810729e7,9.3206578e7,9.2833451e7,9.161434e7,9.3547221e7,9.2900314e7,9.2695213e7,9.3428279e7,9.2345255e7,9.3451726e7,9.2927764e7,9.2361558e7,9.3101956e7,9.3162496e7,9.2752803e7,9.25018e7,9.4213341e7]}],["Trial",{"allocs":11806,"gctimes":[0.0,0.0,0.0,0.0,0.0,0.0,0.0,0.0,0.0,0.0,0.0,0.0,0.0,0.0,0.0,0.0,0.0,0.0,0.0,0.0,0.0,0.0,0.0,0.0,9.711765e6,0.0,0.0,0.0,0.0,0.0,0.0,0.0,0.0,0.0,0.0,0.0,0.0,0.0,0.0,0.0,0.0,0.0,0.0,0.0,0.0,0.0],"memory":4654368,"params":["Parameters",{"gctrial":true,"time_tolerance":0.05,"samples":10000,"evals":1,"gcsample":false,"seconds":5.0,"overhead":0.0,"memory_tolerance":0.01}],"times":[1.19797571e8,1.07016637e8,1.07387497e8,1.06868285e8,1.11269814e8,1.18229843e8,1.15854179e8,1.1746633e8,1.1623194e8,1.15913828e8,1.09708528e8,1.10311275e8,1.1903271e8,1.16616307e8,1.16901433e8,1.15642905e8,1.14925009e8,1.10724815e8,1.06403886e8,1.06051036e8,1.06397172e8,1.05510341e8,1.04951304e8,1.05498212e8,1.29410385e8,1.09707667e8,1.06482427e8,1.07356641e8,1.07439622e8,1.07137207e8,1.06232824e8,1.06916191e8,1.07663755e8,1.07651651e8,1.30088667e8,1.06298125e8,1.06523103e8,1.0764743e8,1.057834e8,1.05927022e8,1.0638712e8,1.06448318e8,1.06165023e8,1.11258006e8,1.18426842e8,1.16068972e8]}],["Trial",{"allocs":13143,"gctimes":[0.0,0.0,0.0,0.0,0.0,0.0,0.0,0.0,0.0,0.0,0.0,0.0,0.0,0.0,0.0,0.0,0.0,0.0,0.0,0.0,0.0,9.989018e6,0.0,0.0,0.0,0.0,0.0,0.0,0.0,0.0,0.0,0.0,0.0,0.0,0.0,0.0,0.0,0.0,0.0,0.0],"memory":5141120,"params":["Parameters",{"gctrial":true,"time_tolerance":0.05,"samples":10000,"evals":1,"gcsample":false,"seconds":5.0,"overhead":0.0,"memory_tolerance":0.01}],"times":[1.26382587e8,1.215127e8,1.20896038e8,1.22218949e8,1.19855011e8,1.19369231e8,1.21103999e8,1.21886567e8,1.19769715e8,1.21476961e8,1.22459568e8,1.20184228e8,1.22268739e8,1.21779492e8,1.20711445e8,1.20373689e8,1.39449472e8,2.1205266e8,2.05752442e8,1.5735988e8,1.21636331e8,1.43745716e8,1.21238409e8,1.20980072e8,1.20151827e8,1.18956955e8,1.23635352e8,1.20956993e8,1.20864808e8,1.19149279e8,1.18510568e8,1.19810719e8,1.20218326e8,1.17518475e8,1.20197619e8,1.20485498e8,1.19664483e8,1.21487978e8,1.21086542e8,1.22613405e8]}],["Trial",{"allocs":14127,"gctimes":[0.0,0.0,0.0,0.0,0.0,0.0,0.0,0.0,0.0,0.0,0.0,0.0,0.0,0.0,0.0,0.0,0.0,0.0,0.0,0.0,0.0,9.949402e6,0.0,0.0,0.0,0.0,0.0,0.0,0.0,0.0,0.0,0.0,0.0,0.0,0.0,0.0,0.0,0.0,0.0,0.0,0.0,0.0],"memory":5360832,"params":["Parameters",{"gctrial":true,"time_tolerance":0.05,"samples":10000,"evals":1,"gcsample":false,"seconds":5.0,"overhead":0.0,"memory_tolerance":0.01}],"times":[1.36059284e8,1.27558646e8,1.26517868e8,1.2784671e8,1.25256599e8,1.25382164e8,1.26405448e8,1.25445406e8,1.27549928e8,1.26887758e8,1.26724321e8,1.25416307e8,1.26263201e8,1.26780366e8,1.26649167e8,1.25108562e8,1.25422947e8,1.25592332e8,1.26680055e8,1.14071992e8,1.12482255e8,1.33566053e8,1.12576677e8,1.12378517e8,1.14430436e8,1.12367619e8,1.12706958e8,1.13302844e8,1.12279137e8,1.11997948e8,1.11781928e8,1.12254418e8,1.13949135e8,1.14016559e8,1.11515729e8,1.11693142e8,1.12260741e8,1.13008099e8,1.12048993e8,1.13326657e8,1.2048615e8,1.26623338e8]}],["Trial",{"allocs":14525,"gctimes":[0.0,0.0,0.0,0.0,0.0,0.0,0.0,0.0,0.0,0.0,0.0,0.0,0.0,0.0,0.0,0.0,0.0,0.0,0.0,1.0322954e7,0.0,0.0,0.0,0.0,0.0,0.0,0.0,0.0,0.0,0.0,0.0,0.0,0.0,0.0,0.0,0.0,0.0,0.0,0.0],"memory":5638656,"params":["Parameters",{"gctrial":true,"time_tolerance":0.05,"samples":10000,"evals":1,"gcsample":false,"seconds":5.0,"overhead":0.0,"memory_tolerance":0.01}],"times":[1.31275992e8,1.18439768e8,1.1793291e8,1.19195787e8,1.17917832e8,1.18584904e8,1.18318974e8,1.17628574e8,1.27049698e8,1.33245026e8,1.29635796e8,1.29473104e8,1.29637704e8,1.29944398e8,1.30926347e8,1.29750982e8,1.32367179e8,1.31384597e8,1.29333015e8,1.52047285e8,1.33771753e8,1.31678199e8,1.29858967e8,1.30514169e8,1.30508989e8,1.33940861e8,1.30113965e8,1.3048103e8,1.31962622e8,1.29656857e8,1.31612126e8,1.31119499e8,1.32619547e8,1.30517022e8,1.29328879e8,1.29501426e8,1.32383197e8,1.30483092e8,1.30204617e8]}],["Trial",{"allocs":14497,"gctimes":[0.0,0.0,0.0,0.0,0.0,0.0,0.0,0.0,0.0,0.0,0.0,0.0,0.0,0.0,0.0,0.0,0.0,0.0,0.0,0.0,1.0343511e7,0.0,0.0,0.0,0.0,0.0,0.0,0.0,0.0,0.0,0.0,0.0,0.0,0.0,0.0,0.0,0.0,0.0,0.0],"memory":5620064,"params":["Parameters",{"gctrial":true,"time_tolerance":0.05,"samples":10000,"evals":1,"gcsample":false,"seconds":5.0,"overhead":0.0,"memory_tolerance":0.01}],"times":[1.44695056e8,1.35001164e8,1.36300206e8,1.34762087e8,1.34575078e8,1.36742631e8,1.35073949e8,1.38876906e8,1.38419386e8,1.34922207e8,1.3441748e8,1.35028199e8,1.34248698e8,1.34639506e8,1.34152951e8,1.33022121e8,1.36241529e8,1.34871885e8,1.3531388e8,1.36553225e8,1.53950721e8,1.32856932e8,1.34138367e8,1.33102232e8,1.33695461e8,1.31612127e8,1.32407993e8,1.1939184e8,1.21116718e8,1.19707145e8,1.20759839e8,1.19285325e8,1.20182878e8,1.19600228e8,1.20315946e8,1.19460982e8,1.21062757e8,1.21170105e8,1.19236066e8]}]],"medians":[69.880814,93.132226,107.6495405,121.033307,122.797356,130.204617,134.152951]}