{"lengs":[10.0,21.544346900318835,46.41588833612779,100.0,215.44346900318845,464.15888336127773,1000.0],"benchmarks":[["Trial",{"allocs":1927,"gctimes":[0.0,0.0,0.0,0.0,0.0,0.0,0.0,0.0,0.0,0.0,0.0,0.0,0.0,0.0,0.0,0.0,0.0,0.0,0.0,0.0,0.0,0.0,0.0,0.0,0.0,0.0,0.0,0.0,0.0,0.0,0.0,0.0,0.0,0.0,0.0,0.0,0.0,0.0,0.0,0.0,0.0,0.0,0.0,0.0,0.0,1.0433691e7,0.0,0.0,0.0,0.0,0.0,0.0,0.0,0.0,0.0,0.0,0.0,0.0,0.0,0.0,0.0,0.0,0.0,0.0,0.0,0.0,0.0,0.0,0.0,0.0,0.0,0.0,0.0,0.0,0.0,0.0,0.0,0.0,0.0,0.0,0.0,0.0,0.0,0.0,0.0,0.0,0.0,0.0,0.0,0.0,9.768451e6,0.0,0.0,0.0,0.0,0.0,0.0,0.0,0.0,0.0,0.0,0.0,0.0,0.0,0.0,0.0,0.0,0.0,0.0,0.0,0.0,0.0,0.0,0.0,0.0,0.0,0.0,0.0,0.0,0.0,0.0,0.0,0.0,0.0,0.0,0.0,0.0,0.0,0.0,0.0,0.0,0.0,0.0,0.0,0.0,1.0062544e7,0.0,0.0,0.0,0.0,0.0,0.0,0.0,0.0,0.0,0.0,0.0,0.0],"memory":3750224,"params":["Parameters",{"gctrial":true,"time_tolerance":0.05,"samples":10000,"evals":1,"gcsample":false,"seconds":5.0,"overhead":0.0,"memory_tolerance":0.01}],"times":[3.575608e7,3.487805e7,3.4510597e7,3.432278e7,3.5293153e7,3.5456809e7,3.4277483e7,3.4427448e7,3.4333257e7,3.4054787e7,3.4169947e7,3.4034556e7,3.4136279e7,3.4915032e7,3.5687941e7,3.5160801e7,3.4180715e7,3.4246867e7,3.3377951e7,3.3370112e7,3.3782627e7,3.2734025e7,3.3965434e7,3.4022245e7,3.2962559e7,3.3778938e7,3.6216525e7,3.5436278e7,3.4318966e7,3.4014729e7,3.4779256e7,3.4305327e7,3.3645816e7,3.3372072e7,3.3154797e7,3.2749825e7,3.2806135e7,3.2945123e7,3.3575499e7,3.3562444e7,3.2744328e7,3.3470475e7,3.4034325e7,3.4207761e7,3.5001673e7,4.6623405e7,3.5989768e7,3.5614127e7,3.4985613e7,3.376959e7,3.3785805e7,3.3991805e7,3.4134659e7,3.32602e7,3.3710597e7,3.4666594e7,3.377157e7,3.33593e7,3.3708019e7,3.3755531e7,3.3370631e7,3.3794404e7,3.3906181e7,3.3888585e7,3.2933686e7,3.3150882e7,3.2614249e7,3.3062369e7,3.2789417e7,3.2536124e7,3.3163544e7,3.2988225e7,3.3872e7,3.3115404e7,3.2787368e7,3.2832458e7,3.3163824e7,3.3064671e7,3.389378e7,3.4433442e7,3.365088e7,3.2739881e7,3.2992753e7,3.248737e7,3.2575105e7,3.2755629e7,3.3587749e7,3.2467483e7,3.2715813e7,3.2890105e7,4.4362552e7,3.3443418e7,3.2876478e7,3.3153305e7,3.2994625e7,3.3702754e7,3.3853625e7,3.3000435e7,3.2768422e7,3.2797176e7,3.2899178e7,3.3061714e7,3.2579465e7,3.2968983e7,3.3104403e7,3.2641014e7,3.2931693e7,3.2875512e7,3.2818236e7,3.2525647e7,3.2690017e7,3.2777068e7,3.358842e7,3.3813803e7,3.3025319e7,3.3302034e7,3.3463648e7,3.2529782e7,3.2910378e7,3.2881456e7,3.3315051e7,3.3001821e7,3.288916e7,3.2789146e7,3.3156586e7,3.2638405e7,3.2627519e7,3.2953147e7,3.3523888e7,3.4456233e7,3.3939322e7,3.3592334e7,3.3502855e7,3.3400095e7,3.3695058e7,4.4558982e7,3.4068241e7,3.4745392e7,3.3975136e7,3.4371347e7,3.4329306e7,3.4196765e7,3.3926892e7,3.3228384e7,3.5140302e7,3.5541485e7,3.4452708e7,3.4221464e7]}],["Trial",{"allocs":2141,"gctimes":[0.0,0.0,0.0,0.0,0.0,0.0,0.0,0.0,0.0,0.0,0.0,0.0,0.0,0.0,0.0,0.0,0.0,0.0,0.0,0.0,0.0,0.0,0.0,0.0,0.0,0.0,0.0,0.0,0.0,0.0,0.0,0.0,0.0,0.0,0.0,0.0,0.0,0.0,0.0,0.0,1.0688285e7,0.0,0.0,0.0,0.0,0.0,0.0,0.0,0.0,0.0,0.0,0.0,0.0,0.0,0.0,0.0,0.0,0.0,0.0,0.0,0.0,0.0,0.0,0.0,0.0,0.0,0.0,0.0,0.0,0.0,0.0,0.0,0.0,0.0,0.0,0.0,0.0,0.0,0.0,0.0,1.0131809e7,0.0,0.0,0.0,0.0,0.0,0.0,0.0,0.0,0.0,0.0,0.0,0.0,0.0,0.0,0.0,0.0,0.0,0.0,0.0,0.0,0.0,0.0,0.0,0.0,0.0,0.0,0.0],"memory":4193408,"params":["Parameters",{"gctrial":true,"time_tolerance":0.05,"samples":10000,"evals":1,"gcsample":false,"seconds":5.0,"overhead":0.0,"memory_tolerance":0.01}],"times":[4.5820373e7,4.4871797e7,4.5307262e7,4.4826684e7,4.4538142e7,4.5643691e7,4.5478861e7,4.5817553e7,4.6083818e7,4.5613772e7,4.5367285e7,4.7612725e7,4.7555266e7,4.7779949e7,4.6198208e7,4.8428768e7,4.9581958e7,4.846565e7,4.9255478e7,4.8889995e7,4.8440953e7,4.7629767e7,4.6398678e7,4.6931633e7,4.742143e7,4.8506397e7,4.8448081e7,4.7827094e7,4.9163979e7,4.9735555e7,5.0274092e7,4.783648e7,4.8878319e7,4.8835064e7,4.6266076e7,4.5742169e7,4.5429239e7,4.4913308e7,4.5894695e7,5.3529552e7,5.9593541e7,5.0508777e7,4.6479705e7,4.5219088e7,4.4580585e7,4.446158e7,4.3874927e7,4.4691221e7,4.4921421e7,4.5427403e7,4.5133292e7,4.646428e7,4.806311e7,4.8579831e7,4.7616897e7,4.5636551e7,4.623306e7,4.5977136e7,4.4927032e7,4.5039302e7,4.5727191e7,4.4810978e7,4.4863902e7,4.4649993e7,4.611953e7,4.6461755e7,4.5128976e7,4.3477591e7,4.4157938e7,4.4879908e7,4.4759919e7,4.4429317e7,4.4764403e7,4.491277e7,4.4850173e7,4.5603414e7,4.6252359e7,4.7515873e7,4.5605309e7,4.4391181e7,5.6330644e7,4.5044602e7,4.5292289e7,4.4817273e7,4.5643421e7,4.5420172e7,4.5329965e7,4.4241214e7,4.4536009e7,4.6209333e7,4.645412e7,4.5176453e7,4.5424714e7,4.5282276e7,4.5359931e7,4.5008625e7,4.5617516e7,4.6174416e7,4.5344147e7,4.4675675e7,4.3985883e7,4.6334488e7,4.4800014e7,4.4159306e7,4.5167598e7,4.4458148e7,4.4948838e7,4.4467398e7]}],["Trial",{"allocs":2366,"gctimes":[0.0,0.0,0.0,0.0,0.0,0.0,0.0,0.0,0.0,0.0,0.0,0.0,0.0,0.0,0.0,0.0,0.0,0.0,0.0,0.0,0.0,0.0,0.0,0.0,0.0,0.0,0.0,0.0,0.0,0.0,0.0,0.0,0.0,0.0,0.0,0.0,9.81949e6,0.0,0.0,0.0,0.0,0.0,0.0,0.0,0.0,0.0,0.0,0.0,0.0,0.0,0.0,0.0,0.0,0.0,0.0,0.0,0.0,0.0,0.0,0.0,0.0,0.0,0.0,0.0,0.0,0.0,0.0,0.0,0.0,0.0,0.0,0.0,1.2332689e7],"memory":4661456,"params":["Parameters",{"gctrial":true,"time_tolerance":0.05,"samples":10000,"evals":1,"gcsample":false,"seconds":5.0,"overhead":0.0,"memory_tolerance":0.01}],"times":[6.9676998e7,6.8839773e7,6.884656e7,6.8681005e7,6.8990571e7,6.9783659e7,6.9269537e7,6.879769e7,6.9051137e7,6.927111e7,6.8886608e7,6.8827517e7,6.8674916e7,6.869805e7,6.8631239e7,6.8483242e7,6.863542e7,6.9296158e7,6.9169509e7,6.913105e7,6.9028186e7,6.8860337e7,6.9257996e7,6.8912813e7,6.9200106e7,6.9208887e7,6.8674625e7,6.8699187e7,6.7987826e7,6.3628864e7,6.4226592e7,6.3990937e7,6.3188756e7,6.2209102e7,6.2713473e7,6.2168476e7,7.5054797e7,6.4232988e7,6.5916288e7,6.4729532e7,6.4558883e7,6.3330759e7,6.2771498e7,6.1537998e7,6.1697602e7,6.2200874e7,6.4564759e7,6.449103e7,6.3846023e7,6.4092587e7,6.4286949e7,6.1898622e7,6.146013e7,6.2153457e7,6.2590529e7,6.5322553e7,6.4382077e7,6.3053244e7,6.5381903e7,8.3701802e7,8.8051121e7,8.9634573e7,7.0437905e7,6.4354275e7,6.3967182e7,6.4525125e7,8.86057e7,9.0341097e7,9.0313041e7,8.7253491e7,8.6232945e7,9.0947851e7,1.02908528e8]}],["Trial",{"allocs":2770,"gctimes":[0.0,0.0,0.0,0.0,0.0,0.0,0.0,0.0,0.0,0.0,0.0,0.0,0.0,0.0,0.0,0.0,0.0,0.0,0.0,0.0,0.0,0.0,0.0,0.0,0.0,0.0,0.0,0.0,0.0,0.0,9.918434e6,0.0,0.0,0.0,0.0,0.0,0.0,0.0,0.0,0.0,0.0,0.0,0.0,0.0,0.0,0.0,0.0,0.0,0.0,0.0,0.0,0.0,0.0,0.0,0.0],"memory":5480240,"params":["Parameters",{"gctrial":true,"time_tolerance":0.05,"samples":10000,"evals":1,"gcsample":false,"seconds":5.0,"overhead":0.0,"memory_tolerance":0.01}],"times":[7.9850076e7,7.9639386e7,7.851751e7,7.7910786e7,7.8423597e7,7.8698435e7,7.9621753e7,7.8563727e7,7.9848566e7,7.8199719e7,7.8060046e7,7.8318745e7,7.7994631e7,7.7645426e7,7.9125782e7,7.9543869e7,8.2869654e7,1.15236066e8,1.04384482e8,1.12447768e8,1.14125782e8,1.07568165e8,1.12133928e8,1.14814068e8,8.3538363e7,8.3894241e7,1.1394747e8,1.04209923e8,1.11041069e8,1.06380034e8,8.9915884e7,1.03864925e8,9.6953745e7,7.8268765e7,7.8321589e7,8.0143509e7,7.8423401e7,7.9130351e7,7.9961245e7,7.8518915e7,7.9379931e7,7.8778969e7,1.08294549e8,1.14738573e8,1.15135448e8,1.14845805e8,1.14247523e8,1.11314715e8,1.22397396e8,1.08358727e8,9.5918071e7,8.1185436e7,8.0765573e7,9.4735896e7,1.1138093e8]}],["Trial",{"allocs":3125,"gctimes":[0.0,0.0,0.0,0.0,0.0,0.0,0.0,0.0,0.0,0.0,0.0,0.0,0.0,0.0,0.0,0.0,0.0,0.0,0.0,0.0,0.0,0.0,0.0,0.0,0.0,0.0,9.87136e6,0.0,0.0,0.0,0.0,0.0,0.0,0.0,0.0,0.0,0.0,0.0,0.0,0.0,0.0,0.0,0.0,0.0,0.0,0.0,0.0,0.0,0.0,0.0,0.0,0.0,0.0,1.0760525e7],"memory":6267840,"params":["Parameters",{"gctrial":true,"time_tolerance":0.05,"samples":10000,"evals":1,"gcsample":false,"seconds":5.0,"overhead":0.0,"memory_tolerance":0.01}],