{"lengs":[10.0,21.544346900318835,46.41588833612779,100.0,215.44346900318845,464.15888336127773,1000.0],"benchmarks":[["Trial",{"allocs":2441,"gctimes":[0.0,0.0,0.0,0.0],"memory":16409696,"params":["Parameters",{"gctrial":true,"time_tolerance":0.05,"samples":10000,"evals":1,"gcsample":false,"seconds":5.0,"overhead":0.0,"memory_tolerance":0.01}],"times":[1.329966449e9,1.330247605e9,1.326310111e9,1.328163179e9]}],["Trial",{"allocs":2657,"gctimes":[0.0,0.0,0.0,0.0],"memory":16852960,"params":["Parameters",{"gctrial":true,"time_tolerance":0.05,"samples":10000,"evals":1,"gcsample":false,"seconds":5.0,"overhead":0.0,"memory_tolerance":0.01}],"times":[1.431378914e9,1.433306669e9,1.432387878e9,1.423020804e9]}],["Trial",{"allocs":2841,"gctimes":[0.0,0.0,0.0,0.0],"memory":17240576,"params":["Parameters",{"gctrial":true,"time_tolerance":0.05,"samples":10000,"evals":1,"gcsample":false,"seconds":5.0,"overhead":0.0,"memory_tolerance":0.01}],"times":[1.468240538e9,1.470878415e9,1.469051017e9,1.464073194e9]}],["Trial",{"allocs":3040,"gctimes":[0.0,0.0,0.0,0.0],"memory":17655968,"params":["Parameters",{"gctrial":true,"time_tolerance":0.05,"samples":10000,"evals":1,"gcsample":false,"seconds":5.0,"overhead":0.0,"memory_tolerance":0.01}],"times":[1.541723245e9,1.538839512e9,1.53408508e9,1.538919052e9]}],["Trial",{"allocs":3256,"gctimes":[0.0,0.0,0.0,0.0],"memory":18099232,"params":["Parameters",{"gctrial":true,"time_tolerance":0.05,"samples":10000,"evals":1,"gcsample":false,"seconds":5.0,"overhead":0.0,"memory_tolerance":0.01}],"times":[1.618843906e9,1.611929963e9,1.612118335e9,1.613508992e9]}],["Trial",{"allocs":3414,"gctimes":[0.0,0.0,0.0],"memory":18431488,"params":["Parameters",{"gctrial":true,"time_tolerance":0.05,"samples":10000,"evals":1,"gcsample":false,"seconds":5.0,"overhead":0.0,"memory_tolerance":0.01}],"times":[1.719377498e9,1.720393005e9,1.714837099e9]}],["Trial",{"allocs":3548,"gctimes":[0.0,0.0,0.0],"memory":18708480,"params":["Parameters",{"gctrial":true,"time_tolerance":0.05,"samples":10000,"evals":1,"gcsample":false,"seconds":5.0,"overhead":0.0,"memory_tolerance":0.01}],"times":[1.74611097e9,1.76719119e9,1.754514082e9]}]],"medians":[1329.064814,1431.883396,1468.6457775,1538.879282,1612.8136635,1719.377498,1754.514082]}