{"lengs":[10.0,31.622776601683793,100.0,316.2277660168379,1000.0,3162.2776601683795,10000.0,31622.776601683792,100000.0],"benchmarks":[["Trial",{"allocs":64721,"gctimes":[0.0,0.0,0.0,0.0,0.0,0.0,0.0,0.0,0.0,0.0,0.0,0.0,0.0,0.0,0.0,0.0,1.203839e7,0.0,0.0,0.0,0.0,0.0,0.0,0.0,0.0,0.0,0.0,0.0,0.0,0.0,0.0,0.0,1.3963226e7,0.0,0.0,0.0,0.0,0.0,0.0,0.0,0.0,0.0,0.0,0.0,0.0,0.0,0.0,0.0,1.2631578e7,0.0,0.0,0.0,0.0,0.0,0.0,0.0,0.0,0.0,0.0,0.0,0.0,0.0,0.0],"memory":6198400,"params":["Parameters",{"gctrial":true,"time_tolerance":0.05,"samples":10000,"evals":1,"gcsample":false,"seconds":5.0,"overhead":0.0,"memory_tolerance":0.01}],"times":[8.0435884e7,7.865369e7,7.8805628e7,7.8092753e7,7.8223612e7,7.7168798e7,7.8634532e7,7.8947058e7,7.9011073e7,7.8827586e7,8.0923027e7,7.8755301e7,7.9290916e7,7.9979162e7,7.8114837e7,7.9139859e7,8.9262249e7,7.8623145e7,9.080704e7,8.8069423e7,1.00474226e8,8.264749e7,7.7616938e7,7.6978342e7,7.7673076e7,7.7123077e7,7.8636214e7,7.8304566e7,7.9515071e7,7.8301818e7,7.9877577e7,8.2034639e7,9.523419e7,7.7546079e7,7.7114684e7,7.6275167e7,7.8173392e7,7.8439879e7,7.653934e7,7.721002e7,7.6904499e7,7.8246124e7,8.0406201e7,8.1952224e7,8.0496827e7,7.9149421e7,7.9399567e7,7.974912e7,9.129517e7,7.7365941e7,7.7939868e7,7.6522772e7,7.9194867e7,7.6177457e7,7.7130573e7,8.180931e7,7.9866017e7,7.8159212e7,7.9765231e7,8.1791255e7,8.1679088e7,8.0967355e7,8.0607537e7]}],["Trial",{"allocs":64803,"gctimes":[0.0,0.0,0.0,0.0,0.0,0.0,0.0,0.0,0.0,0.0,0.0,0.0,0.0,0.0,0.0,0.0,1.2194846e7,0.0,0.0,0.0,0.0,0.0,0.0,0.0,0.0,0.0,0.0,0.0,0.0,0.0,0.0,0.0,1.2523171e7,0.0,0.0,0.0,0.0,0.0,0.0,0.0,0.0,0.0,0.0,0.0,0.0,0.0,0.0,0.0,1.3011942e7,0.0,0.0,0.0,0.0,0.0,0.0,0.0,0.0,0.0,0.0,0.0,0.0],"memory":6206016,"params":["Parameters",{"gctrial":true,"time_tolerance":0.05,"samples":10000,"evals":1,"gcsample":false,"seconds":5.0,"overhead":0.0,"memory_tolerance":0.01}],"times":[8.1940475e7,8.1607996e7,8.1007813e7,8.1167776e7,8.2947734e7,8.2836948e7,8.1224204e7,8.0931346e7,8.1472149e7,8.2850381e7,8.420166e7,8.3722212e7,8.493007e7,8.5650525e7,8.708711e7,8.4783881e7,9.7005178e7,8.1301219e7,8.1498489e7,8.0758762e7,8.1757702e7,8.2254456e7,8.1738509e7,8.1479983e7,7.9752757e7,8.0349168e7,8.086686e7,8.3512051e7,8.533009e7,8.6803699e7,8.4176141e7,8.3327279e7,9.4370768e7,8.0741861e7,7.9926045e7,8.0964275e7,7.9798303e7,8.0615934e7,8.0653693e7,7.971769e7,8.0000733e7,8.1311943e7,8.3162848e7,8.3024461e7,8.3948416e7,8.3770197e7,8.2619268e7,8.1992333e7,9.5610429e7,8.3237246e7,8.1020945e7,8.0158616e7,7.9265202e7,8.0366447e7,8.0859004e7,7.9921517e7,8.1856189e7,8.0846291e7,8.1939309e7,8.1413571e7,8.347717e7]}],["Trial",{"allocs":64803,"gctimes":[0.0,0.0,0.0,0.0,0.0,0.0,0.0,0.0,0.0,0.0,0.0,0.0,0.0,0.0,0.0,0.0,1.3074501e7,0.0,0.0,0.0,0.0,0.0,0.0,0.0,0.0,0.0,0.0,0.0,0.0,0.0,0.0,0.0,1.321048e7,0.0,0.0,0.0,0.0,0.0,0.0,0.0,0.0,0.0,0.0,0.0,0.0,0.0,0.0,0.0,1.3654702e7,0.0,0.0,0.0,0.0,0.0,0.0,0.0,0.0,0.0,0.0,0.0],"memory":6206016,"params":["Parameters",{"gctrial":true,"time_tolerance":0.05,"samples":10000,"evals":1,"gcsample":false,"seconds":5.0,"overhead":0.0,"memory_tolerance":0.01}],"times":[8.4933282e7,8.3333263e7,8.1452797e7,8.1254784e7,8.0347322e7,8.4087254e7,8.4981949e7,8.4615412e7,8.4445745e7,8.3932237e7,8.3608092e7,8.5094324e7,8.5213518e7,8.4982389e7,8.4572914e7,8.1952487e7,9.4674993e7,8.1877161e7,7.9973665e7,8.0297681e7,8.1908724e7,8.129068e7,8.061805e7,8.0073502e7,8.1731748e7,8.1602025e7,8.3445906e7,8.4240149e7,8.4261499e7,8.3863062e7,8.4925962e7,8.5342856e7,9.6980151e7,8.2189392e7,8.2787267e7,8.2168487e7,8.1284995e7,8.1015371e7,8.0037108e7,8.1372135e7,8.1808501e7,8.2474813e7,9.2503509e7,9.4923438e7,8.7898309e7,8.5676078e7,8.7626624e7,8.5592351e7,9.6412927e7,8.2247631e7,8.1394621e7,8.0193298e7,8.1500005e7,7.9566297e7,8.2196e7,8.1976584e7,8.235447e7,8.2420097e7,8.4184018e7,8.570495e7]}],["Trial",{"allocs":64844,"gctimes":[0.0,0.0,0.0,0.0,0.0,0.0,0.0,0.0,0.0,0.0,0.0,0.0,0.0,0.0,0.0,0.0,1.2647924e7,0.0,0.0,0.0,0.0,0.0,0.0,0.0,0.0,0.0,0.0,0.0,0.0,0.0,0.0,0.0,1.3644554e7,0.0,0.0,0.0,0.0,0.0,0.0,0.0,0.0,0.0,0.0,0.0,0.0,0.0,0.0,0.0,1.3540469e7,0.0,0.0,0.0,0.0,0.0,0.0,0.0,0.0,0.0,0.0,0.0],"memory":6209824,"params":["Parameters",{"gctrial":true,"time_tolerance":0.05,"samples":10000,"evals":1,"gcsample":false,"seconds":5.0,"overhead":0.0,"memory_tolerance":0.01}],"times":[8.40539e7,8.3759268e7,8.3816194e7,8.3800445e7,8.5431808e7,8.6104386e7,8.4708449e7,8.2757039e7,8.2113024e7,8.4710809e7,8.3092965e7,8.43399e7,8.4568511e7,8.4904027e7,8.4142328e7,8.6606275e7,9.5987624e7,8.1185761e7,8.1401155e7,7.9696353e7,8.0828171e7,8.1992567e7,8.0194373e7,7.9259904e7,8.1390105e7,8.288454e7,8.3894947e7,8.4013562e7,8.4708938e7,8.5634505e7,8.2850904e7,8.8035796e7,9.7434139e7,8.3279672e7,8.32112e7,8.2109794e7,8.2052605e7,8.0450054e7,8.3045225e7,8.1082858e7,8.1631917e7,8.2247907e7,8.5273523e7,8.4793809e7,8.3272204e7,8.4007532e7,8.3481251e7,8.2928359e7,9.7174858e7,8.1663191e7,8.2059199e7,8.0544136e7,8.1818282e7,8.1361402e7,8.1540289e7,8.0502605e7,8.0591667e7,7.996153e7,8.1534981e7,8.1467568e7]}],["Trial",{"allocs":64844,"gctimes":[0.0,0.0,0.0,0.0,0.0,0.0,0.0,0.0,0.0,0.0,0.0,0.0,0.0,0.0,0.0,0.0,1.2024287e7,0.0,0.0,0.0,0.0,0.0,0.0,0.0,0.0,0.0,0.0,0.0,0.0,0.0,0.0,0.0,1.2744586e7,0.0,0.0,0.0,0.0,0.0,0.0,0.0,0.0,0.0,0.0,0.0,0.0,0.0,0.0,0.0,1.3066287e7,0.0,0.0,0.0,0.0,0.0,0.0,0.0,0.0,0.0,0.0,0.0],"memory":6209824,"params":["Parameters",{"gctrial":true,"time_tolerance":0.05,"samples":10000,"evals":1,"gcsample":false,"seconds":5.0,"overhead":0.0,"memory_tolerance":0.01}],"times":[8.4221882e7,8.3728307e7,8.3405636e7,8.5042111e7,8.3742474e7,8.7112875e7,8.5700985e7,8.5463421e7,8.4025351e7,8.3232585e7,8.4293841e7,8.3496966e7,8.4284858e7,8.4952808e7,8.3722138e7,8.3784471e7,9.680713e7,8.2308237e7,8.1160235e7,8.1572127e7,8.0948227e7,8.1082517e7,8.0838581e7,8.2139037e7,8.0989883e7,8.2351038e7,8.2282838e7,8.3679118e7,8.3522413e7,8.2298932e7,8.2748581e7,8.523831e7,9.6247528e7,8.3083645e7,8.4445612e7,8.1758372e7,8.271075e7,8.4195197e7,8.2129367e7,8.2539919e7,8.1327068e7,8.2043735e7,8.4272079e7,8.6277888e7,8.5673755e7,8.7787426e7,8.5988889e7,8.5847676e7,9.896378e7,8.3582008e7,8.2050431e7,8.231278e7,8.1896938e7,8.3661613e7,8.1487089e7,8.2361228e7,8.2432647e7,8.2731569e7,8.6527828e7,8.5441765e7]}],["Trial",{"allocs":64885,"gctimes":[0.0,0.0,0.0,0.0,0.0,0.0,0.0,0.0,0.0,0.0,0.0,0.0,0.0,0.0,0.0,0.0,1.3050002e7,0.0,0.0,0.0,0.0,0.0,0.0,0.0,0.0,0.0,0.0,0.0,0.0,0.0,0.0,0.0,1.3152283e7,0.0,0.0,0.0,0.0,0.0,0.0,0.0,0.0,0.0,0.0,0.0,0.0,0.0,0.0,0.0,1.5499025e7,0.0,0.0,0.0,0.0,0.0,0.0,0.0,0.0,0.0],"memory":6213632,"params":["Parameters",{"gctrial":true,"time_tolerance":0.05,"samples":10000,"evals":1,"gcsample":false,"seconds":5.0,"overhead":0.0,"memory_tolerance":0.01}],"times":[8.3529688e7,8.4653125e7,8.4850712e7,8.4648691e7,8.3809294e7,8.393583e7,8.4137148e7,8.4517929e7,8.3664215e7,8.4564124e7,8.4268693e7,8.5268861e7,8.6260086e7,8.4845617e7,8.5180956e7,8.6795726e7,9.8786287e7,8.1082092e7,8.0979764e7,8.287573e7,8.1340132e7,8.1252169e7,8.1082707e7,8.0612991e7,8.0977899e7,8.203331e7,8.2381637e7,8.3712422e7,8.2967077e7,8.829388e7,9.04384e7,8.8655773e7,9.6095469e7,8.1323654e7,8.0892474e7,1.15890717e8,8.9738659e7,8.7083355e7,8.7315205e7,8.7638993e7,8.7124584e7,8.8445277e7,8.9419003e7,9.0114597e7,8.9797e7,8.9645113e7,9.0099188e7,8.9838934e7,1.04565807e8,8.8115601e7,8.7965113e7,8.7195718e7,8.7284261e7,8.8183558e7,8.8145399e7,8.9176872e7,8.7563432e7,8.7815202e7]}],["Trial",{"allocs":64885,"gctimes":[0.0,0.0,0.0,0.0,0.0,0.0,0.0,0.0,0.0,0.0,0.0,0.0,0.0,0.0,0.0,0.0,1.1925569e7,0.0,0.0,0.0,0.0,0.0,0.0,0.0,0.0,0.0,0.0,0.0,0.0,0.0,0.0,0.0,1.2808704e7,0.0,0.0,0.0,0.0,0.0,0.0,0.0,0.0,0.0,0.0,0.0,0.0,0.0,0.0,0.0,1.3960731e7,0.0,0.0,0.0,0.0,0.0,0.0,0.0,0.0,0.0,0.0,0.0,0.0],"memory":6213632,"params":["Parameters",{"gctrial":true,"time_tolerance":0.05,"samples":10000,"evals":1,"gcsample":false,"seconds":5.0,"overhead":0.0,"memory_tolerance":0.01}],