{"lengs":[10.0,21.544346900318835,46.41588833612779,100.0,215.44346900318845,464.15888336127773,1000.0],"benchmarks":[["Trial",{"allocs":17481,"gctimes":[0.0,0.0,0.0,0.0,0.0,0.0,0.0,0.0,0.0,0.0,0.0,0.0,0.0,0.0,0.0,0.0,0.0,0.0,0.0,0.0,0.0,0.0,0.0,0.0,0.0,0.0,0.0,0.0,0.0,0.0,0.0,0.0,0.0,0.0,0.0,0.0,0.0,0.0,0.0,0.0,0.0,0.0,0.0],"memory":3188128,"params":["Parameters",{"gctrial":true,"time_tolerance":0.05,"samples":10000,"evals":1,"gcsample":false,"seconds":5.0,"overhead":0.0,"memory_tolerance":0.01}],"times":[1.23858454e8,1.24255982e8,1.18400407e8,1.20710451e8,1.16690174e8,1.18524267e8,1.17613965e8,1.16460215e8,1.16410465e8,1.15197109e8,1.23845527e8,1.18849026e8,1.17577173e8,1.16873117e8,1.20018207e8,1.16843548e8,1.18600879e8,1.20460934e8,1.16552539e8,1.14801871e8,1.14494243e8,1.15117283e8,1.19933276e8,1.17022613e8,1.15418612e8,1.15797489e8,1.17678364e8,1.17177077e8,1.1472268e8,1.15621656e8,1.17972324e8,1.17805267e8,1.18224676e8,1.18490425e8,1.21279671e8,1.23492632e8,1.20808208e8,1.18489348e8,1.1846206e8,1.26381189e8,1.17687151e8,1.20132896e8,1.20918595e8]}],["Trial",{"allocs":18395,"gctimes":[0.0,0.0,0.0,0.0,0.0,0.0,0.0,0.0,0.0,0.0,0.0,0.0,0.0,0.0,0.0,0.0,0.0,0.0,0.0,0.0,0.0,0.0,0.0,0.0,0.0,0.0,0.0,0.0,0.0,0.0,0.0,0.0,0.0,0.0,0.0,0.0],"memory":3347648,"params":["Parameters",{"gctrial":true,"time_tolerance":0.05,"samples":10000,"evals":1,"gcsample":false,"seconds":5.0,"overhead":0.0,"memory_tolerance":0.01}],"times":[1.33825687e8,1.37721091e8,1.39700083e8,1.34312486e8,1.33339199e8,1.4002857e8,1.45088592e8,1.40891711e8,1.39903804e8,1.3784287e8,1.35060665e8,1.40172811e8,1.4530608e8,1.37542155e8,1.34882897e8,1.38074188e8,1.35976364e8,1.386253e8,1.3546055e8,1.42976074e8,1.6123292e8,1.45638863e8,1.3553876e8,1.36237427e8,1.38476648e8,1.38075621e8,1.37247682e8,1.37466674e8,1.38250092e8,1.37548096e8,1.38734341e8,1.37070782e8,1.41349699e8,1.36802221e8,1.36381289e8,1.41839829e8]}],["Trial",{"allocs":20859,"gctimes":[0.0,0.0,0.0,0.0,0.0,0.0,0.0,0.0,0.0,0.0,0.0,0.0,0.0,0.0,0.0,0.0,0.0,0.0,0.0,0.0,0.0,0.0,0.0,0.0,0.0,0.0,0.0,0.0,0.0,0.0,0.0,0.0],"memory":3660736,"params":["Parameters",{"gctrial":true,"time_tolerance":0.05,"samples":10000,"evals":1,"gcsample":false,"seconds":5.0,"overhead":0.0,"memory_tolerance":0.01}],"times":[1.553971e8,1.56703076e8,1.60116443e8,1.58414565e8,1.55854039e8,1.62718145e8,1.62567516e8,1.61691723e8,1.59435606e8,1.57155513e8,1.61620407e8,1.5965988e8,1.62129083e8,1.56963983e8,1.66032143e8,1.62453358e8,1.56947749e8,1.60871905e8,1.54293665e8,1.59923227e8,1.57697211e8,1.63565856e8,1.5994008e8,1.64355801e8,1.66289485e8,1.59781175e8,1.63879529e8,1.61667863e8,1.64008904e8,1.5200204e8,1.60688016e8,1.66278409e8]}],["Trial",{"allocs":23210,"gctimes":[0.0,0.0,0.0,0.0,0.0,0.0,0.0,0.0,0.0,0.0,0.0,0.0,0.0,0.0,0.0,0.0,0.0,0.0,0.0,0.0,0.0,0.0,0.0,0.0,0.0,0.0,0.0,0.0],"memory":3879216,"params":["Parameters",{"gctrial":true,"time_tolerance":0.05,"samples":10000,"evals":1,"gcsample":false,"seconds":5.0,"overhead":0.0,"memory_tolerance":0.01}],"times":[1.9099104e8,1.90779237e8,1.87288364e8,1.86931356e8,1.84171882e8,1.94518085e8,1.83863285e8,1.86742245e8,1.83395414e8,1.80936257e8,1.81701264e8,1.85699253e8,1.88408523e8,1.78382949e8,1.80715696e8,1.80856676e8,1.82727803e8,1.79751184e8,1.76431576e8,1.89252527e8,1.83983519e8,1.82089081e8,1.78005576e8,1.79543617e8,1.7598861e8,1.72598643e8,1.79080355e8,1.78847758e8]}],["Trial",{"allocs":24763,"gctimes":[0.0,0.0,0.0,0.0,0.0,0.0,0.0,0.0,0.0,0.0,0.0,0.0,0.0,0.0,0.0,0.0,0.0,0.0,0.0,0.0,0.0,0.0,0.0,0.0,0.0,0.0],"memory":4042048,"params":["Parameters",{"gctrial":true,"time_tolerance":0.05,"samples":10000,"evals":1,"gcsample":false,"seconds":5.0,"overhead":0.0,"memory_tolerance":0.01}],"times":[1.94690314e8,2.05271364e8,1.9415376e8,1.95637366e8,1.94678147e8,2.00463924e8,1.949837e8,1.98951899e8,2.00564853e8,1.94684506e8,1.97284217e8,2.00869216e8,1.97001716e8,1.99647005e8,1.94982708e8,1.99003527e8,1.97492143e8,1.98650985e8,1.96327665e8,2.01592375e8,2.06939676e8,2.09743413e8,2.03765952e8,1.962117e8,1.98806167e8,2.01008334e8]}],["Trial",{"allocs":26193,"gctimes":[0.0,0.0,0.0,0.0,0.0,0.0,0.0,0.0,0.0,0.0,0.0,0.0,0.0,0.0,0.0,0.0,0.0,0.0,0.0,0.0,0.0,0.0,0.0,0.0],"memory":4145376,"params":["Parameters",{"gctrial":true,"time_tolerance":0.05,"samples":10000,"evals":1,"gcsample":false,"seconds":5.0,"overhead":0.0,"memory_tolerance":0.01}],"times":[2.11985094e8,2.15827538e8,2.08806155e8,2.20730826e8,2.12196785e8,2.14375062e8,2.11802302e8,2.07589912e8,2.16568998e8,2.06265951e8,2.12314647e8,2.0616532e8,2.09812848e8,2.1449192e8,2.10472445e8,2.05210811e8,2.03880633e8,2.11597643e8,2.05124434e8,2.09883744e8,2.02814169e8,2.16127461e8,2.21918451e8,2.10357937e8]}],["Trial",{"allocs":27132,"gctimes":[0.0,0.0,0.0,0.0,0.0,0.0,0.0,0.0,0.0,0.0,0.0,0.0,0.0,0.0,0.0,0.0,0.0,0.0,0.0,0.0,0.0,0.0,0.0,0.0],"memory":4189776,"params":["Parameters",{"gctrial":true,"time_tolerance":0.05,"samples":10000,"evals":1,"gcsample":false,"seconds":5.0,"overhead":0.0,"memory_tolerance":0.01}],"times":[2.22644199e8,2.25913435e8,2.20872975e8,2.15135346e8,2.06475862e8,2.12924512e8,2.13817606e8,2.10323424e8,2.1436793e8,2.12722693e8,2.08402937e8,2.10187357e8,2.12445951e8,2.09379616e8,2.14444546e8,2.14846866e8,2.0859631e8,2.10745768e8,2.09972309e8,2.15756098e8,2.11903739e8,2.15328875e8,2.0776948e8,2.10234569e8]}]],"medians":[117.972324,137.958529,160.4022295,182.408442,198.728576,211.035044,212.584322]}