{"lengs":[10.0,21.544346900318835,46.41588833612779,100.0,215.44346900318845,464.15888336127773,1000.0],"benchmarks":[["Trial",{"allocs":19993,"gctimes":[0.0,4.743709e6,5.059658e6,0.0],"memory":233696224,"params":["Parameters",{"gctrial":true,"time_tolerance":0.05,"samples":10000,"evals":1,"gcsample":false,"seconds":5.0,"overhead":0.0,"memory_tolerance":0.01}],"times":[1.245215497e9,1.250977014e9,1.255248899e9,1.252921016e9]}],["Trial",{"allocs":22807,"gctimes":[0.0,4.851443e6,5.182899e6,0.0],"memory":241142864,"params":["Parameters",{"gctrial":true,"time_tolerance":0.05,"samples":10000,"evals":1,"gcsample":false,"seconds":5.0,"overhead":0.0,"memory_tolerance":0.01}],"times":[1.308629413e9,1.320358422e9,1.31912183e9,1.321239189e9]}],["Trial",{"allocs":26827,"gctimes":[0.0,5.043005e6,5.038661e6,0.0],"memory":262587360,"params":["Parameters",{"gctrial":true,"time_tolerance":0.05,"samples":10000,"evals":1,"gcsample":false,"seconds":5.0,"overhead":0.0,"memory_tolerance":0.01}],"times":[1.454416019e9,1.462993116e9,1.461205756e9,1.454294845e9]}],["Trial",{"allocs":31039,"gctimes":[0.0,4.90777e6,5.080926e6,5.250856e6],"memory":284153712,"params":["Parameters",{"gctrial":true,"time_tolerance":0.05,"samples":10000,"evals":1,"gcsample":false,"seconds":5.0,"overhead":0.0,"memory_tolerance":0.01}],"times":[1.59679306e9,1.602723927e9,1.603734622e9,1.604661049e9]}],["Trial",{"allocs":34951,"gctimes":[0.0,4.887635e6,5.150173e6],"memory":312576816,"params":["Parameters",{"gctrial":true,"time_tolerance":0.05,"samples":10000,"evals":1,"gcsample":false,"seconds":5.0,"overhead":0.0,"memory_tolerance":0.01}],"times":[1.82383931e9,1.796765303e9,1.799741982e9]}],["Trial",{"allocs":38975,"gctimes":[0.0,4.938463e6,5.137967e6],"memory":327226512,"params":["Parameters",{"gctrial":true,"time_tolerance":0.05,"samples":10000,"evals":1,"gcsample":false,"seconds":5.0,"overhead":0.0,"memory_tolerance":0.01}],"times":[1.904596553e9,1.904473401e9,1.909409856e9]}],["Trial",{"allocs":44276,"gctimes":[5.07256e6,5.649539e6,0.0],"memory":335292864,"params":["Parameters",{"gctrial":true,"time_tolerance":0.05,"samples":10000,"evals":1,"gcsample":false,"seconds":5.0,"overhead":0.0,"memory_tolerance":0.01}],"times":[2.011254631e9,2.001948916e9,1.986979652e9]}]],"medians":[1251.949015,1319.740126,1457.8108875,1603.2292745,1799.741982,1904.596553,2001.948916]}