{"lengs":[10.0,21.544346900318835,46.41588833612779,100.0,215.44346900318845,464.15888336127773,1000.0],"benchmarks":[["Trial",{"allocs":30061,"gctimes":[1.40714e7],"memory":2725005584,"params":["Parameters",{"gctrial":true,"time_tolerance":0.05,"samples":10000,"evals":1,"gcsample":false,"seconds":5.0,"overhead":0.0,"memory_tolerance":0.01}],"times":[1.06345643167e11]}],["Trial",{"allocs":37559,"gctimes":[1.3871985e7],"memory":2896698816,"params":["Parameters",{"gctrial":true,"time_tolerance":0.05,"samples":10000,"evals":1,"gcsample":false,"seconds":5.0,"overhead":0.0,"memory_tolerance":0.01}],"times":[1.10773567156e11]}],["Trial",{"allocs":47145,"gctimes":[1.3681492e7],"memory":3829665368,"params":["Parameters",{"gctrial":true,"time_tolerance":0.05,"samples":10000,"evals":1,"gcsample":false,"seconds":5.0,"overhead":0.0,"memory_tolerance":0.01}],"times":[1.46270622484e11]}],["Trial",{"allocs":57438,"gctimes":[4.1225347e7],"memory":6791094832,"params":["Parameters",{"gctrial":true,"time_tolerance":0.05,"samples":10000,"evals":1,"gcsample":false,"seconds":5.0,"overhead":0.0,"memory_tolerance":0.01}],"times":[2.50286789647e11]}],["Trial",{"allocs":73129,"gctimes":[8.920658e7],"memory":11191149952,"params":["Parameters",{"gctrial":true,"time_tolerance":0.05,"samples":10000,"evals":1,"gcsample":false,"seconds":5.0,"overhead":0.0,"memory_tolerance":0.01}],"times":[4.06421032069e11]}],["Trial",{"allocs":105176,"gctimes":[1.72696976e8],"memory":20498876768,"params":["Parameters",{"gctrial":true,"time_tolerance":0.05,"samples":10000,"evals":1,"gcsample":false,"seconds":5.0,"overhead":0.0,"memory_tolerance":0.01}],"times":[7.52776856819e11]}],["Trial",{"allocs":133194,"gctimes":[2.54082884e8],"memory":30229474712,"params":["Parameters",{"gctrial":true,"time_tolerance":0.05,"samples":10000,"evals":1,"gcsample":false,"seconds":5.0,"overhead":0.0,"memory_tolerance":0.01}],"times":[1.064976985335e12]}]],"medians":[106345.643167,110773.567156,146270.622484,250286.789647,406421.032069,752776.856819,1.064976985335e6]}