{"lengs":[10.0,21.544346900318835,46.41588833612779,100.0,215.44346900318845,464.15888336127773,1000.0],"benchmarks":[["Trial",{"allocs":17229,"gctimes":[0.0,0.0,0.0,0.0,0.0,0.0,0.0,0.0,0.0,0.0,0.0,0.0,0.0,0.0,0.0,0.0,0.0,0.0,0.0,0.0,0.0,0.0,0.0,0.0,0.0,0.0,0.0,0.0,0.0,0.0,0.0,0.0,1.2612714e7,0.0,0.0,0.0,0.0,0.0,0.0,0.0,0.0,0.0,0.0,0.0,0.0,0.0,0.0,0.0,0.0,0.0,0.0,0.0,0.0,0.0,0.0,0.0,0.0,0.0,0.0,0.0],"memory":4566696,"params":["Parameters",{"gctrial":true,"time_tolerance":0.05,"samples":10000,"evals":1,"gcsample":false,"seconds":5.0,"overhead":0.0,"memory_tolerance":0.01}],"times":[8.310731e7,8.3944485e7,8.224289e7,8.0472436e7,8.3532994e7,8.4040267e7,8.1918497e7,8.0772424e7,8.3092025e7,8.2091728e7,8.2621442e7,8.1263074e7,8.1216156e7,8.2540172e7,8.4966634e7,8.1840846e7,8.3368136e7,9.1167822e7,8.4895731e7,8.5475756e7,8.4795039e7,8.4196458e7,8.3313397e7,8.1508247e7,8.2586202e7,8.1542606e7,8.0703183e7,8.2323723e7,8.4103371e7,8.3984378e7,8.337711e7,8.4553292e7,9.8085161e7,8.4400513e7,8.493895e7,8.2487351e7,8.2143085e7,8.6708209e7,8.5045494e7,8.0702067e7,8.3966386e7,8.3809275e7,8.2803112e7,8.2295707e7,8.1708127e7,8.5714676e7,8.404323e7,8.356752e7,8.9988072e7,8.3452049e7,8.2457578e7,8.1874952e7,8.3879207e7,8.1661091e7,8.0865106e7,8.3623693e7,8.4901196e7,9.2786796e7,8.3710793e7,8.3969392e7]}],["Trial",{"allocs":22451,"gctimes":[0.0,0.0,0.0,0.0,0.0,0.0,0.0,0.0,0.0,0.0,0.0,0.0,0.0,0.0,0.0,0.0,0.0,0.0,0.0,0.0,0.0,0.0,0.0,0.0,0.0,0.0,0.0,0.0,1.3155982e7,0.0,0.0,0.0,0.0,0.0,0.0,0.0,0.0,0.0,0.0,0.0,0.0,0.0,0.0,0.0,0.0,0.0,0.0,0.0,0.0,0.0,0.0,0.0,0.0,0.0,0.0,0.0,1.2830921e7],"memory":5320664,"params":["Parameters",{"gctrial":true,"time_tolerance":0.05,"samples":10000,"evals":1,"gcsample":false,"seconds":5.0,"overhead":0.0,"memory_tolerance":0.01}],"times":[8.7451521e7,8.7827431e7,8.8413866e7,8.6566848e7,8.7090458e7,8.7808377e7,8.7163784e7,8.8040881e7,8.9355785e7,8.7628062e7,8.6501833e7,8.7507678e7,8.5277275e7,8.7819829e7,8.9830562e7,9.9374984e7,9.6146504e7,9.2645146e7,9.236422e7,9.0869822e7,9.4643362e7,9.572496e7,9.1096375e7,8.8784012e7,8.887084e7,8.6746468e7,8.8682894e7,9.1168995e7,1.02989292e8,8.7885541e7,8.8535176e7,8.7421222e7,8.723432e7,8.6516898e7,8.7900087e7,8.9262553e7,8.7570556e7,8.620682e7,8.9345836e7,9.1694921e7,8.8119472e7,8.6168192e7,8.6107773e7,8.6488623e7,8.731788e7,8.8434813e7,8.8055298e7,8.6736584e7,8.6558423e7,8.8321817e7,8.6433171e7,8.6616072e7,8.7003791e7,8.5828056e7,8.679272e7,8.5469938e7,1.02189376e8]}],["Trial",{"allocs":34939,"gctimes":[0.0,0.0,0.0,0.0,0.0,0.0,0.0,0.0,0.0,0.0,0.0,0.0,0.0,0.0,0.0,0.0,0.0,0.0,0.0,0.0,0.0,0.0,1.3716256e7,0.0,0.0,0.0,0.0,0.0,0.0,0.0,0.0,0.0,0.0,0.0,0.0,0.0,0.0,0.0,0.0,0.0,0.0,0.0,0.0,1.4075574e7,0.0,0.0,0.0],"memory":6782104,"params":["Parameters",{"gctrial":true,"time_tolerance":0.05,"samples":10000,"evals":1,"gcsample":false,"seconds":5.0,"overhead":0.0,"memory_tolerance":0.01}],"times":[1.07011949e8,1.07652805e8,1.04867884e8,1.09311259e8,1.08381975e8,1.10456206e8,1.11102752e8,1.10644047e8,1.08485212e8,1.08922079e8,1.07689825e8,1.11486187e8,1.06431577e8,1.05584229e8,1.09981925e8,1.05542457e8,1.09727894e8,1.07870505e8,1.06292199e8,1.06417284e8,1.05926805e8,1.06942528e8,1.21461212e8,1.06553158e8,1.07783279e8,1.06257473e8,1.06598667e8,1.06466266e8,1.07207404e8,1.07297261e8,1.07990676e8,1.09068676e8,1.05724529e8,1.06066649e8,1.06695284e8,1.06801589e8,1.05078539e8,1.05971523e8,1.05722718e8,1.09420947e8,1.06430367e8,1.06937539e8,1.06670362e8,1.21557205e8,1.06335452e8,1.03978328e8,1.08509844e8]}],["Trial",{"allocs":42494,"gctimes":[0.0,0.0,0.0,0.0,0.0,0.0,0.0,0.0,0.0,0.0,0.0,0.0,0.0,0.0,0.0,0.0,0.0,0.0,0.0,1.4197946e7,0.0,0.0,0.0,0.0,0.0,0.0,0.0,0.0,0.0,0.0,0.0,0.0,0.0,0.0,0.0,0.0,0.0,0.0,1.4374948e7,0.0],"memory":7694840,"params":["Parameters",{"gctrial":true,"time_tolerance":0.05,"samples":10000,"evals":1,"gcsample":false,"seconds":5.0,"overhead":0.0,"memory_tolerance":0.01}],"times":[1.26243578e8,1.24936614e8,1.22265013e8,1.25027201e8,1.27718464e8,1.25446725e8,1.28311729e8,1.280484e8,1.25624638e8,1.26655508e8,1.23680287e8,1.26848564e8,1.26755117e8,1.26763928e8,1.26557208e8,1.26892805e8,1.24621936e8,1.24836469e8,1.25385018e8,1.41810892e8,1.22294152e8,1.25423625e8,1.28859727e8,1.2633473e8,1.23691586e8,1.23996484e8,1.23723045e8,1.24215648e8,1.26724152e8,1.24897601e8,1.25139003e8,1.24990803e8,1.24351619e8,1.24754236e8,1.24011487e8,1.24101363e8,1.26996634e8,1.22459701e8,1.40800464e8,1.24602318e8]}],["Trial",{"allocs":44783,"gctimes":[0.0,0.0,0.0,0.0,0.0,0.0,0.0,0.0,0.0,0.0,0.0,0.0,0.0,0.0,0.0,0.0,0.0,0.0,1.4083878e7,0.0,0.0,0.0,0.0,0.0,0.0,0.0,0.0,0.0,0.0,0.0,0.0,0.0,0.0,0.0,0.0,0.0,1.5372631e7],"memory":8083816,"params":["Parameters",{"gctrial":true,"time_tolerance":0.05,"samples":10000,"evals":1,"gcsample":false,"seconds":5.0,"overhead":0.0,"memory_tolerance":0.01}],"times":[1.33506904e8,1.32750632e8,1.3254537e8,1.36209097e8,1.35851759e8,1.37352736e8,1.3486833e8,1.33058182e8,1.3489169e8,1.34954834e8,1.34462788e8,1.35523e8,1.36090871e8,1.34432368e8,1.34898406e8,1.36064645e8,1.33008272e8,1.34646341e8,1.47524885e8,1.32490663e8,1.32526507e8,1.36320912e8,1.35185141e8,1.3720284e8,1.33093575e8,1.32802153e8,1.31037114e8,1.34211404e8,1.34919807e8,1.37906837e8,1.33942057e8,1.32850954e8,1.35109489e8,1.34132852e8,1.32121769e8,1.3240641e8,1.51169645e8]}],["Trial",{"allocs":46391,"gctimes":[0.0,0.0,0.0,0.0,0.0,0.0,0.0,0.0,0.0,0.0,0.0,0.0,0.0,0.0,0.0,0.0,0.0,1.4302462e7,0.0,0.0,0.0,0.0,0.0,0.0,0.0,0.0,0.0,0.0,0.0,0.0,0.0,0.0,0.0,0.0],"memory":8332984,"params":["Parameters",{"gctrial":true,"time_tolerance":0.05,"samples":10000,"evals":1,"gcsample":false,"seconds":5.0,"overhead":0.0,"memory_tolerance":0.01}],"times":[1.4704513e8,1.46081419e8,1.4635515e8,1.49030059e8,1.4988231e8,1.49406581e8,1.49866534e8,1.5133574e8,1.48007371e8,1.50287612e8,1.51506806e8,1.47909886e8,1.48313224e8,1.49416444e8,1.47368609e8,1.48836792e8,1.4869312e8,1.63300535e8,1.46332077e8,1.46332724e8,1.47120073e8,1.48814881e8,1.48015106e8,1.48296012e8,1.47295415e8,1.48884642e8,1.47152104e8,1.50224425e8,1.480815e8,1.4851601e8,1.46412244e8,1.46030184e8,1.47411809e8,1.53701193e8]}],["Trial",{"allocs":46673,"gctimes":[0.0,0.0,0.0,0.0,0.0,0.0,0.0,0.0,0.0,0.0,0.0,0.0,0.0,0.0,0.0,0.0,0.0,1.4114313e7,0.0,0.0,0.0,0.0,0.0,0.0,0.0,0.0,0.0,0.0,0.0,0.0,0.0,0.0,0.0,0.0],"memory":8372824,"params":["Parameters",{"gctrial":true,"time_tolerance":0.05,"samples":10000,"evals":1,"gcsample":false,"seconds":5.0,"overhead":0.0,"memory_tolerance":0.01}],"times":[1.46989666e8,1.48367868e8,1.47633524e8,1.49971225e8,1.52768518e8,1.49155534e8,1.49270947e8,1.48598287e8,1.50071619e8,1.48489703e8,1.49198031e8,1.46788886e8,1.47339314e8,1.4919789e8,1.5190416e8,1.47020621e8,1.47925103e8,1.65181831e8,1.46479039e8,1.46949171e8,1.50236662e8,1.49744352e8,1.46925671e8,1.48631387e8,1.47569125e8,1.49226876e8,1.48643747e8,1.49032659e8,1.47860208e8,1.48993076e8,1.51018202e8,1.49749575e8,1.52113362e8,1.47879339e8]}]],"medians":[83.4145795,87.827431,106.942528,125.2620105,134.646341,148.304618,148.8184115]}