{"lengs":[10.0,21.544346900318835,46.41588833612779,100.0,215.44346900318845,464.15888336127773,1000.0],"benchmarks":[["Trial",{"allocs":11369,"gctimes":[0.0,0.0,0.0,0.0,0.0,0.0,0.0,0.0],"memory":5844576,"params":["Parameters",{"gctrial":true,"time_tolerance":0.05,"samples":10000,"evals":1,"gcsample":false,"seconds":5.0,"overhead":0.0,"memory_tolerance":0.01}],"times":[6.65501802e8,6.62886213e8,6.57043996e8,6.49876758e8,6.52487813e8,6.55390602e8,6.54080771e8,6.55287543e8]}],["Trial",{"allocs":11585,"gctimes":[0.0,0.0,0.0,0.0,0.0,0.0,0.0,0.0],"memory":6287840,"params":["Parameters",{"gctrial":true,"time_tolerance":0.05,"samples":10000,"evals":1,"gcsample":false,"seconds":5.0,"overhead":0.0,"memory_tolerance":0.01}],"times":[6.95196418e8,6.4097244e8,6.48067526e8,6.85061067e8,6.93695988e8,6.83175795e8,6.88178697e8,6.84747239e8]}],["Trial",{"allocs":11769,"gctimes":[0.0,0.0,0.0,0.0,0.0,0.0,0.0,0.0],"memory":6675456,"params":["Parameters",{"gctrial":true,"time_tolerance":0.05,"samples":10000,"evals":1,"gcsample":false,"seconds":5.0,"overhead":0.0,"memory_tolerance":0.01}],"times":[7.19376453e8,7.0304949e8,7.31214762e8,6.60443728e8,6.58881392e8,6.96558317e8,7.06248459e8,7.00895741e8]}],["Trial",{"allocs":11968,"gctimes":[0.0,0.0,0.0,0.0,0.0,0.0,0.0,0.0],"memory":7090848,"params":["Parameters",{"gctrial":true,"time_tolerance":0.05,"samples":10000,"evals":1,"gcsample":false,"seconds":5.0,"overhead":0.0,"memory_tolerance":0.01}],"times":[7.09860771e8,6.68844856e8,6.62205131e8,6.70299313e8,6.61078036e8,6.62915208e8,6.61279133e8,6.64105772e8]}],["Trial",{"allocs":14424,"gctimes":[0.0,0.0,0.0,0.0,0.0,0.0,0.0],"memory":7641632,"params":["Parameters",{"gctrial":true,"time_tolerance":0.05,"samples":10000,"evals":1,"gcsample":false,"seconds":5.0,"overhead":0.0,"memory_tolerance":0.01}],"times":[7.52929339e8,7.43966473e8,7.37974898e8,7.40715204e8,7.40046654e8,7.41694501e8,7.40005394e8]}],["Trial",{"allocs":14582,"gctimes":[0.0,0.0,0.0,0.0,0.0,0.0,0.0],"memory":7973888,"params":["Parameters",{"gctrial":true,"time_tolerance":0.05,"samples":10000,"evals":1,"gcsample":false,"seconds":5.0,"overhead":0.0,"memory_tolerance":0.01}],"times":[7.92803558e8,7.73713148e8,7.72219359e8,7.72670969e8,7.73336524e8,7.88644973e8,7.75367636e8]}],["Trial",{"allocs":14716,"gctimes":[0.0,0.0,0.0,0.0,0.0,0.0,0.0],"memory":8250880,"params":["Parameters",{"gctrial":true,"time_tolerance":0.05,"samples":10000,"evals":1,"gcsample":false,"seconds":5.0,"overhead":0.0,"memory_tolerance":0.01}],"times":[8.06774327e8,7.91408371e8,7.87967462e8,7.92539092e8,7.85805755e8,7.93843901e8,7.88149949e8]}]],"medians":[655.3390725,684.904153,701.9726155,663.51049,740.715204,773.713148,791.408371]}