{"lengs":[10.0,21.544346900318835,46.41588833612779,100.0,215.44346900318845,464.15888336127773,1000.0],"benchmarks":[["Trial",{"allocs":13,"gctimes":[0.0,0.0,0.0,0.0,0.0,0.0,0.0,0.0,0.0,0.0,0.0,0.0,0.0],"memory":90944,"params":["Parameters",{"gctrial":true,"time_tolerance":0.05,"samples":10000,"evals":1,"gcsample":false,"seconds":5.0,"overhead":0.0,"memory_tolerance":0.01}],"times":[4.31287116e8,2.60550877e8,4.03547175e8,4.22523614e8,3.13434016e8,3.16257817e8,5.35263364e8,7.14486228e8,5.21087097e8,3.74902514e8,4.73986817e8,2.09729733e8,3.2540849e8]}],["Trial",{"allocs":13,"gctimes":[0.0,0.0,0.0],"memory":90944,"params":["Parameters",{"gctrial":true,"time_tolerance":0.05,"samples":10000,"evals":1,"gcsample":false,"seconds":5.0,"overhead":0.0,"memory_tolerance":0.01}],"times":[1.534348435e9,1.672784192e9,1.819402996e9]}],["Trial",{"allocs":13,"gctimes":[0.0,0.0],"memory":90944,"params":["Parameters",{"gctrial":true,"time_tolerance":0.05,"samples":10000,"evals":1,"gcsample":false,"seconds":5.0,"overhead":0.0,"memory_tolerance":0.01}],"times":[4.997978371e9,5.060003866e9]}],["Trial",{"allocs":13,"gctimes":[0.0],"memory":90944,"params":["Parameters",{"gctrial":true,"time_tolerance":0.05,"samples":10000,"evals":1,"gcsample":false,"seconds":5.0,"overhead":0.0,"memory_tolerance":0.01}],"times":[1.0845711228e10]}],["Trial",{"allocs":13,"gctimes":[0.0],"memory":90944,"params":["Parameters",{"gctrial":true,"time_tolerance":0.05,"samples":10000,"evals":1,"gcsample":false,"seconds":5.0,"overhead":0.0,"memory_tolerance":0.01}],"times":[1.9506205536e10]}],["Trial",{"allocs":13,"gctimes":[0.0],"memory":90944,"params":["Parameters",{"gctrial":true,"time_tolerance":0.05,"samples":10000,"evals":1,"gcsample":false,"seconds":5.0,"overhead":0.0,"memory_tolerance":0.01}],"times":[3.0179202224e10]}],["Trial",{"allocs":13,"gctimes":[0.0],"memory":90944,"params":["Parameters",{"gctrial":true,"time_tolerance":0.05,"samples":10000,"evals":1,"gcsample":false,"seconds":5.0,"overhead":0.0,"memory_tolerance":0.01}],"times":[4.8857920179e10]}]],"medians":[403.547175,1672.784192,5028.9911185,10845.711228,19506.205536,30179.202224,48857.920179]}