{"lengs":[10.0,31.622776601683793,100.0,316.2277660168379,1000.0,3162.2776601683795,10000.0,31622.776601683792,100000.0],"benchmarks":[["Trial",{"allocs":215423,"gctimes":[4.922063e6,5.943848e6,7.14134e6,6.253494e6,6.204397e6,6.935385e6,6.249163e6,6.336639e6,6.32083e6,6.76723e6,6.458078e6,7.030759e6,6.377335e6,6.436488e6,7.198064e6,6.447854e6,6.46354e6,6.456243e6,6.501735e6,6.627256e6,0.0,6.081685e6,6.161143e6,6.644935e6,6.126019e6,6.143143e6,6.876175e6,6.183337e6,6.132184e6,6.206951e6,6.194972e6],"memory":126340600,"params":["Parameters",{"gctrial":true,"time_tolerance":0.05,"samples":10000,"evals":1,"gcsample":false,"seconds":5.0,"overhead":0.0,"memory_tolerance":0.01}],"times":[1.68395465e8,1.65326863e8,1.69575812e8,1.65570203e8,1.66818595e8,1.68347577e8,1.6666919e8,1.66079069e8,1.66738024e8,1.66853843e8,1.67064814e8,1.68325389e8,1.66601598e8,1.67530512e8,1.69404056e8,1.67039305e8,1.66563915e8,1.66879316e8,1.66798793e8,1.66553498e8,1.48190422e8,1.66557588e8,1.66449508e8,1.68078783e8,1.66265223e8,1.6689929e8,1.68075781e8,1.66902377e8,1.65989544e8,1.66695471e8,1.66660774e8]}],["Trial",{"allocs":215697,"gctimes":[4.789806e6,5.75489e6,6.151937e6,6.164005e6,5.889986e6,5.973313e6,6.045801e6,6.306187e6,6.299296e6,6.635672e6,7.088793e6,6.314537e6,6.605759e6,6.421715e6,6.354619e6,6.386688e6,6.376511e6,6.466387e6,6.740722e6,6.617999e6,6.46399e6,0.0,6.167037e6,6.219941e6,6.132812e6,6.09398e6,6.17457e6,6.113575e6,6.410424e6,6.184758e6,6.599159e6],"memory":126501160,"params":["Parameters",{"gctrial":true,"time_tolerance":0.05,"samples":10000,"evals":1,"gcsample":false,"seconds":5.0,"overhead":0.0,"memory_tolerance":0.01}],"times":[1.68950918e8,1.65174363e8,1.66844033e8,1.65179035e8,1.65423249e8,1.65073784e8,1.65767861e8,1.66796496e8,1.67092307e8,1.67785113e8,1.69593177e8,1.67852058e8,1.67431335e8,1.67344374e8,1.67513804e8,1.68033545e8,1.66822847e8,1.66759308e8,1.67915366e8,1.67957853e8,1.66467649e8,1.48636257e8,1.66754116e8,1.67831074e8,1.6645576e8,1.66695428e8,1.66245221e8,1.66957424e8,1.67112938e8,1.67005981e8,1.67406251e8]}],["Trial",{"allocs":215697,"gctimes":[4.725673e6,5.765987e6,6.182465e6,5.965063e6,6.684521e6,6.366425e6,6.281523e6,7.012105e6,6.283551e6,6.298766e6,6.638027e6,6.365537e6,6.365528e6,6.544969e6,6.43529e6,7.134779e6,6.48347e6,6.441021e6,6.472856e6,6.565337e6,6.497166e6,0.0,6.137264e6,6.097513e6,6.14665e6,6.895876e6,6.133104e6,6.096369e6,6.109973e6,6.11973e6,6.195142e6],"memory":126501160,"params":["Parameters",{"gctrial":true,"time_tolerance":0.05,"samples":10000,"evals":1,"gcsample":false,"seconds":5.0,"overhead":0.0,"memory_tolerance":0.01}],"times":[1.6682469e8,1.64990402e8,1.65967159e8,1.64536097e8,1.68547897e8,1.6607314e8,1.67691223e8,1.68775522e8,1.66954863e8,1.66737054e8,1.68318518e8,1.66872403e8,1.67564963e8,1.67035732e8,1.67183007e8,1.68913665e8,1.67601808e8,1.66785801e8,1.66773397e8,1.67559656e8,1.66797223e8,1.48896456e8,1.67479263e8,1.66938432e8,1.68300617e8,1.69038918e8,1.6646791e8,1.66530128e8,1.66744731e8,1.67383517e8,1.66698128e8]}],["Trial",{"allocs":215834,"gctimes":[4.730529e6,5.915001e6,6.584466e6,6.023055e6,6.20565e6,6.605422e6,6.260277e6,6.297419e6,6.586927e6,6.426108e6,6.616372e6,6.323034e6,6.438195e6,6.43396e6,6.444096e6,7.136761e6,6.48881e6,6.506913e6,6.468396e6,6.464166e6,6.48021e6,6.811191e6,0.0,6.10587e6,6.55649e6,6.427587e6,6.07538e6,6.162261e6,6.547738e6,6.138561e6],"memory":126581440,"params":["Parameters",{"gctrial":true,"time_tolerance":0.05,"samples":10000,"evals":1,"gcsample":false,"seconds":5.0,"overhead":0.0,"memory_tolerance":0.01}],"times":[1.680291e8,1.65926571e8,1.68614829e8,1.65083586e8,1.6678849e8,1.67671238e8,1.67128864e8,1.67152761e8,1.68005257e8,1.67222086e8,1.67488304e8,1.66699358e8,1.67380076e8,1.67460682e8,1.68062963e8,1.68543556e8,1.67619555e8,1.67525259e8,1.67216288e8,1.67293747e8,1.67047448e8,1.68192114e8,1.49001985e8,1.67405016e8,1.68825171e8,1.68466514e8,1.66793209e8,1.67300624e8,1.67901273e8,1.67512475e8]}],["Trial",{"allocs":215834,"gctimes":[4.840664e6,5.691007e6,6.40887e6,5.990156e6,6.172251e6,6.227187e6,6.264015e6,6.35781e6,6.425132e6,6.38338e6,6.373538e6,6.670701e6,6.37976e6,6.407118e6,6.42694e6,6.393389e6,6.43739e6,6.678846e6,7.065543e6,6.539021e6,6.984102e6,7.304584e6,0.0,6.155763e6,6.172481e6,6.501585e6,6.126164e6,6.434285e6,6.221882e6,6.12744e6],"memory":126581440,"params":["Parameters",{"gctrial":true,"time_tolerance":0.05,"samples":10000,"evals":1,"gcsample":false,"seconds":5.0,"overhead":0.0,"memory_tolerance":0.01}],"times":[1.6812656e8,1.650345e8,1.6799524e8,1.65028035e8,1.66916586e8,1.66474485e8,1.67363067e8,1.67928038e8,1.67676029e8,1.67212969e8,1.66959421e8,1.67687538e8,1.67135971e8,1.67239158e8,1.67065767e8,1.66987058e8,1.68494346e8,1.6860387e8,1.69423702e8,1.67046553e8,1.68148801e8,1.69632154e8,1.48803532e8,1.67217996e8,1.66921163e8,1.68005305e8,1.66613768e8,1.68310113e8,1.66519811e8,1.67238415e8]}],["Trial",{"allocs":215971,"gctimes":[4.749727e6,5.751804e6,6.543787e6,6.220222e6,6.619746e6,6.234554e6,6.290496e6,6.31177e6,6.249656e6,6.733065e6,6.328536e6,6.361872e6,6.409711e6,6.457098e6,6.338783e6,6.416287e6,6.437631e6,6.428291e6,6.778482e6,6.488707e6,7.14901e6,6.486016e6,0.0,6.765472e6,6.478943e6,6.09075e6,6.781134e6,6.204643e6,6.154912e6,6.117597e6],"memory":126661720,"params":["Parameters",{"gctrial":true,"time_tolerance":0.05,"samples":10000,"evals":1,"gcsample":false,"seconds":5.0,"overhead":0.0,"memory_tolerance":0.01}],"times":[1.68056657e8,1.6552984e8,1.68100132e8,1.66711328e8,1.68528069e8,1.67494318e8,1.67281624e8,1.67067141e8,1.67153794e8,1.68606266e8,1.67715182e8,1.67159236e8,1.68122662e8,1.67728259e8,1.68157025e8,1.68543732e8,1.69304209e8,1.6760431e8,1.68978363e8,1.67665172e8,1.69265467e8,1.67647706e8,1.49265621e8,1.69346194e8,1.67487386e8,1.67691181e8,1.69126718e8,1.6721237e8,1.67147483e8,1.67820855e8]}],["Trial",{"allocs":215971,"gctimes":[4.947307e6,5.866948e6,6.417285e6,6.233074e6,6.022859e6,6.081714e6,6.08141e6,6.161838e6,6.394272e6,6.151613e6,6.10602e6,6.355403e6,6.386526e6,6.376099e6,6.372917e6,7.113394e6,6.386021e6,6.461532e6,6.572181e6,6.469363e6,7.213579e6,6.463779e6,0.0,6.095655e6,6.12114e6,6.109854e6,6.167248e6,6.239567e6,6.858898e6,6.142428e6],"memory":126661720,"params":["Parameters",{"gctrial":true,"time_tolerance":0.05,"samples":10000,"evals":1,"gcsample":false,"seconds":5.0,"overhead":0.0,"memory_tolerance":0.01}],"times":[1.70086977e8,1.67181616e8,1.68355785e8,1.67511026e8,1.67548377e8,1.67217049e8,1.66778713e8,1.66563819e8,1.68237409e8,1.65757027e8,1.66653377e8,1.67407464e8,1.6809844e8,1.67874309e8,1.67742801e8,1.69427313e8,1.6728783e8,1.6740877e8,1.6830258e8,1.67724936e8,1.69824875e8,1.67445791e8,1.48747361e8,1.67516853e8,1.67255438e8,1.67452449e8,1.67247049e8,1.68707208e8,1.69141403e8,1.67398336e8]}],["Trial",{"allocs":216108,"gctimes":[4.939147e6,5.942312e6,6.477988e6,6.166479e6,6.353554e6,6.785556e6,6.176016e6,6.169072e6,6.243293e6,6.224394e6,6.237272e6,6.753472e6,6.220761e6,6.289339e6,6.152979e6,6.149749e6,6.220391e6,6.4161e6,6.247357e6,6.214226e6,6.469193e6,6.539004e6,0.0,6.06137e6,6.099026e6,6.761214e6,6.094221e6,6.068774e6,6.093502e6,6.130242e6],"memory":126742000,"params":["Parameters",{"gctrial":true,"time_tolerance":0.05,"samples":10000,"evals":1,"gcsample":false,"seconds":5.0,"overhead":0.0,"memory_tolerance":0.01}],"times":[1.70433813e8,1.66766714e8,1.69087898e8,1.66763089e8,1.6892076e8,1.69380555e8,1.68511748e8,1.67795273e8,1.68251221e8,1.67599615e8,1.67984929e8,1.69077222e8,1.67712863e8,1.67986957e8,1.67372394e8,1.66990777e8,1.67131517e8,1.67855153e8,1.6679313e8,1.67186506e8,1.67400774e8,1.6795739e8,1.49351758e8,1.67974829e8,1.67851321e8,1.70016281e8,1.66818513e8,1.67311483e8,1.67012025e8,1.67575233e8]}],["Trial",{"allocs":216108,