{"lengs":[10.0,21.544346900318835,46.41588833612779,100.0,215.44346900318845,464.15888336127773,1000.0],"benchmarks":[["Trial",{"allocs":34364,"gctimes":[0.0,0.0,0.0],"memory":22059376,"params":["Parameters",{"gctrial":true,"time_tolerance":0.05,"samples":10000,"evals":1,"gcsample":false,"seconds":5.0,"overhead":0.0,"memory_tolerance":0.01}],"times":[1.822324703e9,1.815342661e9,1.817740244e9]}],["Trial",{"allocs":37391,"gctimes":[0.0,0.0,0.0],"memory":22279632,"params":["Parameters",{"gctrial":true,"time_tolerance":0.05,"samples":10000,"evals":1,"gcsample":false,"seconds":5.0,"overhead":0.0,"memory_tolerance":0.01}],"times":[1.916588668e9,1.938273302e9,1.934245282e9]}],["Trial",{"allocs":39490,"gctimes":[0.0,0.0,0.0],"memory":22461888,"params":["Parameters",{"gctrial":true,"time_tolerance":0.05,"samples":10000,"evals":1,"gcsample":false,"seconds":5.0,"overhead":0.0,"memory_tolerance":0.01}],"times":[1.997357444e9,2.005595953e9,2.096667537e9]}],["Trial",{"allocs":41700,"gctimes":[0.0,0.0,0.0],"memory":22699808,"params":["Parameters",{"gctrial":true,"time_tolerance":0.05,"samples":10000,"evals":1,"gcsample":false,"seconds":5.0,"overhead":0.0,"memory_tolerance":0.01}],"times":[2.228461762e9,2.24790928e9,2.196853856e9]}],["Trial",{"allocs":44767,"gctimes":[0.0,0.0,0.0],"memory":22949136,"params":["Parameters",{"gctrial":true,"time_tolerance":0.05,"samples":10000,"evals":1,"gcsample":false,"seconds":5.0,"overhead":0.0,"memory_tolerance":0.01}],"times":[2.378968047e9,2.329716845e9,2.251795954e9]}],["Trial",{"allocs":47806,"gctimes":[0.0,0.0],"memory":23169792,"params":["Parameters",{"gctrial":true,"time_tolerance":0.05,"samples":10000,"evals":1,"gcsample":false,"seconds":5.0,"overhead":0.0,"memory_tolerance":0.01}],"times":[2.522106575e9,2.570039026e9]}],["Trial",{"allocs":48132,"gctimes":[0.0,0.0],"memory":23376736,"params":["Parameters",{"gctrial":true,"time_tolerance":0.05,"samples":10000,"evals":1,"gcsample":false,"seconds":5.0,"overhead":0.0,"memory_tolerance":0.01}],"times":[2.657643172e9,2.474238084e9]}]],"medians":[1817.740244,1934.245282,2005.595953,2228.461762,2329.716845,2546.0728005,2565.940628]}