{"lengs":[10.0,31.622776601683793,100.0,316.2277660168379,1000.0,3162.2776601683795,10000.0,31622.776601683792,100000.0],"benchmarks":[["Trial",{"allocs":6426239,"gctimes":[6.486195e6,1.2935672e7,6.90138e6,1.3196507e7,6.607181e6,1.3342206e7,6.571044e6,1.3545062e7,1.3321229e7,6.803374e6,1.3096663e7,6.933641e6,1.3233238e7,6.652211e6,1.3306289e7,6.481987e6,1.3532868e7],"memory":166679416,"params":["Parameters",{"gctrial":true,"time_tolerance":0.05,"samples":10000,"evals":1,"gcsample":false,"seconds":5.0,"overhead":0.0,"memory_tolerance":0.01}],"times":[3.06744914e8,3.00172491e8,2.89931344e8,3.00904893e8,2.89186302e8,3.002437e8,2.92565132e8,2.97752721e8,3.01340671e8,2.88356493e8,3.00790969e8,2.90815944e8,3.0205588e8,2.89560891e8,3.0069197e8,2.9198479e8,2.99469766e8]}],["Trial",{"allocs":6455951,"gctimes":[6.448521e6,1.2763304e7,6.842031e6,1.3350823e7,6.622556e6,1.3551701e7,6.474981e6,1.3628674e7,1.3337602e7,6.905995e6,1.2979875e7,6.643771e6,1.3462881e7,6.486924e6,1.3616284e7,1.3301771e7,6.91938e6,1.3114508e7],"memory":167645192,"params":["Parameters",{"gctrial":true,"time_tolerance":0.05,"samples":10000,"evals":1,"gcsample":false,"seconds":5.0,"overhead":0.0,"memory_tolerance":0.01}],"times":[2.95624518e8,2.89168924e8,2.80149132e8,2.89375317e8,2.79659402e8,2.89582986e8,2.83041582e8,2.86094978e8,2.90387643e8,2.78829329e8,2.88431333e8,2.78136818e8,2.90185816e8,2.80953811e8,2.88855798e8,2.89760869e8,2.79199213e8,2.89561713e8]}],["Trial",{"allocs":6467850,"gctimes":[6.423066e6,1.2697896e7,6.708916e6,1.3443106e7,6.487409e6,1.3465542e7,1.3023213e7,6.841108e6,1.2880198e7,6.783686e6,1.34384e7,6.484091e6,1.348678e7,6.373486e6,1.3474659e7,1.309069e7,6.818418e6,1.2958567e7],"memory":168076992,"params":["Parameters",{"gctrial":true,"time_tolerance":0.05,"samples":10000,"evals":1,"gcsample":false,"seconds":5.0,"overhead":0.0,"memory_tolerance":0.01}],"times":[2.95464319e8,2.88911895e8,2.79697846e8,2.90936706e8,2.80648603e8,2.90319195e8,2.90327701e8,2.77706086e8,2.89678952e8,2.80300514e8,2.89640923e8,2.79316176e8,2.90440483e8,2.83636305e8,2.86516921e8,2.90641513e8,2.79310444e8,2.89934988e8]}],["Trial",{"allocs":6467850,"gctimes":[6.454602e6,1.2638336e7,6.693279e6,1.3272509e7,6.436841e6,1.3393058e7,1.3169724e7,6.726351e6,1.3060925e7,6.817346e6,1.3125474e7,6.606746e6,1.3591325e7,6.412727e6,1.3561159e7,1.3042235e7,6.833737e6,1.2956131e7],"memory":168076992,"params":["Parameters",{"gctrial":true,"time_tolerance":0.05,"samples":10000,"evals":1,"gcsample":false,"seconds":5.0,"overhead":0.0,"memory_tolerance":0.01}],"times":[2.96137788e8,2.8848337e8,2.79219207e8,2.89113272e8,2.79930106e8,2.89783941e8,2.90699183e8,2.7830027e8,2.88916666e8,2.7892557e8,2.89526135e8,2.78855675e8,2.889282e8,2.82972814e8,2.87014036e8,2.89664089e8,2.79234941e8,2.89400306e8]}],["Trial",{"allocs":6491648,"gctimes":[6.564291e6,1.2701637e7,6.690046e6,1.316777e7,6.361685e6,1.3306449e7,1.3113553e7,6.810499e6,1.3036213e7,6.614327e6,1.3172579e7,6.355532e6,1.3342728e7,1.3143237e7,6.774681e6,1.3162317e7,6.550496e6,1.3294293e7],"memory":168940592,"params":["Parameters",{"gctrial":true,"time_tolerance":0.05,"samples":10000,"evals":1,"gcsample":false,"seconds":5.0,"overhead":0.0,"memory_tolerance":0.01}],"times":[2.97430851e8,2.90632867e8,2.79658248e8,2.91026794e8,2.82187434e8,2.87326342e8,2.9075903e8,2.80777787e8,2.9107358e8,2.79773569e8,2.90284745e8,2.83008543e8,2.88911197e8,2.91084894e8,2.80530571e8,2.90716427e8,2.81063033e8,2.90383977e8]}],["Trial",{"allocs":6503547,"gctimes":[6.472663e6,1.2584252e7,6.671321e6,1.3088722e7,6.620009e6,1.3424925e7,1.3157761e7,6.737217e6,1.2828477e7,6.494143e6,1.3250458e7,6.302348e6,1.3243689e7,1.2837064e7,6.75262e6,1.3073777e7,6.546957e6,1.3403724e7],"memory":169372392,"params":["Parameters",{"gctrial":true,"time_tolerance":0.05,"samples":10000,"evals":1,"gcsample":false,"seconds":5.0,"overhead":0.0,"memory_tolerance":0.01}],"times":[2.97367524e8,2.89897196e8,2.82692842e8,2.92731594e8,2.83532368e8,2.87727169e8,2.92358789e8,2.80148623e8,2.92112624e8,2.80324447e8,2.90511853e8,2.82909244e8,2.8808701e8,2.92272032e8,2.83348086e8,2.9093927e8,2.84306116e8,2.91349453e8]}],["Trial",{"allocs":6527217,"gctimes":[6.537446e6,1.3049203e7,6.641972e6,1.3172691e7,6.367321e6,1.3512951e7,1.3136925e7,6.820885e6,1.2901627e7,6.512998e6,1.3494367e7,1.3118001e7,6.793577e6,1.3120098e7,6.652857e6,1.3028436e7,6.38116e6,1.3437209e7],"memory":169792616,"params":["Parameters",{"gctrial":true,"time_tolerance":0.05,"samples":10000,"evals":1,"gcsample":false,"seconds":5.0,"overhead":0.0,"memory_tolerance":0.01}],"times":[3.0199679e8,2.99064759e8,2.81252474e8,2.92007175e8,2.85647393e8,2.96564013e8,2.9331818e8,2.8064223e8,2.92306784e8,2.83737485e8,2.91015697e8,2.91963702e8,2.80395555e8,2.92548667e8,2.80594663e8,2.91716496e8,2.83949999e8,2.89380757e8]}],["Trial",{"allocs":6562914,"gctimes":[6.531726e6,1.2547539e7,6.594966e6,1.3285298e7,1.2840218e7,6.808131e6,1.2964863e7,6.590161e6,1.3301328e7,6.285392e6,1.3172621e7,1.2909713e7,6.590182e6,1.3052837e7,6.384684e6,1.328972e7,1.3027096e7,6.702671e6],"memory":171088016,"params":["Parameters",{"gctrial":true,"time_tolerance":0.05,"samples":10000,"evals":1,"gcsample":false,"seconds":5.0,"overhead":0.0,"memory_tolerance":0.01}],"times":[3.00251203e8,2.93365404e8,2.83564816e8,2.95310321e8,2.94557992e8,2.85086988e8,2.93010869e8,2.82574671e8,2.94710139e8,2.85481889e8,2.9103326e8,2.9414832e8,2.82517807e8,2.93261069e8,2.85662667e8,2.92000461e8,2.93717425e8,2.84423322e8]}],["Trial",{"allocs":6657913,"gctimes":[6.565263e6,1.2691317e7,6.56009e6,1.3310122e7,1.3085622e7,6.696432e6,1.3255181e7,1.3056114e7,6.908991e6,1.2992685e7,6.555909e6,1.3324197e7,1.3070754e7,6.755788e6,1.3023146e7,6.49884e6,1.3452517e7],"memory":173892888,"params":["Parameters",{"gctrial":true,"time_tolerance":0.05,"samples":10000,"evals":1,"gcsample":false,"seconds":5.0,"overhead":0.0,"memory_tolerance":0.01}],"times":[3.06297784e8,2.97494619e8,2.91515418e8,2.99560374e8,3.00369843e8,2.89945939e8,2.99885489e8,3.00208908e8,2.89537479e8,3.00748428e8,2.88321374e8,2.97748666e8,2.99528831e8,2.88135487e8,2.98910591e8,2.92483272e8,2.95549907e8]}]],"medians":[299.469766,288.6435655,289.276409,288.700018,289.597971,288.992103,291.3660965,292.505665,297.748666]}