{"lengs":[10.0,21.544346900318835,46.41588833612779,100.0,215.44346900318845,464.15888336127773,1000.0],"benchmarks":[["Trial",{"allocs":58052663,"gctimes":[1.88294267e8,1.89865451e8],"memory":1155197344,"params":["Parameters",{"gctrial":true,"time_tolerance":0.05,"samples":10000,"evals":1,"gcsample":false,"seconds":5.0,"overhead":0.0,"memory_tolerance":0.01}],"times":[3.641780677e9,3.655454063e9]}],["Trial",{"allocs":90801589,"gctimes":[2.96832461e8],"memory":1790398880,"params":["Parameters",{"gctrial":true,"time_tolerance":0.05,"samples":10000,"evals":1,"gcsample":false,"seconds":5.0,"overhead":0.0,"memory_tolerance":0.01}],"times":[5.73058539e9]}],["Trial",{"allocs":137062866,"gctimes":[4.39169133e8],"memory":2531830384,"params":["Parameters",{"gctrial":true,"time_tolerance":0.05,"samples":10000,"evals":1,"gcsample":false,"seconds":5.0,"overhead":0.0,"memory_tolerance":0.01}],"times":[8.59670733e9]}],["Trial",{"allocs":175631546,"gctimes":[5.56084063e8],"memory":3149805712,"params":["Parameters",{"gctrial":true,"time_tolerance":0.05,"samples":10000,"evals":1,"gcsample":false,"seconds":5.0,"overhead":0.0,"memory_tolerance":0.01}],"times":[1.0926334545e10]}],["Trial",{"allocs":209333626,"gctimes":[6.51279555e8],"memory":3689734096,"params":["Parameters",{"gctrial":true,"time_tolerance":0.05,"samples":10000,"evals":1,"gcsample":false,"seconds":5.0,"overhead":0.0,"memory_tolerance":0.01}],"times":[1.2865453125e10]}],["Trial",{"allocs":221798725,"gctimes":[7.05810112e8],"memory":3889456720,"params":["Parameters",{"gctrial":true,"time_tolerance":0.05,"samples":10000,"evals":1,"gcsample":false,"seconds":5.0,"overhead":0.0,"memory_tolerance":0.01}],"times":[1.3715557174e10]}],["Trial",{"allocs":222580895,"gctimes":[7.33305762e8],"memory":3902016704,"params":["Parameters",{"gctrial":true,"time_tolerance":0.05,"samples":10000,"evals":1,"gcsample":false,"seconds":5.0,"overhead":0.0,"memory_tolerance":0.01}],"times":[1.4140415552e10]}]],"medians":[3648.61737,5730.58539,8596.70733,10926.334545,12865.453125,13715.557174,14140.415552]}