{"lengs":[10.0,21.544346900318835,46.41588833612779,100.0,215.44346900318845,464.15888336127773,1000.0],"benchmarks":[["Trial",{"allocs":67232,"gctimes":[0.0,0.0,0.0,0.0,0.0,0.0,0.0,0.0,0.0,0.0,0.0,0.0,0.0,0.0,0.0,0.0,0.0,0.0,0.0,1.6371211e7,0.0,0.0,0.0,0.0,0.0,0.0,0.0,0.0,0.0,0.0,0.0,0.0,0.0],"memory":7519704,"params":["Parameters",{"gctrial":true,"time_tolerance":0.05,"samples":10000,"evals":1,"gcsample":false,"seconds":5.0,"overhead":0.0,"memory_tolerance":0.01}],"times":[1.51089388e8,1.53885757e8,1.48897338e8,1.53089039e8,1.5093151e8,1.50556635e8,1.53164988e8,1.60565915e8,1.65868875e8,1.70403294e8,1.55645189e8,1.49897857e8,1.50792995e8,1.50709174e8,1.53237088e8,1.53035175e8,1.56299402e8,1.55052194e8,1.51815505e8,1.71244387e8,1.53709101e8,1.46908607e8,1.48094094e8,1.521198e8,1.52026681e8,1.55449244e8,1.50099926e8,1.50558077e8,1.53172814e8,1.5520012e8,1.5291773e8,1.53165194e8,1.55107378e8]}],["Trial",{"allocs":83205,"gctimes":[0.0,0.0,0.0,0.0,0.0,0.0,0.0,0.0,0.0,0.0,0.0,0.0,0.0,0.0,0.0,0.0,1.6626415e7,0.0,0.0,0.0,0.0,0.0,0.0,0.0,0.0,0.0,0.0,0.0,0.0,0.0],"memory":8875384,"params":["Parameters",{"gctrial":true,"time_tolerance":0.05,"samples":10000,"evals":1,"gcsample":false,"seconds":5.0,"overhead":0.0,"memory_tolerance":0.01}],"times":[1.62463341e8,1.66366036e8,1.64658044e8,1.62324832e8,1.69841814e8,1.71235064e8,1.66048039e8,1.67565712e8,1.68585556e8,1.99625391e8,1.69188145e8,1.7228092e8,1.68079579e8,1.6820244e8,1.6340125e8,1.70899566e8,1.82047852e8,1.72129808e8,1.64009363e8,1.6241272e8,1.6664651e8,1.67677785e8,1.65380859e8,1.67006686e8,1.63329714e8,1.63422841e8,1.63595253e8,1.653065e8,1.62124646e8,1.65397431e8]}],["Trial",{"allocs":105931,"gctimes":[0.0,0.0,0.0,0.0,0.0,0.0,0.0,0.0,0.0,0.0,0.0,0.0,0.0,1.6796917e7,0.0,0.0,0.0,0.0,0.0,0.0,0.0,0.0,0.0,0.0,0.0,0.0],"memory":10869752,"params":["Parameters",{"gctrial":true,"time_tolerance":0.05,"samples":10000,"evals":1,"gcsample":false,"seconds":5.0,"overhead":0.0,"memory_tolerance":0.01}],"times":[1.96499295e8,1.97690941e8,1.97101063e8,1.94522283e8,1.99135595e8,1.98259511e8,1.94048388e8,1.98340369e8,1.97865858e8,1.98003344e8,1.98808e8,2.00058769e8,1.96475342e8,2.15666611e8,1.95662877e8,1.96182464e8,1.97555413e8,1.91744814e8,1.95953724e8,1.93197649e8,1.9293042e8,1.94729256e8,1.98135194e8,1.92943043e8,1.92918052e8,1.9898667e8]}],["Trial",{"allocs":121968,"gctimes":[0.0,0.0,0.0,0.0,0.0,0.0,0.0,0.0,0.0,0.0,0.0,0.0,1.6975473e7,0.0,0.0,0.0,0.0,0.0,0.0,0.0,0.0,0.0,0.0],"memory":12265832,"params":["Parameters",{"gctrial":true,"time_tolerance":0.05,"samples":10000,"evals":1,"gcsample":false,"seconds":5.0,"overhead":0.0,"memory_tolerance":0.01}],"times":[2.25982251e8,2.26265323e8,2.21140021e8,2.22700642e8,2.21102041e8,2.23013276e8,2.22287888e8,2.23003048e8,2.21540498e8,2.23107294e8,2.24615014e8,2.21255751e8,2.3982722e8,2.23384712e8,2.22630162e8,2.21263718e8,2.15433369e8,2.20850933e8,2.19136413e8,2.20274179e8,2.20827242e8,2.2302665e8,2.23489719e8]}],["Trial",{"allocs":134023,"gctimes":[0.0,0.0,0.0,0.0,0.0,0.0,0.0,0.0,0.0,0.0,0.0,1.7107286e7,0.0,0.0,0.0,0.0,0.0,0.0,0.0,0.0,0.0],"memory":13317048,"params":["Parameters",{"gctrial":true,"time_tolerance":0.05,"samples":10000,"evals":1,"gcsample":false,"seconds":5.0,"overhead":0.0,"memory_tolerance":0.01}],"times":[2.34154571e8,2.42048404e8,2.41942727e8,2.4206257e8,2.37744476e8,2.42569818e8,2.40412604e8,2.4078225e8,2.38950942e8,2.42317322e8,2.44015459e8,2.561282e8,2.40787425e8,2.39514272e8,2.38056038e8,2.4156216e8,2.36029188e8,2.3524394e8,2.38999019e8,2.37671573e8,2.40463775e8]}],["Trial",{"allocs":138916,"gctimes":[0.0,0.0,0.0,0.0,0.0,0.0,0.0,0.0,0.0,0.0,1.7274461e7,0.0,0.0,0.0,0.0,0.0,0.0,0.0,0.0,0.0],"memory":13767736,"params":["Parameters",{"gctrial":true,"time_tolerance":0.05,"samples":10000,"evals":1,"gcsample":false,"seconds":5.0,"overhead":0.0,"memory_tolerance":0.01}],"times":[2.50165658e8,2.56375906e8,2.59243155e8,2.57130759e8,2.5262729e8,2.55658266e8,2.54722807e8,2.55764083e8,2.53877329e8,2.56260547e8,2.76753789e8,2.53975698e8,2.52275215e8,2.53517898e8,2.46947256e8,2.53411227e8,2.53900894e8,2.51753876e8,2.55516566e8,2.58426055e8]}],["Trial",{"allocs":140332,"gctimes":[0.0,0.0,0.0,0.0,0.0,0.0,0.0,0.0,0.0,0.0,1.7462477e7,0.0,0.0,0.0,0.0,0.0,0.0,0.0,0.0,0.0],"memory":13904392,"params":["Parameters",{"gctrial":true,"time_tolerance":0.05,"samples":10000,"evals":1,"gcsample":false,"seconds":5.0,"overhead":0.0,"memory_tolerance":0.01}],"times":[2.63163687e8,2.62564703e8,2.61551556e8,2.55859e8,2.59831066e8,2.60294167e8,2.58396523e8,2.59638597e8,2.60839638e8,2.61554823e8,2.75406419e8,2.56382098e8,2.55086763e8,2.55470826e8,2.52590549e8,2.61395117e8,2.54006766e8,2.56343137e8,2.58160332e8,2.62197052e8]}]],"medians":[153.089039,166.506273,196.800179,222.630162,240.463775,254.3492525,259.7348315]}