{"lengs":[10.0,100.0,1000.0],"benchmarks":[["Trial",{"allocs":8743,"gctimes":[0.0,3.684262e6,0.0,3.61209e6,0.0,3.681413e6],"memory":183520656,"params":["Parameters",{"gctrial":true,"time_tolerance":0.05,"samples":10000,"evals":1,"gcsample":false,"seconds":5.0,"overhead":0.0,"memory_tolerance":0.01}],"times":[8.94423228e8,8.96827789e8,8.95397066e8,8.90060406e8,8.88673233e8,8.92742613e8]}],["Trial",{"allocs":13952,"gctimes":[0.0,3.563022e6,3.744758e6,0.0,3.836539e6],"memory":219129648,"params":["Parameters",{"gctrial":true,"time_tolerance":0.05,"samples":10000,"evals":1,"gcsample":false,"seconds":5.0,"overhead":0.0,"memory_tolerance":0.01}],"times":[1.101138604e9,1.107204311e9,1.110438015e9,1.10459104e9,1.112732383e9]}],["Trial",{"allocs":28198,"gctimes":[0.0,3.758715e6,3.933726e6,4.032256e6],"memory":256674400,"params":["Parameters",{"gctrial":true,"time_tolerance":0.05,"samples":10000,"evals":1,"gcsample":false,"seconds":5.0,"overhead":0.0,"memory_tolerance":0.01}],"times":[1.438598811e9,1.444865317e9,1.44417103e9,1.448228214e9]}]],"medians":[893.5829205,1107.204311,1444.5181735]}