{"lengs":[10.0,21.544346900318835,46.41588833612779,100.0,215.44346900318845,464.15888336127773,1000.0],"benchmarks":[["Trial",{"allocs":36936,"gctimes":[0.0,0.0,4.008488e6,0.0,4.304534e6,0.0,0.0,0.0,4.590035e6,0.0,0.0,4.600444e6,0.0,0.0,4.655693e6,0.0,0.0,0.0,4.699388e6,0.0,0.0,4.599971e6,0.0,0.0,0.0],"memory":54668504,"params":["Parameters",{"gctrial":true,"time_tolerance":0.05,"samples":10000,"evals":1,"gcsample":false,"seconds":5.0,"overhead":0.0,"memory_tolerance":0.01}],"times":[1.9323857e8,1.941506e8,2.00353102e8,1.97557387e8,2.02935143e8,1.97239958e8,1.96796819e8,1.93317562e8,1.99444017e8,1.93329536e8,1.93650318e8,2.00930827e8,1.95160643e8,1.92954384e8,2.02050753e8,1.93677721e8,1.9328661e8,2.20499903e8,2.62436797e8,2.40468048e8,2.65729658e8,2.07138827e8,1.91992543e8,1.91621871e8,1.92711795e8]}],["Trial",{"allocs":45177,"gctimes":[0.0,0.0,4.22987e6,0.0,4.445141e6,0.0,0.0,4.740827e6,0.0,0.0,0.0,4.730827e6,0.0,0.0,4.757092e6,0.0,0.0,0.0,4.835041e6,0.0,0.0,4.716124e6,0.0,0.0],"memory":55400392,"params":["Parameters",{"gctrial":true,"time_tolerance":0.05,"samples":10000,"evals":1,"gcsample":false,"seconds":5.0,"overhead":0.0,"memory_tolerance":0.01}],"times":[2.1211448e8,2.39445832e8,2.21927393e8,2.13334357e8,2.19350719e8,2.14497541e8,2.12527098e8,2.18388668e8,2.08526535e8,2.11898213e8,2.110333e8,2.17275005e8,2.11112086e8,2.10897679e8,2.1998909e8,2.09571622e8,2.13104257e8,2.12132485e8,2.17865844e8,2.38889563e8,2.11664945e8,2.19227251e8,2.1084584e8,2.10351068e8]}],["Trial",{"allocs":57103,"gctimes":[0.0,0.0,4.897611e6,0.0,4.551742e6,0.0,0.0,5.306448e6,0.0,0.0,5.252029e6,0.0,0.0,5.320747e6,0.0,0.0,5.312088e6,0.0,0.0,6.460492e6],"memory":60830792,"params":["Parameters",{"gctrial":true,"time_tolerance":0.05,"samples":10000,"evals":1,"gcsample":false,"seconds":5.0,"overhead":0.0,"memory_tolerance":0.01}],"times":[2.93295537e8,2.48188252e8,2.54156561e8,2.46874336e8,2.5302992e8,2.48027748e8,2.48464588e8,2.87706052e8,2.9427148e8,2.47783823e8,2.58129982e8,2.51518804e8,2.50879063e8,2.58471384e8,2.49169841e8,2.50681046e8,2.54108876e8,2.47947533e8,2.51489485e8,3.24963569e8]}],["Trial",{"allocs":65612,"gctimes":[0.0,4.943684e6,0.0,4.792609e6,0.0,0.0,4.953881e6,0.0,0.0,5.619859e6,0.0,0.0,5.021564e6,0.0,4.994366e6,0.0,0.0,5.227761e6],"memory":67003024,"params":["Parameters",{"gctrial":true,"time_tolerance":0.05,"samples":10000,"evals":1,"gcsample":false,"seconds":5.0,"overhead":0.0,"memory_tolerance":0.01}],"times":[2.78487342e8,2.86650134e8,2.78881251e8,2.85681278e8,2.77210646e8,2.79813975e8,2.85416666e8,2.78791602e8,2.80300573e8,2.85091654e8,2.78276939e8,2.79501873e8,2.84977424e8,2.81060813e8,2.83227972e8,2.76473378e8,2.77610393e8,2.84915238e8]}],["Trial",{"allocs":71975,"gctimes":[0.0,4.658294e6,0.0,4.684683e6,0.0,0.0,5.022251e6,0.0,4.880452e6,0.0,0.0,4.910659e6,0.0,0.0,4.978462e6,0.0,5.002707e6],"memory":70825224,"params":["Parameters",{"gctrial":true,"time_tolerance":0.05,"samples":10000,"evals":1,"gcsample":false,"seconds":5.0,"overhead":0.0,"memory_tolerance":0.01}],"times":[2.9879223e8,3.08677939e8,2.98511156e8,3.06699977e8,3.01010207e8,3.01360624e8,3.07726645e8,2.98389779e8,3.06340958e8,2.9969007e8,3.00162202e8,3.07557003e8,3.02937648e8,2.99234077e8,3.03107796e8,3.00021633e8,3.06917603e8]}],["Trial",{"allocs":74690,"gctimes":[0.0,4.548759e6,0.0,4.710814e6,0.0,4.977272e6,0.0,0.0,4.873416e6,0.0,4.786788e6,0.0,0.0,5.351695e6,0.0,4.962992e6],"memory":75407096,"params":["Parameters",{"gctrial":true,"time_tolerance":0.05,"samples":10000,"evals":1,"gcsample":false,"seconds":5.0,"overhead":0.0,"memory_tolerance":0.01}],"times":[3.15808966e8,3.21608537e8,3.13981278e8,3.21493067e8,3.14589967e8,3.24366039e8,3.13049171e8,3.13420281e8,3.18494977e8,3.13072531e8,3.20941829e8,3.1265365e8,3.15238942e8,3.22017323e8,3.15719671e8,3.21353606e8]}],["Trial",{"allocs":75560,"gctimes":[0.0,4.269924e6,0.0,4.486803e6,0.0,4.760416e6,0.0,5.238681e6,0.0,0.0,4.931516e6,0.0,5.038036e6,0.0,0.0,5.168059e6],"memory":78729728,"params":["Parameters",{"gctrial":true,"time_tolerance":0.05,"samples":10000,"evals":1,"gcsample":false,"seconds":5.0,"overhead":0.0,"memory_tolerance":0.01}],"times":[3.22102057e8,3.34917963e8,3.22316671e8,3.28745571e8,3.22628499e8,3.3031199e8,3.23440993e8,3.32370452e8,3.2543504e8,3.24653382e8,3.31271968e8,3.24502127e8,3.33663213e8,3.26918511e8,3.25268135e8,3.34514201e8]}]],"medians":[196.796819,212.8156775,251.5041445,280.057274,301.360624,315.7643185,326.1767755]}