{"lengs":[10.0,21.544346900318835,46.41588833612779,100.0,215.44346900318845,464.15888336127773,1000.0],"benchmarks":[["Trial",{"allocs":135706881,"gctimes":[2.69799656e8],"memory":3090413752,"params":["Parameters",{"gctrial":true,"time_tolerance":0.05,"samples":10000,"evals":1,"gcsample":false,"seconds":5.0,"overhead":0.0,"memory_tolerance":0.01}],"times":[1.0211063589e10]}],["Trial",{"allocs":193557848,"gctimes":[3.85980635e8],"memory":4407995384,"params":["Parameters",{"gctrial":true,"time_tolerance":0.05,"samples":10000,"evals":1,"gcsample":false,"seconds":5.0,"overhead":0.0,"memory_tolerance":0.01}],"times":[1.4688145395e10]}],["Trial",{"allocs":246399233,"gctimes":[5.04973224e8],"memory":5611476496,"params":["Parameters",{"gctrial":true,"time_tolerance":0.05,"samples":10000,"evals":1,"gcsample":false,"seconds":5.0,"overhead":0.0,"memory_tolerance":0.01}],"times":[1.8567660852e10]}],["Trial",{"allocs":263204631,"gctimes":[5.39170458e8],"memory":5994210096,"params":["Parameters",{"gctrial":true,"time_tolerance":0.05,"samples":10000,"evals":1,"gcsample":false,"seconds":5.0,"overhead":0.0,"memory_tolerance":0.01}],"times":[1.9732115474e10]}],["Trial",{"allocs":272254483,"gctimes":[5.63605902e8],"memory":6200343856,"params":["Parameters",{"gctrial":true,"time_tolerance":0.05,"samples":10000,"evals":1,"gcsample":false,"seconds":5.0,"overhead":0.0,"memory_tolerance":0.01}],"times":[2.0435369032e10]}],["Trial",{"allocs":274678099,"gctimes":[5.32121397e8],"memory":6255531768,"params":["Parameters",{"gctrial":true,"time_tolerance":0.05,"samples":10000,"evals":1,"gcsample":false,"seconds":5.0,"overhead":0.0,"memory_tolerance":0.01}],"times":[2.0629003139e10]}],["Trial",{"allocs":275001245,"gctimes":[5.40070534e8],"memory":6262889992,"params":["Parameters",{"gctrial":true,"time_tolerance":0.05,"samples":10000,"evals":1,"gcsample":false,"seconds":5.0,"overhead":0.0,"memory_tolerance":0.01}],"times":[2.0475614651e10]}]],"medians":[10211.063589,14688.145395,18567.660852,19732.115474,20435.369032,20629.003139,20475.614651]}