{"lengs":[10.0,100.0,1000.0],"benchmarks":[["Trial",{"allocs":5011,"gctimes":[0.0,0.0,0.0,0.0,0.0,0.0,0.0],"memory":35399712,"params":["Parameters",{"gctrial":true,"time_tolerance":0.05,"samples":10000,"evals":1,"gcsample":false,"seconds":5.0,"overhead":0.0,"memory_tolerance":0.01}],"times":[7.37536262e8,7.39075945e8,7.39540997e8,7.37310623e8,7.49424729e8,7.44473541e8,7.41809124e8]}],["Trial",{"allocs":5173,"gctimes":[0.0,0.0,0.0,0.0,0.0,0.0],"memory":36317856,"params":["Parameters",{"gctrial":true,"time_tolerance":0.05,"samples":10000,"evals":1,"gcsample":false,"seconds":5.0,"overhead":0.0,"memory_tolerance":0.01}],"times":[8.36389661e8,8.34078925e8,8.34104633e8,8.37162544e8,8.41916071e8,8.36689632e8]}],["Trial",{"allocs":5346,"gctimes":[0.0,0.0,0.0,0.0,0.0,0.0],"memory":37281264,"params":["Parameters",{"gctrial":true,"time_tolerance":0.05,"samples":10000,"evals":1,"gcsample":false,"seconds":5.0,"overhead":0.0,"memory_tolerance":0.01}],"times":[9.22628202e8,9.26283986e8,9.19357435e8,9.24644485e8,9.32563021e8,9.2906297e8]}]],"medians":[739.540997,836.5396465,925.4642355]}