{"lengs":[10.0,21.544346900318835,46.41588833612779,100.0,215.44346900318845,464.15888336127773,1000.0],"benchmarks":[["Trial",{"allocs":73469,"gctimes":[9.777798e6],"memory":633382224,"params":["Parameters",{"gctrial":true,"time_tolerance":0.05,"samples":10000,"evals":1,"gcsample":false,"seconds":5.0,"overhead":0.0,"memory_tolerance":0.01}],"times":[8.783184763e9]}],["Trial",{"allocs":108702,"gctimes":[2.0013071e7],"memory":987005680,"params":["Parameters",{"gctrial":true,"time_tolerance":0.05,"samples":10000,"evals":1,"gcsample":false,"seconds":5.0,"overhead":0.0,"memory_tolerance":0.01}],"times":[1.6163294871e10]}],["Trial",{"allocs":142463,"gctimes":[3.0265448e7],"memory":1373228912,"params":["Parameters",{"gctrial":true,"time_tolerance":0.05,"samples":10000,"evals":1,"gcsample":false,"seconds":5.0,"overhead":0.0,"memory_tolerance":0.01}],"times":[2.5447742959e10]}],["Trial",{"allocs":169319,"gctimes":[4.0728946e7],"memory":1722787296,"params":["Parameters",{"gctrial":true,"time_tolerance":0.05,"samples":10000,"evals":1,"gcsample":false,"seconds":5.0,"overhead":0.0,"memory_tolerance":0.01}],"times":[3.5915722549e10]}],["Trial",{"allocs":202495,"gctimes":[5.2857478e7],"memory":2185096096,"params":["Parameters",{"gctrial":true,"time_tolerance":0.05,"samples":10000,"evals":1,"gcsample":false,"seconds":5.0,"overhead":0.0,"memory_tolerance":0.01}],"times":[5.3334848367e10]}],["Trial",{"allocs":267663,"gctimes":[7.5752321e7],"memory":3096042368,"params":["Parameters",{"gctrial":true,"time_tolerance":0.05,"samples":10000,"evals":1,"gcsample":false,"seconds":5.0,"overhead":0.0,"memory_tolerance":0.01}],"times":[8.8777754122e10]}],["Trial",{"allocs":337665,"gctimes":[9.3628703e7],"memory":4113664448,"params":["Parameters",{"gctrial":true,"time_tolerance":0.05,"samples":10000,"evals":1,"gcsample":false,"seconds":5.0,"overhead":0.0,"memory_tolerance":0.01}],"times":[1.41522990455e11]}]],"medians":[8783.184763,16163.294871,25447.742959,35915.722549,53334.848367,88777.754122,141522.990455]}