{"lengs":[10.0,31.622776601683793,100.0,316.2277660168379,1000.0,3162.2776601683795,10000.0,31622.776601683792,100000.0],"benchmarks":[["Trial",{"allocs":17561,"gctimes":[0.0,0.0,0.0,0.0,0.0,0.0,0.0,0.0,0.0,0.0,0.0,0.0,0.0,0.0,0.0,0.0,0.0,0.0,1.1552259e7,0.0,0.0,0.0,0.0,0.0,0.0,0.0,0.0,0.0,0.0,0.0,0.0,0.0,0.0,0.0,0.0,0.0,1.3039206e7,0.0,0.0,0.0,0.0,0.0,0.0,0.0,0.0,0.0,0.0,0.0,0.0,0.0,0.0,0.0,0.0,0.0,0.0,1.3072399e7,0.0,0.0,0.0,0.0],"memory":5443840,"params":["Parameters",{"gctrial":true,"time_tolerance":0.05,"samples":10000,"evals":1,"gcsample":false,"seconds":5.0,"overhead":0.0,"memory_tolerance":0.01}],"times":[8.3754122e7,8.4431014e7,8.3125267e7,8.5286521e7,8.5256201e7,8.3574267e7,8.2821805e7,8.5473364e7,8.373677e7,8.4857156e7,8.371314e7,8.4185644e7,8.6261697e7,8.6410492e7,8.3513737e7,8.4349941e7,8.6342359e7,8.4400971e7,9.3842663e7,8.0698858e7,8.0813416e7,8.06513e7,8.2961223e7,8.1348675e7,8.0589243e7,8.1658131e7,8.0595655e7,8.0520502e7,8.2731228e7,8.3381356e7,8.3143013e7,8.3344602e7,8.3094374e7,8.371461e7,8.5238131e7,8.5374207e7,9.7206932e7,8.221138e7,8.0775788e7,8.0901281e7,8.1748552e7,8.3403304e7,8.2705199e7,8.115486e7,8.1530334e7,8.2802389e7,8.2428874e7,8.3770025e7,8.2766169e7,8.4971028e7,8.3138512e7,8.3156461e7,8.3556306e7,8.3738848e7,8.4838825e7,9.7839873e7,8.0355882e7,8.2400622e7,8.0615619e7,8.1463208e7]}],["Trial",{"allocs":17583,"gctimes":[0.0,0.0,0.0,0.0,0.0,0.0,0.0,0.0,0.0,0.0,0.0,0.0,0.0,0.0,0.0,0.0,0.0,0.0,1.1760465e7,0.0,0.0,0.0,0.0,0.0,0.0,0.0,0.0,0.0,0.0,0.0,0.0,0.0,0.0,0.0,0.0,0.0,1.252957e7,0.0,0.0,0.0,0.0,0.0,0.0,0.0,0.0,0.0,0.0,0.0,0.0,0.0,0.0,0.0,0.0,0.0,0.0,1.2775755e7,0.0,0.0,0.0,0.0,0.0,0.0],"memory":5450496,"params":["Parameters",{"gctrial":true,"time_tolerance":0.05,"samples":10000,"evals":1,"gcsample":false,"seconds":5.0,"overhead":0.0,"memory_tolerance":0.01}],"times":[8.2742588e7,8.248567e7,8.1201456e7,8.1227699e7,8.2676748e7,8.1671309e7,8.1192472e7,8.1994161e7,8.1639259e7,8.3785015e7,8.1676514e7,8.2402668e7,8.0999909e7,8.1545601e7,8.2080641e7,8.2864997e7,8.1190335e7,8.3909127e7,9.2147647e7,8.2367217e7,7.953882e7,8.1041946e7,7.9485532e7,8.1067343e7,7.9678933e7,8.1323696e7,8.0967411e7,8.1370205e7,8.2168883e7,8.2371379e7,8.1981424e7,8.2058378e7,8.3966315e7,8.2837208e7,8.1576942e7,8.2015549e7,9.318071e7,8.0351667e7,7.960808e7,7.9177989e7,7.9729494e7,7.8980339e7,7.8826241e7,7.9150169e7,8.044783e7,7.9405264e7,8.039895e7,8.1232032e7,8.1609284e7,8.2382199e7,8.2896031e7,8.1588615e7,8.1403989e7,8.3283151e7,8.1008775e7,9.3331876e7,7.9471187e7,7.9518266e7,8.0926046e7,7.9199732e7,7.9181774e7,8.0328666e7]}],["Trial",{"allocs":17583,"gctimes":[0.0,0.0,0.0,0.0,0.0,0.0,0.0,0.0,0.0,0.0,0.0,0.0,0.0,0.0,0.0,0.0,0.0,0.0,1.1849424e7,0.0,0.0,0.0,0.0,0.0,0.0,0.0,0.0,0.0,0.0,0.0,0.0,0.0,0.0,0.0,0.0,0.0,1.266083e7,0.0,0.0,0.0,0.0,0.0,0.0,0.0,0.0,0.0,0.0,0.0,0.0,0.0,0.0,0.0,0.0,0.0,0.0,1.2732141e7,0.0,0.0,0.0,0.0,0.0],"memory":5450496,"params":["Parameters",{"gctrial":true,"time_tolerance":0.05,"samples":10000,"evals":1,"gcsample":false,"seconds":5.0,"overhead":0.0,"memory_tolerance":0.01}],"times":[8.3487067e7,8.1707977e7,8.186694e7,8.2561965e7,8.325068e7,8.142643e7,8.1595363e7,8.2024362e7,8.2930216e7,8.1761498e7,8.3578043e7,8.3758453e7,8.310813e7,8.2671657e7,8.2522593e7,8.3120297e7,8.191139e7,8.2749615e7,9.2522005e7,7.9492949e7,8.082664e7,8.0480676e7,8.0468506e7,8.0850924e7,8.0232302e7,7.9111549e7,7.9484808e7,7.9098283e7,8.3291935e7,8.4226343e7,8.1197812e7,8.1196826e7,8.1565846e7,8.141562e7,8.1736527e7,8.2631302e7,9.3656744e7,7.9701821e7,8.0806722e7,7.9329316e7,8.3081571e7,7.9438473e7,8.1093071e7,7.9897768e7,7.9210016e7,7.9128666e7,8.1121356e7,8.3818533e7,8.2393317e7,8.3365076e7,8.1754144e7,8.2441444e7,8.2340463e7,8.3288294e7,8.0941035e7,9.3481841e7,7.8831222e7,8.0761755e7,8.1537701e7,7.8973814e7,7.9741721e7]}],["Trial",{"allocs":17594,"gctimes":[0.0,0.0,0.0,0.0,0.0,0.0,0.0,0.0,0.0,0.0,0.0,0.0,0.0,0.0,0.0,0.0,0.0,0.0,1.1980603e7,0.0,0.0,0.0,0.0,0.0,0.0,0.0,0.0,0.0,0.0,0.0,0.0,0.0,0.0,0.0,0.0,0.0,1.2277069e7,0.0,0.0,0.0,0.0,0.0,0.0,0.0,0.0,0.0,0.0,0.0,0.0,0.0,0.0,0.0,0.0,0.0,0.0,1.2984879e7,0.0,0.0,0.0,0.0,0.0],"memory":5453824,"params":["Parameters",{"gctrial":true,"time_tolerance":0.05,"samples":10000,"evals":1,"gcsample":false,"seconds":5.0,"overhead":0.0,"memory_tolerance":0.01}],"times":[8.4101254e7,8.3028784e7,8.2351217e7,8.5491785e7,8.1996613e7,8.4137884e7,8.1647215e7,8.1778022e7,8.3363464e7,8.1071884e7,8.1416806e7,8.180794e7,8.1539572e7,8.2161126e7,8.1605896e7,8.1893055e7,8.261679e7,8.3862934e7,9.430435e7,7.9117411e7,8.0717739e7,7.9631318e7,8.015846e7,7.9229601e7,8.0954319e7,7.9373123e7,7.9128727e7,8.3741793e7,9.2954435e7,8.3340169e7,8.3210356e7,8.4746892e7,8.2394287e7,8.8054235e7,8.2971037e7,8.261467e7,9.33378e7,8.1304678e7,8.2162502e7,7.9484836e7,8.1283367e7,8.0543293e7,8.0112947e7,7.8762355e7,8.004161e7,7.895843e7,8.037312e7,8.1188429e7,8.1764781e7,8.1462114e7,8.1584155e7,8.3818988e7,8.3102941e7,8.2891594e7,8.4556167e7,9.406125e7,7.941803e7,7.9143684e7,7.9932342e7,8.0116224e7,8.2152381e7]}],["Trial",{"allocs":17594,"gctimes":[0.0,0.0,0.0,0.0,0.0,0.0,0.0,0.0,0.0,0.0,0.0,0.0,0.0,0.0,0.0,0.0,0.0,0.0,1.1559287e7,0.0,0.0,0.0,0.0,0.0,0.0,0.0,0.0,0.0,0.0,0.0,0.0,0.0,0.0,0.0,0.0,0.0,1.3121662e7,0.0,0.0,0.0,0.0,0.0,0.0,0.0,0.0,0.0,0.0,0.0,0.0,0.0,0.0,0.0,0.0,0.0,0.0,1.2916369e7,0.0,0.0,0.0,0.0,0.0],"memory":5453824,"params":["Parameters",{"gctrial":true,"time_tolerance":0.05,"samples":10000,"evals":1,"gcsample":false,"seconds":5.0,"overhead":0.0,"memory_tolerance":0.01}],"times":[8.3409802e7,8.2464391e7,8.1826962e7,8.3257119e7,8.2793404e7,8.2552278e7,8.182302e7,8.1734532e7,8.1732664e7,8.14264e7,8.1473213e7,8.1445302e7,8.146444e7,8.1278102e7,8.2028655e7,8.1517512e7,8.4063061e7,8.1455478e7,9.4490321e7,8.1679978e7,7.9915938e7,8.083702e7,8.0972625e7,8.1072082e7,7.9880483e7,8.0206026e7,7.9953076e7,7.9092131e7,8.1480808e7,8.1050816e7,8.3354735e7,8.3341761e7,8.3119597e7,8.1399436e7,8.285086e7,8.4680115e7,9.4374456e7,8.0045365e7,8.0941588e7,7.9337251e7,7.926307e7,7.9176348e7,7.8844151e7,7.9113886e7,8.0173035e7,7.9362007e7,8.1052996e7,8.3391119e7,8.2403079e7,8.4211206e7,8.3291e7,8.3193578e7,8.1643509e7,8.1323962e7,8.1167393e7,9.5771349e7,8.0222708e7,7.9400865e7,8.1555873e7,7.9146776e7,8.29149e7]}],["Trial",{"allocs":17605,"gctimes":[0.0,0.0,0.0,0.0,0.0,0.0,0.0,0.0,0.0,0.0,0.0,0.0,0.0,0.0,0.0,0.0,0.0,0.0,1.1753477e7,0.0,0.0,0.0,0.0,0.0,0.0,0.0,0.0,0.0,0.0,0.0,0.0,0.0,0.0,0.0,0.0,0.0,1.1947824e7,0.0,0.0,0.0,0.0,0.0,0.0,0.0,0.0,0.0,0.0,0.0,0.0,0.0,0.0,0.0,0.0,0.0,0.0,1.2914042e7,0.0,0.0,0.0,0.0,0.0],"memory":5457152,"params":["Parameters",{"gctrial":true,"time_tolerance":0.05,"samples":10000,"evals":1,"gcsample":false,"seconds":5.0,"overhead":0.0,"memory_tolerance":0.01}],"times":[8.21901e7,8.1405577e7,8.1452507e7,8.2284873e7,8.3104049e7,8.2532376e7,8.213698e7,8.1345275e7,8.300962e7,8.179128e7,8.2197588e7,8.1488397e7,8.1577358e7,8.1386455e7,8.1199585e7,8.1645195e7,8.5330047e7,8.5159814e7,9.7883364e7,8.1350794e7,7.9457906e7,7.9611148e7,7.9639144e7,7.9345503e7,8.0139206e7,7.9957108e7,8.1101254e7,7.9000098e7,8.3582245e7,8.3330075e7,8.1985536e7,8.4361021e7,8.3332203e7,8.2696975e7,8.4610076e7,8.3973671e7,9.2864464e7,8.0187712e7,8.0913713e7,7.953825e7,8.1469477e7,8.0534097e7,7.9744404e7,7.9389499e7,8.0512666e7,8.0167773e7,8.0959778e7,8.2822122e7,8.2671332e7,8.1348795e7,8.1036099e7,8.1658158e7,8.143364e7,8.1896626e7,8.1794731e7,9.5777122e7,7.9406676e7,7.9173651e7,7.9588799e7,8.0833329e7,8.0392928e7]}],["Trial",{"allocs":17605,"gctimes":[0.0,0.0,0.0,0.0,0.0,0.0,0.0,0.0,0.0,0.0,0.0,0.0,0.0,0.0,0.0,0.0,0.0,0.0,1.1977789e7,0.0,0.0,0.0,0.0,0.0,0.0,0.0,0.0,0.0,0.0,0.0,0.0,0.0,0.0,0.0,0.0,0.0,1.2149432e7,0.0,0.0,0.0,0.0,0.0,0.0,0.0,0.0,0.0,0.0,0.0,0.0,0.0,0.0,0.0,0.0,0.0,0.0,1.3532392e7,0.0,0.0,0.0,0.0,0.0],"memory":5457152,"params":["Parameters",{"gctrial":true,"time_tolerance":0.05,"samples":10000,"evals":1,"gcsample":false,"seconds":5.0,"overhead":0.0,"memory_tolerance":0.01}],