{"lengs":[10.0,21.544346900318835,46.41588833612779,100.0,215.44346900318845,464.15888336127773,1000.0],"benchmarks":[["Trial",{"allocs":17602,"gctimes":[0.0,4.660324e6,4.771486e6,0.0],"memory":246136784,"params":["Parameters",{"gctrial":true,"time_tolerance":0.05,"samples":10000,"evals":1,"gcsample":false,"seconds":5.0,"overhead":0.0,"memory_tolerance":0.01}],"times":[1.291599029e9,1.296866574e9,1.29925197e9,1.282102631e9]}],["Trial",{"allocs":20236,"gctimes":[0.0,4.691395e6,4.837203e6,0.0],"memory":267188768,"params":["Parameters",{"gctrial":true,"time_tolerance":0.05,"samples":10000,"evals":1,"gcsample":false,"seconds":5.0,"overhead":0.0,"memory_tolerance":0.01}],"times":[1.413332606e9,1.427452114e9,1.418558559e9,1.411679871e9]}],["Trial",{"allocs":22769,"gctimes":[0.0,4.621669e6,4.814864e6,4.907609e6],"memory":281306928,"params":["Parameters",{"gctrial":true,"time_tolerance":0.05,"samples":10000,"evals":1,"gcsample":false,"seconds":5.0,"overhead":0.0,"memory_tolerance":0.01}],"times":[1.50610819e9,1.513529476e9,1.509745763e9,1.517187048e9]}],["Trial",{"allocs":26473,"gctimes":[0.0,4.679379e6,4.854717e6,4.845158e6],"memory":295553680,"params":["Parameters",{"gctrial":true,"time_tolerance":0.05,"samples":10000,"evals":1,"gcsample":false,"seconds":5.0,"overhead":0.0,"memory_tolerance":0.01}],"times":[1.614620175e9,1.620043087e9,1.615568916e9,1.624312564e9]}],["Trial",{"allocs":29441,"gctimes":[0.0,4.793126e6,4.775309e6],"memory":316655264,"params":["Parameters",{"gctrial":true,"time_tolerance":0.05,"samples":10000,"evals":1,"gcsample":false,"seconds":5.0,"overhead":0.0,"memory_tolerance":0.01}],"times":[1.751071044e9,1.751841333e9,1.751310662e9]}],["Trial",{"allocs":32141,"gctimes":[4.759704e6,4.927076e6,0.0],"memory":337711664,"params":["Parameters",{"gctrial":true,"time_tolerance":0.05,"samples":10000,"evals":1,"gcsample":false,"seconds":5.0,"overhead":0.0,"memory_tolerance":0.01}],"times":[1.879372973e9,1.87609969e9,1.873892346e9]}],["Trial",{"allocs":35447,"gctimes":[4.736758e6,4.875919e6,0.0],"memory":338123632,"params":["Parameters",{"gctrial":true,"time_tolerance":0.05,"samples":10000,"evals":1,"gcsample":false,"seconds":5.0,"overhead":0.0,"memory_tolerance":0.01}],"times":[1.918541063e9,1.923548264e9,1.920233177e9]}]],"medians":[1294.2328015,1415.9455825,1511.6376195,1617.8060015,1751.310662,1876.09969,1920.233177]}