{"benchmarks": [[52.04600802902132, 54.14277905097697, 54.27817326504737, 46.38339669001289, 43.44248345401138, 43.17091732099652, 42.982002397067845, 44.183038554969244, 42.288399297976866, 43.008866515010595], [83.90518210898153, 83.47428589104675, 83.44579319504555, 83.30598067096435, 83.6125090289861, 83.25329602102283, 83.30889830901287, 83.8205560860224, 84.2943843959365, 84.34624862205237], [148.2879782000091, 144.34271587000694, 145.02023334195837, 144.46162777591962, 147.2289432589896, 150.0415821990464, 150.92762116598897, 152.6342020620359, 153.09037938003894, 144.55931596190203], [278.1677003969671, 276.7135046540061, 278.66855615598615, 278.98058447800577, 281.07154733501375, 289.5476757939905, 290.28437521203887, 277.43254563002847, 282.69182649999857, 295.15512153995223]], "medians": [43812.76100449031, 83543.39746001642, 147758.46072949935, 280026.06590650976], "lengs": [10.0, 21.544346900318832, 46.41588833612777, 100.0]}