{"benchmarks": [[48.28665701299906, 45.76553092899849, 47.66992523400404, 46.71049291799136, 49.65187122099451, 49.60760922299232, 49.35865485199611, 50.927085363990045, 51.71682056400459, 53.19645004700578], [82.45806678700319, 82.42045680400042, 82.73243909899611, 83.97807933999866, 79.74972503299068, 81.40295705999597, 83.75098249400617, 85.40366163599538, 82.55013693700312, 83.85289455500606], [132.52822268199816, 117.86940691398922, 118.00730179599486, 114.84407591698982, 110.89819136999722, 103.48379003100854, 107.3468413590017, 107.05264482401253, 107.15496170299593, 103.81846486500581], [163.35041058399656, 163.05143393100298, 163.01340810199326, 163.17943168499914, 168.96409084899642, 171.10082100100408, 170.85248822900758, 170.91619883400563, 166.7447767160047, 164.52053565099777], [268.7718160899967, 268.29369051600224, 273.69743787200423, 273.4129299329943, 268.132042104, 267.94582932100457, 268.02206974600267, 268.54487184599566, 268.3928334270022, 268.3979010549956]], "medians": [49483.132037494215, 82641.28801799961, 109122.51636449946, 165632.65618350124, 268395.3672409989], "lengs": [10.0, 17.78279410038923, 31.622776601683793, 56.23413251903491, 100.0]}