{"benchmarks": [[531.2228319100104, 493.51869227801217, 488.40899281500606, 506.9570566759794, 518.831205445982, 598.0726519559976, 616.6733161570155, 624.7989303540089, 619.2927944770199, 608.3228305639932], [669.1613945720019, 669.1991764529957, 678.0262822090299, 640.6092136870138, 574.9475190860103, 524.5792170990026, 527.1656342730275, 534.6075391539489, 526.0482780329767, 527.7060493620229], [547.4851743479958, 543.6661060330225, 546.8553651160328, 546.8119585550157, 555.518088664976, 543.7617077730247, 547.1273394930176, 546.2333031200105, 541.1099179040175, 547.8755571749643], [563.9818465340068, 575.2585955659742, 566.3429641859839, 565.2132667779806, 563.9360051839612, 563.2558989140089, 562.3778219399974, 573.2746812429978, 572.7341742199496, 580.5776494499878], [600.8506485659746, 601.1846802070504, 601.4537947940407, 605.0613417099812, 586.9728226609877, 587.2751402029535, 585.0650541749783, 585.473847065994, 584.4375795899541, 593.647476158978]], "medians": [564647.741933004, 554777.5291199796, 546833.6618355243, 565778.1154819822, 590461.3081809657], "lengs": [10.0, 17.78279410038923, 31.622776601683793, 56.23413251903491, 100.0]}