{"benchmarks": [[0.03236230800393969, 0.030639995995443314, 0.030367846018634737, 0.030230177973862737, 0.030225537018850446, 0.030250824987888336, 0.030378017982002348, 0.030495052982587367, 0.030628045031335205, 0.030599772988352925], [0.03167350095463917, 0.03172834403812885, 0.031679571024142206, 0.0315082689630799, 0.031445282977074385, 0.03171252302126959, 0.031829932995606214, 0.031934131984598935, 0.03195560100721195, 0.032042989041656256], [0.03315782395657152, 0.03312777599785477, 0.0331537050078623, 0.033075543004088104, 0.033074419014155865, 0.03328491700813174, 0.033351068967022, 0.03330735000781715, 0.033203312021214515, 0.03316103102406487], [0.03312887798529118, 0.03302604000782594, 0.032898307021241635, 0.032890956033952534, 0.03305066894972697, 0.03336757095530629, 0.033367388998158276, 0.033261208969634026, 0.033127406029962, 0.03298605198506266], [0.03402656299294904, 0.03398884099442512, 0.03398189303698018, 0.03411926800617948, 0.034410964988637716, 0.03448975901119411, 0.03428350301692262, 0.03429102501831949, 0.03617688798112795, 0.034160851035267115], [0.034044334024656564, 0.03404736099764705, 0.03416230500442907, 0.03415338002378121, 0.03413361997809261, 0.034118412993848324, 0.03427321300841868, 0.03442307701334357, 0.034499887959100306, 0.03446433902718127], [0.03537906601559371, 0.035353739047423005, 0.035383664013352245, 0.03540109598543495, 0.03558874595910311, 0.0355150539544411, 0.035344870993867517, 0.03520687302807346, 0.03508879302535206, 0.03491496801143512]], "medians": [30.436535482294858, 31.72043352969922, 33.159427490318194, 33.089037489844486, 34.22217702609487, 34.15784251410514, 35.366402531508356], "lengs": [10.0, 31.622776601683793, 100.0, 316.22776601683796, 1000.0, 3162.2776601683795, 10000.0]}