{"benchmarks": [[0.024323685007402673, 0.02381553701707162, 0.02301469902158715, 0.023278844018932432, 0.023292060010135174, 0.02369226500741206, 0.02307635298348032, 0.0226620240136981, 0.022601561999181286, 0.02288085300824605], [0.023907989991130307, 0.0236607400001958, 0.023878344014519826, 0.023747161991195753, 0.02380657198955305, 0.02394589700270444, 0.024013644986553118, 0.024617921997560188, 0.02422811501310207, 0.024864153005182743], [0.025006294017657638, 0.03869712399318814, 0.05351495000650175, 0.03542414400726557, 0.03397647000383586, 0.03380815498530865, 0.034225757990498096, 0.0339544790040236, 0.056671286991331726, 0.041875508992234245], [0.02933645498706028, 0.024917365022702143, 0.024855893017956987, 0.02487953001400456, 0.024885919992811978, 0.025060898013180122, 0.024944375996710733, 0.024838280020048842, 0.02583777200197801, 0.025866177980788052], [0.02736297101364471, 0.026868385000852868, 0.026215313002467155, 0.026066239981446415, 0.02559144899714738, 0.025536364992149174, 0.025552071019774303, 0.025718819990288466, 0.02545436198124662, 0.025609975011320785], [0.02588493298389949, 0.025721651007188484, 0.025646756985224783, 0.025638902006903663, 0.025524058000883088, 0.02569616597611457, 0.025629281997680664, 0.02588516499963589, 0.02558884400059469, 0.025649082992458716], [0.027033428981667385, 0.026810615992872044, 0.027094457007478923, 0.026677299989387393, 0.02651275400421582, 0.026569545996608213, 0.026688326004659757, 0.027510049025295302, 0.0280081280216109, 0.028774526988854632]], "medians": [23.177598501206376, 23.926943496917374, 34.82495099888183, 24.930870509706438, 25.664397500804625, 25.64791998884175, 26.922022487269714], "lengs": [10.0, 31.622776601683793, 100.0, 316.22776601683796, 1000.0, 3162.2776601683795, 10000.0]}