{"benchmarks": [[0.0814762499940116, 0.0027245529927313328, 0.002651784016052261, 0.0031157909834291786, 0.003175124991685152, 0.00307546099065803, 0.0030252340075094253, 0.003011234977748245, 0.0028588830027729273, 0.002735380985541269], [0.0028200199885759503, 0.0028439910092856735, 0.002694566996069625, 0.002572677010903135, 0.0025231519830413163, 0.00253370899008587, 0.002574132988229394, 0.002600576000986621, 0.002453048015013337, 0.0025352399970870465], [0.002587972005130723, 0.002163188997656107, 0.0018632069986779243, 0.0018745060078799725, 0.0019266119925305247, 0.002065619017230347, 0.0020602699951268733, 0.002077826007734984, 0.002053167001577094, 0.0020137690007686615], [0.0019224139978177845, 0.001940418005688116, 0.0019350749789737165, 0.001946778007550165, 0.0019735509995371103, 0.0019039290200453252, 0.0018788220186252147, 0.0018742620013654232, 0.0018956440035253763, 0.0018995809950865805], [0.0019076280004810542, 0.00192166498163715, 0.001904219010611996, 0.0019035289878956974, 0.0019039309991057962, 0.0019057890167459846, 0.0019228190067224205, 0.001909368991618976, 0.0019037550082430243, 0.0018996779981534928], [0.0019116789917461574, 0.0019001469772774726, 0.0019150570151396096, 0.001899063994642347, 0.0019345479959156364, 0.0020452669996302575, 0.001906160992803052, 0.0019087120017502457, 0.0019022110209334642, 0.0019081289938185364], [0.0020564690057653934, 0.0019529849814716727, 0.002023783017648384, 0.0019366930064279586, 0.0020013450121041387, 0.001917260990012437, 0.001990130986087024, 0.0019282889843452722, 0.0021418310061562806, 0.002043749002041295], [0.0020092049962840974, 0.0019456070149317384, 0.002034544013440609, 0.001911694009322673, 0.0020068250014446676, 0.0019286859896965325, 0.0020001100201625377, 0.0019320559804327786, 0.0019679480174090713, 0.0019271750061307102], [0.002012998011196032, 0.0019313350203447044, 0.0019795979897025973, 0.0019440499891061336, 0.001933313993504271, 0.0019098559860140085, 0.0019919649930670857, 0.001932830986334011, 0.001957745000254363, 0.0019429679960012436]], "medians": [3.018234492628835, 2.5734049995662645, 2.0567184983519837, 1.9131715089315549, 1.9050040136789903, 1.908420497784391, 1.9957379990955815, 1.9567775161704049, 1.9435089925536886], "lengs": [10.0, 31.622776601683793, 100.0, 316.22776601683796, 1000.0, 3162.2776601683795, 10000.0, 31622.776601683792, 100000.0]}