{"benchmarks": [[1.0353670920012519, 0.9913194460095838, 0.9190324919763952, 0.915155720023904, 0.922561744984705, 0.9155670239706524, 0.9133113230345771, 0.9153030849993229, 0.9112162370001897, 0.9464736359659582], [2.316602753009647, 2.288155412999913, 2.2854881350067444, 2.3001854319591075, 2.3433169610216282, 2.269910463015549, 2.2975851480150595, 2.3001350549748167, 2.515227967989631, 2.5846967779798433], [4.832892650039867, 4.896276018000208, 4.849379580002278, 4.553029478003737, 5.039356156019494, 4.64541310101049, 4.829013591981493, 4.677138141007163, 4.86808219505474, 4.576703310012817], [6.2478734430042095, 6.227672230976168, 6.207980966952164, 6.521053864038549, 6.1852135410299525, 6.1277769820299, 6.219412159000058, 6.1163314179866575, 6.171987094974611, 5.564088015991729], [5.97866573400097, 6.055218246998265, 6.535176190023776, 6.882243485015351, 6.511809289979283, 6.49097729899222, 6.536931581038516, 6.509173204016406, 6.55560526100453, 6.975887059990782], [8.251807493972592, 7.825420507986564, 8.33284685201943, 7.706142829963937, 8.208540346997324, 8.654877449967898, 8.630498771963175, 8.6760065209819, 8.60249527299311, 8.677120916952845], [8.95224837900605, 8.943640462995972, 9.002104517014232, 8.969708639022429, 9.22000819403911, 9.270380878995638, 9.302752888994291, 9.374040864990093, 9.414532190014143, 9.433555022988003]], "medians": [917.2997579735238, 2300.160243466962, 4830.95312101068, 6196.597253991058, 6523.4927400015295, 8467.67106250627, 9245.194536517374], "lengs": [10.0, 21.544346900318832, 46.41588833612777, 100.0, 215.44346900318823, 464.15888336127773, 1000.0]}