{"benchmarks": [[594.1352544459514, 596.8614401919767, 591.0266641379567, 574.0273402299499, 576.5019487609388, 576.7920372129884, 566.3511030160589, 634.4519241809612, 555.8837112030014, 596.5761836160673], [659.7203941789921, 647.6495850450592, 649.8100120259915, 638.40558628703, 645.7728294390254, 665.0860468089813, 667.1402405760018, 656.5736411199905, 620.1728989030235, 656.0873615649762], [681.3982550029177, 681.9435631600209, 674.8594955580775, 687.2494945280487, 679.2744824449765, 756.7143364390358, 775.1755083230091, 786.1774374190718, 789.3824739250122, 781.3211994529702], [809.3010155780939, 803.8892535628984, 796.7336766489316, 793.7874070790131, 799.9657627430279, 799.7337584730703, 789.0607420819579, 787.5062569320435, 795.6191164259799, 809.1817453630501]], "medians": [583909.3506754725, 652948.6867954838, 721981.9154835423, 798233.717561001], "lengs": [10.0, 21.544346900318832, 46.41588833612777, 100.0]}