{"benchmarks": [[6040.262661740009, 6324.876605222991, 6159.661708270025, 6216.799657340976, 6144.8785182629945, 6287.756479481002, 6134.688292113016, 6287.372358718014, 6177.215053569002, 6362.911904648994], [6309.812641182041, 6343.092594279966, 6220.245809558022, 6295.901858187979, 6514.41777945502, 6646.294236854999, 6315.285850464017, 6386.691674819973, 6373.253189622017, 6555.623583033972], [6459.809490833024, 6419.722342455003, 6352.874373975967, 6644.828476820956, 6407.073741542001, 6599.0546162570245, 6322.700608539046, 6340.5305917869555, 6520.4572607649025, 6594.661867353949], [6431.5777664679335, 6384.560040713986, 6443.130192055018, 6579.197830540012, 6362.742739527952, 6468.791829411988, 6481.439047515974, 6544.814215241, 6359.187213188969, 6513.947118701995], [6583.35853000707, 6476.870086892974, 6445.271008749027, 6630.708319658996, 6541.522280519945, 6428.717114579049, 6565.923636059044, 6592.464672879898, 6398.062990243896, 6612.457866803044]], "medians": [6197007.355454989, 6358172.891950991, 6439765.9166440135, 6455961.010733503, 6553722.958289495], "lengs": [10.0, 17.78279410038923, 31.622776601683793, 56.23413251903491, 100.0]}