{"benchmarks": [[0.9495752820075722, 0.9488551910035312, 0.7697035679884721, 0.6532282110129017, 0.6487528849975206, 0.653423133000615, 0.6529579320049379, 0.646452782995766, 0.6527380710031139, 0.6490322600002401], [1.73141660199326, 1.7404557300033048, 1.7358946039894363, 1.74009857600322, 1.7372555659967475, 1.7340521859878208, 1.7376452380121918, 1.7491241679963423, 1.7379220430011628, 1.7448987950047012], [5.100963172997581, 5.104978350005695, 5.088621415998205, 5.088927452990902, 5.0766815440001665, 5.08647100100643, 5.102038734999951, 5.092063828997198, 5.080591520003509, 5.0794052190030925], [15.79151140799513, 15.7563532970089, 15.83354750298895, 15.910103583009914, 15.94315720499435, 15.927141862004646, 15.823037804992055, 15.819879838003544, 15.848448510994785, 15.946461179992184], [49.79324090399314, 50.38543214499077, 49.86504499799048, 50.826515605003806, 51.71816971599765, 52.76844929900835, 53.104746679004165, 52.90188318598666, 52.83856139800628, 53.214357987992116], [165.9558971200022, 165.7506507079961, 167.35922515300626, 167.49650932700024, 169.31062357401242, 167.40510976599762, 166.6743585360091, 166.8319898500049, 166.53003384800104, 166.72579747300188], [527.0653634120099, 530.1808086250094, 527.3750671390007, 526.2332605200063, 526.9230923979921, 527.8748300659936, 526.343991072994, 526.0947709589964, 537.9633550970029, 544.9438959960098]], "medians": [653.0930715089198, 1737.7836405066773, 5088.774434494553, 15840.998006991867, 52243.309507503, 166778.8936615034, 527220.2152755053], "lengs": [10.0, 31.622776601683793, 100.0, 316.22776601683796, 1000.0, 3162.2776601683795, 10000.0]}