{"benchmarks": [[4269.747359649002, 4231.137861643991, 4346.959577648988, 4233.678755556, 4241.475085662998, 4232.178993656009, 4246.382692123996, 3849.359810541995, 3798.8265477929963, 3805.0118723269843], [4170.982176020014, 4013.1537490920164, 4078.8951411889866, 4070.855670986988, 4069.374872293003, 4049.599154016003, 4007.3865083690034, 4013.836150068004, 4011.645459882013, 4012.520075873006], [4180.887259720999, 4171.8368900310015, 4186.985131418012, 4183.385187227977, 4184.699568421987, 4198.090875611, 4234.672576130979, 4249.2261817929975, 4240.841763817007, 4258.739951280004], [5304.6583575250115, 5305.290794159984, 5310.470829785976, 5307.67901870198, 5319.600401386968, 5238.286449098028, 5303.983353411953, 5287.572715646995, 5321.280275546014, 5310.725846194022], [6376.034952713002, 6378.6255347679835, 6414.293388999009, 6379.499176818994, 6401.19217780797, 6320.686695209995, 6390.660084645031, 6394.855895421992, 6416.04966215801, 6417.627115540963]], "medians": [4232928.874606005, 4031717.6520420033, 4192538.0035145064, 5306484.906430982, 6392757.990033511], "lengs": [10.0, 17.78279410038923, 31.622776601683793, 56.23413251903491, 100.0]}