{"benchmarks": [[4238.1412532810355, 4218.252206054982, 4337.108616338926, 4413.968162324978, 4396.386312723975, 4377.794389574905, 4362.122286770958, 4398.673507469008, 4405.590268771048, 4383.194697039085], [4989.136939678108, 5037.935327084968, 5006.124898374081, 5002.770662855008, 5228.548819332966, 5530.106053021038, 5522.73948740901, 5511.235939327977, 6029.036469609011, 5482.569553231006], [6579.493010449922, 6335.948706388008, 6241.432222099043, 6501.9375591919525, 6116.549623830942, 5954.846187227056, 5959.8597456419375, 5973.167506237049, 5940.897464372101, 6255.142041407991], [7978.7935056990245, 8191.955342284986, 8280.911807283992, 8006.497770835063, 7953.3880634550005, 7764.9756772130495, 7724.360509098973, 7684.711859814008, 7701.960695728078, 7402.210883375956]], "medians": [4380494.543306995, 5355559.186281986, 6178990.922964993, 7859181.8703340255], "lengs": [10.0, 21.544346900318832, 46.41588833612777, 100.0]}