{"benchmarks": [[0.00430193601641804, 0.0028383550234138966, 0.0026836160104721785, 0.002439800009597093, 0.002482141018845141, 0.0024492350057698786, 0.0024477719562128186, 0.0023522719857282937, 0.002333013981115073, 0.002299191022757441], [0.0023768870159983635, 0.0023622799781151116, 0.00237483496312052, 0.0023745140060782433, 0.002378984005190432, 0.0023762619821354747, 0.0023924249690026045, 0.0023987669846974313, 0.0023693600087426603, 0.002369218971580267], [0.002484270022250712, 0.0024580620229244232, 0.0024800810497254133, 0.002457662019878626, 0.002471240994054824, 0.0024543559993617237, 0.002472267020493746, 0.002455813984852284, 0.002478231966961175, 0.002475989982485771], [0.0025322590372525156, 0.002530943020246923, 0.0025383569882251322, 0.0025296270032413304, 0.0025338440318591893, 0.002541903988458216, 0.0025491410051472485, 0.002518270048312843, 0.00252346700290218, 0.002524831041228026], [0.0026014040340669453, 0.0025719520053826272, 0.002574956975877285, 0.002562192967161536, 0.00257328397128731, 0.002607234986498952, 0.0026005259715020657, 0.002564714988693595, 0.002590467978734523, 0.0025667910231277347], [0.0025992440059781075, 0.0025658439844846725, 0.002574633981566876, 0.0026038470095954835, 0.0025882640038616955, 0.0025695310323499143, 0.0025831020320765674, 0.002589844982139766, 0.002572024008259177, 0.0026025460101664066], [0.002589688985608518, 0.002610192052088678, 0.0026145909796468914, 0.002593626966699958, 0.002576279977802187, 0.0025814829859882593, 0.0025721020065248013, 0.0025991100119426847, 0.0025621000095270574, 0.0025736019597388804], [0.0025914640282280743, 0.0025749600026756525, 0.0025738899712450802, 0.0026087129954248667, 0.00258944695815444, 0.0026012409944087267, 0.002607725968118757, 0.0025673239724710584, 0.0025928369723260403, 0.002586031041573733], [0.0025988860288634896, 0.0025820040027610958, 0.0025828680372796953, 0.002604590030387044, 0.002599372004624456, 0.002588898001704365, 0.002578286046627909, 0.002586007001809776, 0.0025832109968177974, 0.0026156450039707124]], "medians": [2.4485034809913486, 2.3755484726279974, 2.471754007274285, 2.5316010287497193, 2.5741204735822976, 2.5856830179691315, 2.5855859857983887, 2.590455493191257, 2.5874525017570704], "lengs": [10.0, 31.622776601683793, 100.0, 316.22776601683796, 1000.0, 3162.2776601683795, 10000.0, 31622.776601683792, 100000.0]}