{"benchmarks": [[7001.5287822099635, 7468.34433232306, 7349.332978685037, 7384.468614864978, 7336.3908361509675, 7505.365009731031, 7223.282718877075, 7539.930462809978, 7514.128693887033, 7907.044163141982], [7956.019067401066, 8402.184198372066, 7913.36863810895, 7744.069304930046, 7335.401123452, 7434.290186750004, 7507.260244728997, 7231.2342361970805, 7068.328013781924, 7241.731291539036], [7305.467288896907, 7955.38430897193, 7981.665431244997, 8241.587875033962, 7813.889493630035, 7865.88044061698, 7707.747100819019, 7647.487854034058, 7538.740819667, 7636.920557798003], [7482.646382146981, 7457.365654252004, 7608.937849838054, 7708.005311460933, 7379.456111220992, 7350.073472121032, 7275.0859746229835, 7391.7230991340475, 7388.889710301068, 7316.73935663898]], "medians": [7426406.473594019, 7470775.215739501, 7760818.297224527, 7390306.404717557], "lengs": [10.0, 21.544346900318832, 46.41588833612777, 100.0]}