{"benchmarks": [[0.01075612599379383, 0.008233223008573987, 0.008059015992330387, 0.008018992011784576, 0.0080218410002999, 0.008026434006751515, 0.007954999004141428, 0.007950642000650987, 0.008050892007304356, 0.008080551007878967], [0.01769572800549213, 0.017796451997128315, 0.01780527400842402, 0.017730302992276847, 0.017735030996846035, 0.01773832199978642, 0.017647013999521732, 0.018034313005045988, 0.01772173099743668, 0.017701557007967494], [0.048089928008266725, 0.04801015900739003, 0.04794844498974271, 0.04779777400835883, 0.047785596005269326, 0.04758309500175528, 0.04786821200104896, 0.047958523995475844, 0.04771176300710067, 0.04792788901249878], [0.14414294900780078, 0.14437962499505375, 0.14383091499621514, 0.14372693200130016, 0.143633450003108, 0.14385107000998687, 0.1441521759988973, 0.14411344099789858, 0.1438294639956439, 0.14351586700649932], [0.44591539399698377, 0.4169977609999478, 0.30754583899397403, 0.3035142029984854, 0.3033557849994395, 0.30326111499744, 0.3058853539987467, 0.3026770150027005, 0.3029830919986125, 0.30315637300373055], [0.9559811990038725, 0.9566833610006142, 0.9586186270025792, 0.957124663007562, 0.9564788920106366, 0.952963671006728, 0.9574781999981496, 0.9594068389997119, 0.9589584179921076, 0.960496014013188], [3.0241430640016915, 3.0149094039952615, 3.023870627002907, 3.015565544992569, 3.014956323997467, 3.023978627010365, 3.0179019529896323, 3.0341086630069185, 3.026258993995725, 3.0275987540080678], [9.56725517900486, 9.572210255995742, 9.553936641998007, 9.504226873992593, 9.525940596999135, 9.540535951993661, 9.592960093010333, 9.625009924988262, 9.56995506300882, 9.588814427988837], [30.22321895499772, 30.218464182995376, 30.221690018006484, 30.206797146995086, 30.25483917800011, 30.326939745005802, 30.2267682160018, 30.22693463700125, 30.19450218300335, 30.372833593006362]], "medians": [8.038663007027935, 17.73266699456144, 47.89805050677387, 143.840992503101, 303.43499399896245, 957.3014315028558, 3023.924627006636, 9568.60512100684, 30224.99358549976], "lengs": [10.0, 31.622776601683793, 100.0, 316.22776601683796, 1000.0, 3162.2776601683795, 10000.0, 31622.776601683792, 100000.0]}