{"benchmarks": [[0.996609908004757, 0.9955631990160327, 1.0005843419930898, 0.99662860299577, 1.0045622540055774, 1.0033498049888294, 1.0057837339991238, 1.0002790029975586, 1.0040140649944078, 1.0026637639966793], [2.5080746589810587, 2.50002702101483, 2.5018431860080454, 2.4601392280019354, 2.4760797689959873, 2.4820399929885752, 2.6073534509923775, 2.4312439000059385, 2.2885385710105766, 2.282427636004286], [4.040502673014998, 4.0480986979964655, 4.1299002500018105, 4.121861503983382, 4.05625685499399, 4.699679161014501, 5.01681595298578, 4.7151141289796215, 5.2008420579950325, 5.170954919012729], [7.186898577987449, 7.136843927990412, 7.012101950997021, 6.449960256984923, 6.3530225950235035, 6.045414377003908, 6.093177895992994, 6.542808405007236, 7.268782312981784, 6.5088557850103825], [7.364794317021733, 7.368260246992577, 7.224774746980984, 6.309943850006675, 5.984066286997404, 6.03839184899698, 6.215049482998438, 6.256625400012126, 5.943019285012269, 5.93364537000889], [7.409081999998307, 7.3884136700071394, 7.307855229999404, 7.362934530014172, 7.7015629169764, 7.7732090479985345, 7.948155560996383, 7.871869349008193, 7.9041239070065785, 7.961900360998698], [9.588390076998621, 9.313585541996872, 8.775713128998177, 8.363885202008532, 8.57960058702156, 8.797853430005489, 9.302611513005104, 9.668382714007748, 9.634702101000585, 9.414026315993397]], "medians": [1001.6240529948846, 2479.0598809922813, 4414.789705508156, 6525.832095008809, 6235.837441505282, 7737.385982487467, 9308.098527500988], "lengs": [10.0, 21.544346900318832, 46.41588833612777, 100.0, 215.44346900318823, 464.15888336127773, 1000.0]}