{"benchmarks": [[1.2284578590188175, 1.0555645240237936, 1.063208126986865, 1.0497376400162466, 1.0702188819996081, 1.0199103319901042, 1.014792476024013, 1.0948268179781735, 1.0435634269961156, 1.0542569999815896], [1.1088310930063017, 1.1057376940152608, 1.1088942459900863, 1.160725234018173, 1.1065799180069007, 1.0777457050280645, 1.115770943055395, 1.1195306819863617, 1.10549439501483, 1.1377429469721392], [1.2004680619575083, 1.216064764012117, 1.2743015520391054, 1.2125388839631341, 1.2700422229827382, 1.2275921000400558, 1.3156011970131658, 1.2038443040219136, 1.2009969030041248, 1.2204252829542384], [1.4023059600149281, 1.4530446589924395, 1.3911692230030894, 1.3957900950335898, 1.4297010430018418, 1.4031862359843217, 1.4184464719728567, 1.390304896980524, 1.4077315329923294, 1.4057896860176697], [2.039033598965034, 2.1411883869441226, 2.039238023047801, 2.043654961977154, 2.0680673680035397, 2.0299236890277825, 2.0671470619854517, 2.021475064975675, 2.03027306398144, 2.0396561400266364], [3.957215135975275, 4.020661171001848, 3.755469272029586, 3.9583144939970225, 3.9742270580027252, 3.8868751830304973, 3.7974782519740984, 3.885975846031215, 4.05204171402147, 3.8618544280179776], [9.771758174989372, 10.153335628972854, 9.372337364999112, 9.56439324200619, 9.412633900996298, 9.679858106013853, 9.679461640014779, 9.436078735045157, 9.119659883028362, 9.399482374021318]], "medians": [1054.9107620026916, 1108.862669498194, 1218.2450234831776, 1404.4879610009957, 2039.4470815372188, 3922.0451595028862, 9500.235988525674], "lengs": [10.0, 31.622776601683793, 100.0, 316.22776601683796, 1000.0, 3162.2776601683795, 10000.0]}