{"benchmarks": [[21.420235603989568, 22.39024077099748, 21.223934189998545, 20.449987811996834, 20.112595887010684, 18.726827207021415, 25.014628447999712, 23.00490511598764, 20.102291190996766, 19.776504801993724], [27.87930363501073, 28.12962449301267, 25.961992983997334, 22.254623820015695, 21.557705102983164, 21.780568463000236, 21.76615016098367, 26.76374236101401, 28.977188555989414, 28.916091438994044], [64.34488331401371, 63.840833110996755, 67.06204962098855, 64.61223127000267, 64.98274041598779, 64.55590888299048, 62.08447805501055, 67.12786901698564, 69.3744272949989, 67.22929389198544], [102.618108493014, 98.77145690398174, 107.7168323819933, 104.46600581301027, 97.30255702199065, 101.43757606300642, 111.78705249799532, 109.09467218499049, 109.03104888199596, 112.88888797399704]], "medians": [20836.96100099769, 26362.867672505672, 64797.48584299523, 106091.41909750178], "lengs": [10.0, 21.544346900318832, 46.41588833612777, 100.0]}