{"benchmarks": [[0.47846139199100435, 0.11472723100450821, 0.06113137200009078, 0.07202843800769188, 0.07376780000049621, 0.07587850402342156, 0.06409943799371831, 0.07405607699183747, 0.07761763600865379, 0.08121360698714852], [0.06196927899145521, 0.08306335099041462, 0.08366707002278417, 0.08445268298964947, 0.08414781300234608, 0.08550748499692418, 0.08629921200918034, 0.08376910199876875, 0.0846737659885548, 0.08687252999516204], [0.10905475800973363, 0.10834490801789798, 0.10753939300775528, 0.10787873700610362, 0.10007964100805111, 0.10892495699226856, 0.10743951800395735, 0.10421163498540409, 0.10919230099534616, 0.10728621401358396], [0.148406457999954, 0.16701816901331767, 0.1673111609998159, 0.16735410600085743, 0.1452550100220833, 0.16329935600515455, 0.15476313399267383, 0.14820477398461662, 0.16025258699664846, 0.1641150219948031], [0.4312462450179737, 0.31843100299010985, 0.3077044129895512, 0.32324552501086146, 0.3715509969915729, 0.35213970800396055, 0.3139242519973777, 0.35398123099002987, 0.3528182479785755, 0.3054153350240085], [0.9117718230118044, 0.9434854320134036, 0.8596795329940505, 0.8912551710091066, 0.8618962489999831, 0.8299676300084684, 0.8935600770055316, 0.9028880060068332, 0.9456683089956641, 0.8931161000218708], [2.7367840579827316, 2.6306820739991963, 1.822331450006459, 2.121902671002317, 2.5835608710185625, 2.574861971021164, 2.442088041017996, 2.5536186340032145, 1.9428182719857432, 2.5683530310052447], [6.0452962620183825, 5.786032105999766, 6.554209941998124, 7.253921472001821, 8.196393493999494, 7.798489649023395, 8.116455335984938, 6.760638371983077, 7.879428315995028, 7.615163909998955], [21.45595852698898, 22.51552438500221, 20.070405466016382, 19.491603875998408, 18.685519971011672, 21.09466581599554, 19.293106743018143, 20.486647818004712, 19.75565126098809, 19.949872347991914]], "medians": [74.96729050762951, 84.30024799599778, 107.70906500692945, 161.7759715009015, 337.692616507411, 893.3380885137012, 2560.9858325042296, 7434.542691000388, 20010.138907004148], "lengs": [10.0, 31.622776601683793, 100.0, 316.22776601683796, 1000.0, 3162.2776601683795, 10000.0, 31622.776601683792, 100000.0]}