{"benchmarks": [[272.4799632170034, 375.25300249800785, 265.4875946559914, 268.0584561660071, 265.14541198099323, 261.453087959002, 262.44626301199605, 264.18536570201104, 262.41742946799786, 264.6870196599921], [2476.379584174996, 2428.5371329909976, 2397.6647302870115, 2399.612153951006, 2389.648958106991, 2389.3880873669987, 2392.2195626620087, 2398.1502349860093, 2395.3764480109967, 2397.390255011007]], "medians": [264916.21582049265, 2397527.4926490095], "lengs": [10.0, 100.0]}