{"benchmarks": [[4.0148702150036115, 3.1840541120036505, 3.1499779660080094, 3.196774149997509, 3.1770182350010145, 3.200066274992423, 3.189999310998246, 3.2038400180026656, 3.1829687980061863, 3.2598053209949285], [3.1977080770011526, 3.18873194999469, 3.215393275997485, 3.1558372739964398, 3.1973798120016, 3.1925819750031224, 3.1829811159987003, 46.78410243199323, 3.2309596279956168, 3.156731619994389], [3.2274212399934186, 3.2941289430018514, 3.2163942149927607, 3.267797687003622, 3.249432793003507, 3.1905119090079097, 3.1753376699925866, 3.1781455319869565, 3.306376984997769, 3.210111925000092], [3.2750915910000913, 3.267274447993259, 3.248239979002392, 3.2710885209962726, 3.2676913289906224, 3.209545407007681, 3.389348105993122, 3.281510269996943, 3.2780280970036983, 3.2879658800084144], [3.491949282004498, 3.4821813010057667, 3.5676539819978643, 3.496735496009933, 3.496471656995709, 3.483862604989554, 3.465771239003516, 3.4540410070039798, 3.5017408129933756, 3.4866477150062565], [4.086873014995945, 4.108311165997293, 4.126622463998501, 4.125046211993322, 4.127634185992065, 4.110945084990817, 4.075266605999786, 30.400402366998605, 4.204853026007186, 4.2179965840041405], [6.194909740996081, 6.140961426004651, 6.055920327999047, 5.8274707090022275, 6.1058721560111735, 6.167425656996784, 6.151301536010578, 6.155195806000847, 6.155623997998191, 6.127219335001428], [10.771690579000278, 10.641321729999618, 11.019099840996205, 10.726841787996818, 10.690232021996053, 10.842377482011216, 10.765727229998447, 10.799399452997022, 10.599914352002088, 11.496373073998257], [25.26387369299482, 25.23456258099759, 25.22460476499691, 25.313562971990905, 27.018784662010148, 25.345975301010185, 25.2604407750041, 27.015568332994008, 25.6257100560033, 25.847427550994325]], "medians": [3193.3867304978776, 3194.980893502361, 3221.9077274930896, 3273.090055998182, 3489.298498505377, 4125.8343379959115, 6146.131481007615, 10768.708904499363, 25329.769136500545], "lengs": [10.0, 31.622776601683793, 100.0, 316.22776601683796, 1000.0, 3162.2776601683795, 10000.0, 31622.776601683792, 100000.0]}