{"benchmarks": [[1968.2575694779807, 1808.9868874659878, 1803.0423219040094, 1787.9592344640114, 1812.1494238040177, 1822.698321948992, 1846.6381661019986, 1850.5069495450007, 1830.3558110810118, 1855.1549428119906], [2103.290491156018, 2107.4314333609946, 2106.661206999008, 2104.810143442999, 2108.6453760619916, 2121.124024107994, 2112.7266622190073, 2023.3769185529964, 2015.3830071330012, 2025.1467665259843], [2130.472369466006, 2137.4455767390027, 2172.9125708430074, 2150.9172247420065, 2156.163774432993, 2151.0020599039854, 2157.7903686719947, 2155.3542337969993, 2150.528124335018, 2167.8374918729824], [2269.473605815001, 2269.4423853650223, 2256.789375586988, 2183.7582636419975, 2183.918901479017, 2152.717802009982, 2158.851450910006, 2168.8084550340136, 2046.8590191449912, 1968.3417957189959]], "medians": [1826527.066515002, 2105735.6752210036, 2153178.1468504923, 2176283.3593380055], "lengs": [10.0, 21.544346900318832, 46.41588833612777, 100.0]}