{"benchmarks": [[20.886563444975764, 19.33463589299936, 21.115149086981546, 18.588598901988007, 17.807503143965732, 18.327056947979145, 16.78681381000206, 16.713788905006368, 18.552557420975063, 18.891625757038128], [22.65393531898735, 25.846041588985827, 26.886849231959786, 25.28774981899187, 21.765980630007107, 22.815091010998003, 21.92085966898594, 22.48392310802592, 28.58277882100083, 29.579916539019905], [61.2572930920287, 61.876343278971035, 63.49614487600047, 61.84703288995661, 66.97008444200037, 64.63226538099116, 67.53086863603676, 68.34286224900279, 66.21937902102945, 64.17183626600308], [96.11828167398926, 91.16927084000781, 90.92159167304635, 91.3410989260301, 92.52281193400268, 94.18114355299622, 93.17641876800917, 94.49237071099924, 91.62277102895314, 91.80477788002463]], "medians": [18570.578161481535, 24051.420414994936, 64402.05082349712, 92163.79490701365], "lengs": [10.0, 21.544346900318832, 46.41588833612777, 100.0]}