{"benchmarks": [[1.1880225880013313, 1.071431319025578, 1.0880445689836051, 1.0152188569772989, 1.0335882950166706, 1.072454473003745, 1.014138953993097, 1.0459527370112482, 1.0510894210019615, 1.1109492199902888], [1.1244155750027858, 1.1215731730044354, 1.124420423002448, 1.1461187480017543, 1.1178750270046294, 1.1202920809737407, 1.1294701649749186, 1.1595786410034634, 1.1363537610159256, 1.1601332290156279], [1.248575133009581, 1.2902334189857356, 1.1971594369970262, 1.2817693410033826, 1.2086629809928127, 1.2211500740086194, 1.225721198017709, 1.1757374710286967, 1.0584380170039367, 1.0193984959914815], [1.4185104710049927, 1.4182289470045362, 1.4123451419873163, 1.415781464020256, 1.414634730987018, 1.4088996200007387, 1.5134822590043768, 1.4333658880204894, 1.3843420359771699, 1.4012098110106308], [2.0383865159819834, 1.9374380670196842, 2.070210670004599, 2.075005933002103, 2.1597154829942156, 2.065035346982768, 2.2067370799777564, 1.8603753990028054, 1.8823891180218197, 1.9896657149947714], [4.136199697997654, 4.2469155750004575, 4.175111641001422, 4.022061188006774, 4.161463222990278, 4.077068999991752, 4.142105574981542, 3.835797433013795, 3.5218063249776606, 4.089453438995406], [9.672170531004667, 9.916817983990768, 9.052096597995842, 9.437660219002282, 9.96146344798035, 9.219931422005175, 9.47948406499927, 10.062955707020592, 11.06263736000983, 9.862340169987874]], "medians": [1061.2603700137697, 1126.9452939886833, 1214.906527500716, 1415.208097503637, 2051.7109314823756, 4112.82656849653, 9767.25535049627], "lengs": [10.0, 31.622776601683793, 100.0, 316.22776601683796, 1000.0, 3162.2776601683795, 10000.0]}