{"benchmarks": [[0.9444946810253896, 0.07461889903061092, 0.08067218301584944, 0.0679251899709925, 0.07382873201277107, 0.06446522899204865, 0.06874591496307403, 0.062136314052622765, 0.07250056497287005, 0.07691789203090593], [0.08413476898567751, 0.08490505395457149, 0.08098485902883112, 0.08229088003281504, 0.0823420420056209, 0.07515062700258568, 0.08579468901734799, 0.084247016988229, 0.08326334500452504, 0.08407415996771306], [0.10516441101208329, 0.10322892403928563, 0.10274461703374982, 0.10278373397886753, 0.08088477695127949, 0.09182175196474418, 0.11476301401853561, 0.09996631200192496, 0.11157533305231482, 0.09937293198890984], [0.15388632903341204, 0.1233542839763686, 0.14966453902889043, 0.15450877003604546, 0.15528813400305808, 0.17268099798820913, 0.16743318201042712, 0.19720364199019969, 0.15167293697595596, 0.17427519499324262], [0.36290511302649975, 0.33621446101460606, 0.3031676370301284, 0.38756177300820127, 0.3695416250266135, 0.3736537109944038, 0.34283361403504387, 0.32946947298478335, 0.35723274399060756, 0.35525133699411526], [0.8598564100102521, 0.8470983440056443, 0.7656300300150178, 0.8587377900257707, 0.8451281969901174, 0.6387043310096487, 0.7128292529960163, 0.6447112330351956, 0.8942069719778374, 0.8183329490129836], [2.6298318370245397, 2.622121771040838, 2.4328409979934804, 2.5732176789897494, 2.3652566070086323, 1.8637654070043936, 2.4026951570413075, 2.444183978019282, 2.484390725963749, 2.4651279450044967], [8.086246749968268, 6.664510085014626, 6.9765657859970815, 7.749231953988783, 7.331554095027968, 6.859961487003602, 6.560969432001002, 6.874452788033523, 7.86443033098476, 6.751902747026179], [22.81790047098184, 23.098533852025867, 18.158248080988415, 19.313186465995386, 20.293768186995294, 18.385679027007427, 19.38401007698849, 20.90722057200037, 17.65791188395815, 18.41963423800189]], "medians": [73.16464849282056, 83.66875248611905, 102.76417550630867, 154.89845201955177, 356.2420404923614, 831.7305730015505, 2454.6559615118895, 6925.509287015302, 19348.598271491937], "lengs": [10.0, 31.622776601683793, 100.0, 316.22776601683796, 1000.0, 3162.2776601683795, 10000.0, 31622.776601683792, 100000.0]}