{"benchmarks": [[1880.6920649869717, 1793.2431624100427, 1789.7123255790211, 1749.762645217008, 1721.4272327509825, 1685.0183108029887, 1695.9013752199826, 1705.9486520560458, 1685.7447537509724, 1693.6144329029485], [1924.9579860939994, 1915.9634396329639, 1922.3338677360443, 1919.105648688972, 1924.5716311580036, 1925.0117490140256, 1933.9637444649707, 1925.3319364880444, 1924.4944390929886, 1925.718867034011], [2042.0116183770006, 2047.12969952001, 2047.7212937290315, 2035.035494523996, 2043.1251664690208, 2042.025084022025, 2031.915598506981, 2043.1210038869758, 2043.9548937280197, 2038.444161307998], [2158.743891902035, 2155.3169474449824, 2063.426741286996, 1960.0868339409935, 1976.2997197509976, 2005.7163420610013, 2000.142287257011, 1993.6338939350098, 2044.5767578179948, 1997.6836326030316]], "medians": [1713687.9424035142, 1924764.8086260015, 2042573.0439545005, 2002929.3146590062], "lengs": [10.0, 21.544346900318832, 46.41588833612777, 100.0]}