{"benchmarks": [[5.364207352002268, 5.363941450996208, 5.505358635011362, 5.365849537003669, 5.439994743006537, 5.39208332299313, 5.334683484004927, 5.372996594000142, 5.41112706399872, 5.383024222013773], [7.496801415996742, 8.008728736997, 7.932504386000801, 7.896919817998423, 7.795852135008317, 7.016504934988916, 7.926107808991219, 8.181433146004565, 7.930624656000873, 7.623631998998462], [14.189277900994057, 14.392712626999128, 14.468658002995653, 14.227491081997869, 14.426705285994103, 13.659944923987496, 14.209533180997823, 14.414344092991087, 14.40965327298909, 14.233337511002901], [34.396532974002184, 35.02310389500053, 33.99202816399338, 34.378154207995976, 33.94786458699673, 33.893604851997225, 34.54151922299934, 34.48542974400334, 34.23455952999939, 34.51243408799928], [98.1379413370014, 98.53881242599164, 97.4146528130077, 96.39701117400546, 98.42749881600321, 97.89893514799769, 97.85131480300333, 98.65601996099576, 97.00603260099888, 97.22748868299823], [300.34220845700474, 300.8489436569944, 299.333852723008, 301.95881934600766, 300.8038243549963, 302.2542841340037, 297.62694128199655, 300.06302157600294, 299.53443982500175, 294.29364433798764], [925.8820630219998, 976.2546896870044, 1010.334292938991, 1034.6141967570002, 921.9299958149932, 928.215932371997, 941.6811862689938, 924.6256821190036, 920.847916535, 921.2515177009918]], "medians": [5378.010408006958, 7911.513813494821, 14313.025069001014, 34387.34359099908, 97875.12497550051, 300202.61501650384, 927048.9976969984], "lengs": [10.0, 31.622776601683793, 100.0, 316.22776601683796, 1000.0, 3162.2776601683795, 10000.0]}