{"lengs":[10,31.622776601683793,100,316.2277660168379,1000,3162.2776601683795,10000,31622.776601683792,100000],"medians":[16.1847325,39.847732500000006,104.0467325,239.81873249999998,796.7637325,2626.4232325000003,7906.4977325,25531.2147325,91778.1957325]}