{"lengs":[10,21.544346900318835,46.415888336127772,100,215.44346900318823,464.15888336127819,1000],"medians":[1386.5511804999999,1210.7776804999999,999.2756805,862.1406805,837.9976805,848.3186805,895.9346805]}