{"lengs":[10,31.622776601683793,100,316.2277660168379,1000,3162.2776601683795,10000,31622.776601683792,100000],"medians":[10.884567,10.432567,10.834567,10.742567000000001,10.420567,10.109567,10.562567,9.646567,7.409567]}