{"lengs":[10,21.544346900318835,46.415888336127772,100,215.44346900318823,464.15888336127819,1000],"medians":[1308.4607345000002,1264.4267345,1153.8987345,890.6597345,948.3917345,871.4537345,909.06673449999994]}