{"lengs":[10,31.622776601683793,100,316.2277660168379,1000,3162.2776601683795,10000],"medians":[68.328746999999993,69.846747000000008,59.316747000000007,56.751747,55.455747,53.460747000000005,59.218747]}