{"lengs":[10,31.622776601683793,100,316.2277660168379,1000,3162.2776601683795,10000],"medians":[66.882724500000009,68.0447245,55.8407245,54.540724499999996,53.7527245,52.5077245,59.7407245]}