{"lengs":[10,21.544346900318835,46.415888336127772,100,215.44346900318823,464.15888336127819,1000],"medians":[25350.7464735,11797.391473500002,9203.5424735000015,7029.0894735,6426.8104735,6913.9694735,6649.8734735]}