{"lengs":[10,100,1000],"medians":[1084.0958225,9854.4308224999986,119469.6138225]}