{"lengs":[10,31.622776601683793,100,316.2277660168379,1000,3162.2776601683795,10000,31622.776601683792,100000],"medians":[11.392626000000002,11.497626,11.151626000000002,11.446626000000002,11.338626000000001,11.073626,11.505626000000001,10.515626000000001,10.644626]}