{"lengs":[10,21.544346900318835,46.415888336127772,100,215.44346900318823,464.15888336127819,1000],"medians":[25789.022737,12681.563736999999,8439.044737,7180.098737,6451.331737,6096.249737000001,6269.790737]}