{"lengs":[10,21.544346900318835,46.415888336127772,100,215.44346900318823,464.15888336127819,1000],"medians":[64564.4015185,60238.7665185,59265.760518499992,70853.0375185,93501.353518500007,91407.8495185,90743.097518500013]}