{"lengs":[10,21.544346900318835,46.415888336127772,100,215.44346900318823,464.15888336127819,1000],"medians":[72206.42476899999,64003.281768999994,73195.124769,87266.986769,93977.032769,89686.658769,97431.798769]}