{"benchmarks": [[0.2884156689979136, 0.2438632299999881, 0.2476837610010989, 0.28332254900306, 0.23870946699753404, 0.23471281200181693, 0.2681605599973409, 0.2687823349988321, 0.2760236239992082, 0.25502015199890593], [0.4264638669992564, 0.45759439099856536, 0.409216137999465, 0.41117321999990963, 0.4499808469990967, 0.4532539249994443, 0.434603973000776, 0.4082860390008136, 0.45808083199881366, 0.4332422890001908], [2.149661986997671, 2.046090045998426, 2.0797098459988774, 2.086899762001849, 2.1167370840012154, 2.0807717249990674, 2.081865553998796, 2.0990677000008873, 2.1176188130011724, 2.1117300070000056], [18.440650691001792, 18.483876187001442, 18.448961861999123, 18.39782129699961, 18.499783122002555, 18.290188189002947, 18.481646754000394, 18.422663082998042, 18.577512107000075, 18.654495932998543], [182.6995459460013, 182.26354082299804, 183.90830192299836, 186.19787643299787, 184.17605818000084, 184.6481758560003, 183.46693453999978, 182.31590667099954, 185.08276887000102, 185.20336812099777]], "medians": [261.5903559981234, 433.9231310004834, 2092.983731001368, 18465.30430799976, 184042.1800514996], "lengs": [10.0, 100.0, 1000.0, 10000.0, 100000.0]}