{"benchmarks": [[0.264813948997471, 0.2528980990027776, 0.25608930900125415, 0.24642225099887582, 0.24658082099995227, 0.24231892500029062, 0.20761342399782734, 0.267302195999946, 0.23661706400162075, 0.25369270100054564], [0.39291350100029376, 0.44407996099835145, 0.41191023899955326, 0.37745581499984837, 0.427209715002391, 0.34990288100016187, 0.43387587500183145, 0.4144159870011208, 0.4624265749989718, 0.41058013799920445], [1.9466394310002215, 1.9587688329993398, 1.9452452040022763, 2.011611993999395, 1.9247871309999027, 1.965946828997403, 1.9586413959987112, 1.9351766580002732, 1.9408753949974198, 1.9492181109999365], [16.953302027999598, 17.08152187000087, 17.11026172199854, 17.064064836002217, 17.1148979339996, 17.124061234000692, 17.30256987699977, 17.270874089001154, 17.381216783000127, 17.217900009000005], [166.4858217539986, 168.962504774001, 167.11997103199974, 163.52820758899907, 164.6160866959981, 163.960880052, 167.0449506640034, 167.18729463899945, 166.74936794699897, 165.61796707800022]], "medians": [249.73946000136493, 413.16311300033703, 1947.928771000079, 17119.479584000146, 166617.59485049878], "lengs": [10.0, 100.0, 1000.0, 10000.0, 100000.0]}