{"benchmarks": [[0.0017027129943016917, 0.0013173810002626851, 0.0012866439938079566, 0.0012385459995130077, 0.0012435139942681417, 0.0012885899923276156, 0.0012167410022811964, 0.001172493997728452, 0.001181765997898765, 0.0012316619977355003], [0.0013894150033593178, 0.0013610110036097467, 0.0013745670003117993, 0.0013460740010486916, 0.001396862993715331, 0.0013573819887824357, 0.0013600020029116422, 0.0014192800008459017, 0.0013667769962921739, 0.0013458009925670922], [0.002207158991950564, 0.001969240009202622, 0.002717683993978426, 0.0019734029920073226, 0.001897129011922516, 0.0019985800026915967, 0.001923468997119926, 0.001950833000591956, 0.0019169800070812926, 0.0020552860078169033], [0.0075720680033555254, 0.0074848270014626905, 0.0071782090089982376, 0.007298800002899952, 0.0071254390059039, 0.007080703988322057, 0.007058066999888979, 0.007067785001709126, 0.007077384012518451, 0.007039535004878417], [0.059690834998036735, 0.058854190006968565, 0.05959199099743273, 0.05852359400887508, 0.05826589200296439, 0.05791358099668287, 0.05858943299972452, 0.05946021599811502, 0.05820912199851591, 0.05799391900654882]], "medians": [1.2410299968905747, 1.3638939999509603, 1.9713215006049722, 7.103071497112978, 58.5565135042998], "lengs": [10.0, 100.0, 1000.0, 10000.0, 100000.0]}