{"benchmarks": [[0.006922026994288899, 0.0062433220009552315, 0.006045870002708398, 0.006316636994597502, 0.006083671993110329, 0.006217967995326035, 0.006392606999725103, 0.006146654995973222, 0.006422585007385351, 0.006309282995061949], [0.035486923006828874, 0.03586276600253768, 0.03599799200310372, 0.036088905995711684, 0.0360189509956399, 0.03602327599946875, 0.0360078119992977, 0.03603055200073868, 0.03587797700311057, 0.035690258009708486], [0.33469030300329905, 0.3283771369897295, 0.3283792060101405, 0.35120298599940725, 0.3280835350014968, 0.326619141997071, 0.3333545060013421, 0.32844845499494113, 0.3284400690026814, 0.3271864279959118], [3.2468040679959813, 3.246108038001694, 3.2852254189929226, 3.253382707000128, 3.223175356994034, 3.22109279500728, 3.2543700879905373, 3.281893716994091, 3.266459729988128, 3.2608705410093535], [32.461326021002606, 32.543708657001844, 32.48778032900009, 32.460780954002985, 32.829873757000314, 32.41412987699732, 32.40754446800565, 32.706655793997925, 32.98538662100327, 32.45191515299666]], "medians": [6.27630249800859, 36.00290200120071, 328.40963750641095, 3253.8763974953326, 32474.553175001347], "lengs": [10.0, 100.0, 1000.0, 10000.0, 100000.0]}