{"benchmarks": [[0.05079550200025551, 0.053383387999929255, 0.0495526320009958, 0.04890783800146892, 0.05595567199998186, 0.0490447789998143, 0.04629869800191955, 0.05762717600009637, 0.05942134200086002, 0.04946490800284664], [0.07155210499695386, 0.08209661200089613, 0.08039729499796522, 0.07062070400206721, 0.07403817000158597, 0.06972758100164356, 0.07001044200296747, 0.07274694200168597, 0.08124161200248636, 0.08142221600064659], [0.27318127200123854, 0.23742250100258389, 0.21615951900093933, 0.25770790800015675, 0.22516332100349246, 0.2962817810002889, 0.2585093730012886, 0.28217395300089265, 0.26983764599935967, 0.24318788399978075], [2.027059954998549, 1.9101506229999359, 1.9306151409982704, 2.1125341519982612, 1.9944857890004641, 1.9910301249983604, 2.0423131979987375, 2.002093490998959, 2.1351468970024143, 2.17195155599984], [19.6548498810007, 19.407901773996855, 19.325079464997543, 19.042222080999636, 19.23491381399799, 19.757222657997772, 19.113135260999115, 19.77637809099906, 19.86108198599686, 19.21658941500209]], "medians": [50.174067000625655, 73.39255600163597, 258.1086405007227, 2014.5767229987541, 19366.4906194972], "lengs": [10.0, 100.0, 1000.0, 10000.0, 100000.0]}