{"benchmarks": [[2.4413468439997814, 2.371286938996491, 2.5080658419974498, 2.484574229998543, 2.4286702149984194, 2.4953956179997476, 2.4893963869981235, 2.482139002000622, 2.393933780997031, 2.4322799460023816], [2.424543270000868, 2.4770766609981365, 2.5674415319990658, 2.4550389899995935, 2.4849066650021996, 2.4203475229987816, 2.4276576740012388, 2.4709337480016984, 2.5088680609987932, 2.5021979640005156], [2.629196501999104, 2.635406654997496, 2.6760677540005418, 2.6362809169986576, 2.6652255359986157, 2.6311187020000943, 2.6316645089973463, 2.5987810879996687, 2.6389431600000535, 2.746181615999376], [4.539035497000441, 4.583238216000609, 4.511785882998083, 4.470900943000743, 4.549585584001761, 4.4869244920009805, 4.476250562998757, 4.559223957003269, 4.48609543099883, 4.466614078999555], [24.036102474998188, 23.736433402998955, 23.68993498599957, 23.738367553996795, 23.79695347499728, 23.82321735399819, 23.9938845329998, 23.97649617800198, 23.800438325997675, 23.736417637999693]], "medians": [2461.7429230002017, 2474.0052044999175, 2635.843785998077, 4499.355187499532, 23798.695900497478], "lengs": [10.0, 100.0, 1000.0, 10000.0, 100000.0]}